source,split,country,position,token,count,rows
S1,test,France,first,maison,7386,259452
S1,test,France,first,ets,5258,259452
S1,test,France,first,établissements,5174,259452
S1,test,France,first,bordeaux,5169,259452
S1,test,France,first,centre,4711,259452
S1,test,France,first,école,4594,259452
S1,test,France,first,nantes,4465,259452
S1,test,France,first,lille,4204,259452
S1,test,France,first,association,4005,259452
S1,test,France,first,amicale,3909,259452
S1,test,France,first,fédération,3880,259452
S1,test,France,first,comité,3875,259452
S1,test,France,first,club,3814,259452
S1,test,France,first,union,3810,259452
S1,test,France,first,saint,2518,259452
S1,test,France,first,clinique,2416,259452
S1,test,France,first,lycée,2412,259452
S1,test,France,first,pharmacie,2382,259452
S1,test,France,first,ehpad,2378,259452
S1,test,France,first,institut,2377,259452
S1,test,France,first,collège,2370,259452
S1,test,France,first,la,2258,259452
S1,test,France,first,tourcoing,2174,259452
S1,test,France,first,dunkerque,2106,259452
S1,test,France,first,roubaix,2053,259452
S1,test,France,first,calais,1955,259452
S1,test,France,first,pessac,1468,259452
S1,test,France,first,deleves,1390,259452
S1,test,France,first,mérignac,1292,259452
S1,test,France,first,team,1099,259452
S1,test,France,first,chasse,1004,259452
S1,test,France,first,lège,989,259452
S1,test,France,first,pornic,977,259452
S1,test,France,first,communale,887,259452
S1,test,France,first,cercle,717,259452
S1,test,France,first,publique,628,259452
S1,test,France,first,nationale,602,259452
S1,test,France,first,sapeurs,566,259452
S1,test,France,first,defense,555,259452
S1,test,France,first,tennis,542,259452
S1,test,France,first,developpement,528,259452
S1,test,France,first,departemental,450,259452
S1,test,France,first,socio,432,259452
S1,test,France,first,departementale,421,259452
S1,test,France,first,financement,412,259452
S1,test,France,first,demployeurs,400,259452
S1,test,France,first,saad,399,259452
S1,test,France,first,personnel,383,259452
S1,test,France,first,privée,379,259452
S1,test,France,first,football,366,259452
S1,test,France,first,ensemble,365,259452
S1,test,France,first,chasseurs,363,259452
S1,test,France,first,lecole,361,259452
S1,test,France,first,solidarite,359,259452
S1,test,France,first,promotion,356,259452
S1,test,France,first,francaise,354,259452
S1,test,France,first,arts,351,259452
S1,test,France,first,eleves,343,259452
S1,test,France,first,art,342,259452
S1,test,France,first,commercants,338,259452
S1,test,France,first,formation,314,259452
S1,test,France,first,the,309,259452
S1,test,France,first,combattants,303,259452
S1,test,France,first,aide,298,259452
S1,test,France,first,locale,298,259452
S1,test,France,first,jeunesse,297,259452
S1,test,France,first,usep,297,259452
S1,test,France,first,locataires,295,259452
S1,test,France,first,enfants,293,259452
S1,test,France,first,sauvegarde,292,259452
S1,test,France,first,accueil,290,259452
S1,test,France,first,bureau,284,259452
S1,test,France,first,petanque,283,259452
S1,test,France,first,classe,281,259452
S1,test,France,first,familles,274,259452
S1,test,France,first,scolaire,270,259452
S1,test,France,first,sports,261,259452
S1,test,France,first,coeur,257,259452
S1,test,France,first,action,255,259452
S1,test,France,first,familiale,254,259452
S1,test,France,first,gymnastique,252,259452
S1,test,France,first,reseau,252,259452
S1,test,France,first,petits,251,259452
S1,test,France,first,lbm,250,259452
S1,test,France,first,bien,245,259452
S1,test,France,first,vie,243,259452
S1,test,France,first,etudiants,240,259452
S1,test,France,first,jardins,239,259452
S1,test,France,first,judo,239,259452
S1,test,France,first,vivre,236,259452
S1,test,France,first,laique,234,259452
S1,test,France,first,tous,230,259452
S1,test,France,first,latelier,225,259452
S1,test,France,first,moto,224,259452
S1,test,France,first,rural,220,259452
S1,test,France,first,recherche,219,259452
S1,test,France,first,4l,217,259452
S1,test,France,first,entente,216,259452
S1,test,France,first,jumelage,216,259452
S1,test,France,first,lassociation,216,259452
S1,test,France,first,organisme,216,259452
S1,test,France,first,regionale,216,259452
S1,test,France,first,boule,213,259452
S1,test,France,first,franco,212,259452
S1,test,France,first,eglise,209,259452
S1,test,France,first,soutien,205,259452
S1,test,France,first,local,201,259452
S1,test,France,last,sarl,73480,259452
S1,test,France,last,sas,52276,259452
S1,test,France,last,eurl,16979,259452
S1,test,France,last,sa,12753,259452
S1,test,France,last,sasu,10721,259452
S1,test,France,last,sci,8360,259452
S1,test,France,last,ei,4182,259452
S1,test,France,last,club,2619,259452
S1,test,France,last,jean,1713,259452
S1,test,France,last,france,1577,259452
S1,test,France,last,ecole,1481,259452
S1,test,France,last,amicale,1446,259452
S1,test,France,last,comite,1399,259452
S1,test,France,last,sainte,1304,259452
S1,test,France,last,sportive,1155,259452
S1,test,France,last,amis,961,259452
S1,test,France,last,pierre,957,259452
S1,test,France,last,cie,877,259452
S1,test,France,last,notre,848,259452
S1,test,France,last,centre,814,259452
S1,test,France,last,dame,764,259452
S1,test,France,last,frères,763,259452
S1,test,France,last,fils,762,259452
S1,test,France,last,parents,714,259452
S1,test,France,last,marie,703,259452
S1,test,France,last,union,645,259452
S1,test,France,last,paul,631,259452
S1,test,France,last,primaire,610,259452
S1,test,France,last,societe,570,259452
S1,test,France,last,fetes,561,259452
S1,test,France,last,martin,516,259452
S1,test,France,last,anciens,514,259452
S1,test,France,last,compagnie,509,259452
S1,test,France,last,pharmacie,509,259452
S1,test,France,last,joseph,499,259452
S1,test,France,last,loisirs,473,259452
S1,test,France,last,maison,472,259452
S1,test,France,last,louis,456,259452
S1,test,France,last,sante,447,259452
S1,test,France,last,deleves,411,259452
S1,test,France,last,culturelle,408,259452
S1,test,France,last,jacques,406,259452
S1,test,France,last,federation,399,259452
S1,test,France,last,college,397,259452
S1,test,France,last,groupement,395,259452
S1,test,France,last,maternelle,385,259452
S1,test,France,last,sport,385,259452
S1,test,France,last,jeunes,381,259452
S1,test,France,last,michel,379,259452
S1,test,France,last,georges,375,259452
S1,test,France,last,culture,347,259452
S1,test,France,last,foyer,323,259452
S1,test,France,last,team,323,259452
S1,test,France,last,section,320,259452
S1,test,France,last,chasse,316,259452
S1,test,France,last,groupe,301,259452
S1,test,France,last,jeanne,301,259452
S1,test,France,last,élémentaire,300,259452
S1,test,France,last,service,274,259452
S1,test,France,last,anne,266,259452
S1,test,France,last,collège,263,259452
S1,test,France,last,lycee,262,259452
S1,test,France,last,collectif,260,259452
S1,test,France,last,communale,259,259452
S1,test,France,last,vincent,250,259452
S1,test,France,last,andre,246,259452
S1,test,France,last,gestion,245,259452
S1,test,France,last,patrimoine,226,259452
S1,test,France,last,laurent,222,259452
S1,test,France,last,cercle,220,259452
S1,test,France,last,henri,218,259452
S1,test,France,last,defense,211,259452
S1,test,France,last,francois,208,259452
S1,test,France,last,institut,208,259452
S1,test,India,first,new,8174,809986
S1,test,India,first,shree,6415,809986
S1,test,India,first,mumbai,4517,809986
S1,test,India,first,india,4460,809986
S1,test,India,first,sai,4182,809986
S1,test,India,first,global,4169,809986
S1,test,India,first,green,3976,809986
S1,test,India,first,tech,3798,809986
S1,test,India,first,jai,3779,809986
S1,test,India,first,maa,3721,809986
S1,test,India,first,services,3639,809986
S1,test,India,first,om,3634,809986
S1,test,India,first,bangalore,3605,809986
S1,test,India,first,blue,3584,809986
S1,test,India,first,international,3558,809986
S1,test,India,first,sree,3520,809986
S1,test,India,first,royal,3514,809986
S1,test,India,first,golden,3480,809986
S1,test,India,first,star,3391,809986
S1,test,India,first,krishna,3379,809986
S1,test,India,first,ram,3320,809986
S1,test,India,first,indian,3289,809986
S1,test,India,first,united,3283,809986
S1,test,India,first,shiv,3279,809986
S1,test,India,first,east,3275,809986
S1,test,India,first,balaji,3265,809986
S1,test,India,first,south,3263,809986
S1,test,India,first,sun,3261,809986
S1,test,India,first,raj,3257,809986
S1,test,India,first,southern,3237,809986
S1,test,India,first,white,3234,809986
S1,test,India,first,real,3214,809986
S1,test,India,first,hari,3205,809986
S1,test,India,first,creative,3202,809986
S1,test,India,first,bharat,3198,809986
S1,test,India,first,one,3195,809986
S1,test,India,first,first,3193,809986
S1,test,India,first,prime,3185,809986
S1,test,India,first,big,3184,809986
S1,test,India,first,super,3178,809986
S1,test,India,first,red,3177,809986
S1,test,India,first,shyam,3177,809986
S1,test,India,first,al,3172,809986
S1,test,India,first,city,3170,809986
S1,test,India,first,aditya,3169,809986
S1,test,India,first,apex,3161,809986
S1,test,India,first,unique,3159,809986
S1,test,India,first,sky,3157,809986
S1,test,India,first,indo,3156,809986
S1,test,India,first,smart,3156,809986
S1,test,India,first,tirupati,3155,809986
S1,test,India,first,north,3152,809986
S1,test,India,first,surya,3149,809986
S1,test,India,first,future,3148,809986
S1,test,India,first,perfect,3147,809986
S1,test,India,first,shiva,3140,809986
S1,test,India,first,jain,3131,809986
S1,test,India,first,lakshmi,3130,809986
S1,test,India,first,anand,3126,809986
S1,test,India,first,jay,3122,809986
S1,test,India,first,life,3113,809986
S1,test,India,first,pioneer,3113,809986
S1,test,India,first,all,3112,809986
S1,test,India,first,best,3105,809986
S1,test,India,first,my,3105,809986
S1,test,India,first,laxmi,3101,809986
S1,test,India,first,ss,3099,809986
S1,test,India,first,hotel,3094,809986
S1,test,India,first,great,3089,809986
S1,test,India,first,bright,3087,809986
S1,test,India,first,hitech,3084,809986
S1,test,India,first,shakti,3080,809986
S1,test,India,first,silver,3080,809986
S1,test,India,first,vijay,3073,809986
S1,test,India,first,good,3071,809986
S1,test,India,first,black,3070,809986
S1,test,India,first,lotus,3069,809986
S1,test,India,first,dream,3066,809986
S1,test,India,first,guru,3063,809986
S1,test,India,first,digital,3060,809986
S1,test,India,first,modern,3060,809986
S1,test,India,first,premier,3060,809986
S1,test,India,first,baba,3055,809986
S1,test,India,first,vision,3055,809986
S1,test,India,first,dynamic,3053,809986
S1,test,India,first,bombay,3050,809986
S1,test,India,first,gold,3047,809986
S1,test,India,first,gujarat,3047,809986
S1,test,India,first,sunrise,3046,809986
S1,test,India,first,eastern,3045,809986
S1,test,India,first,innovative,3045,809986
S1,test,India,first,universal,3042,809986
S1,test,India,first,alpha,3038,809986
S1,test,India,first,seven,3035,809986
S1,test,India,first,supreme,3033,809986
S1,test,India,first,classic,3031,809986
S1,test,India,first,shivam,3013,809986
S1,test,India,first,galaxy,2995,809986
S1,test,India,first,high,2992,809986
S1,test,India,first,ace,2985,809986
S1,test,India,first,arihant,2975,809986
S1,test,India,first,urban,2968,809986
S1,test,India,first,swastik,2963,809986
S1,test,India,first,solutions,2929,809986
S1,test,India,first,fortune,2913,809986
S1,test,India,first,kolkata,2844,809986
S1,test,India,first,delhi,2722,809986
S1,test,India,first,pune,2480,809986
S1,test,India,first,technologies,2013,809986
S1,test,India,first,chennai,1876,809986
S1,test,India,first,hyderabad,1844,809986
S1,test,India,first,developers,1123,809986
S1,test,India,first,jaipur,1098,809986
S1,test,India,first,foundation,1095,809986
S1,test,India,first,industries,1014,809986
S1,test,India,first,ahmedabad,984,809986
S1,test,India,first,thane,966,809986
S1,test,India,first,marketing,929,809986
S1,test,India,first,lucknow,928,809986
S1,test,India,first,agro,914,809986
S1,test,India,first,engineering,851,809986
S1,test,India,first,trading,833,809986
S1,test,India,first,noida,820,809986
S1,test,India,first,infra,798,809986
S1,test,India,first,enterprises,792,809986
S1,test,India,first,foods,757,809986
S1,test,India,first,producer,736,809986
S1,test,India,first,management,721,809986
S1,test,India,first,consultants,711,809986
S1,test,India,first,products,705,809986
S1,test,India,first,projects,695,809986
S1,test,India,first,ventures,689,809986
S1,test,India,first,finance,669,809986
S1,test,India,first,systems,665,809986
S1,test,India,first,energy,659,809986
S1,test,India,first,ghaziabad,638,809986
S1,test,India,first,consultancy,623,809986
S1,test,India,first,media,616,809986
S1,test,India,first,infrastructure,610,809986
S1,test,India,first,builders,608,809986
S1,test,India,first,indore,606,809986
S1,test,India,first,surat,603,809986
S1,test,India,first,construction,601,809986
S1,test,India,first,technology,586,809986
S1,test,India,first,software,580,809986
S1,test,India,first,consulting,568,809986
S1,test,India,first,properties,562,809986
S1,test,India,first,gurgaon,544,809986
S1,test,India,first,exports,537,809986
S1,test,India,first,coimbatore,507,809986
S1,test,India,first,nagpur,490,809986
S1,test,India,first,bhubaneswar,488,809986
S1,test,India,first,healthcare,456,809986
S1,test,India,first,ahmadabad,437,809986
S1,test,India,first,patna,432,809986
S1,test,India,first,ernakulam,391,809986
S1,test,India,first,navi,340,809986
S1,test,India,first,faridabad,333,809986
S1,test,India,first,vadodara,331,809986
S1,test,India,first,nashik,307,809986
S1,test,India,first,thiruvananthapuram,307,809986
S1,test,India,first,haveli,284,809986
S1,test,India,first,bengaluru,275,809986
S1,test,India,first,secunderabad,273,809986
S1,test,India,first,rajkot,266,809986
S1,test,India,first,aurangabad,261,809986
S1,test,India,first,varanasi,259,809986
S1,test,India,first,malappuram,247,809986
S1,test,India,first,bhopal,244,809986
S1,test,India,first,agra,242,809986
S1,test,India,first,sr,234,809986
S1,test,India,first,rk,228,809986
S1,test,India,first,true,227,809986
S1,test,India,first,diamond,226,809986
S1,test,India,first,visakhapatnam,221,809986
S1,test,India,first,kozhikode,220,809986
S1,test,India,first,sk,220,809986
S1,test,India,first,kanpur,218,809986
S1,test,India,first,ms,214,809986
S1,test,India,first,tirumalagiri,214,809986
S1,test,India,first,mysore,212,809986
S1,test,India,first,power,211,809986
S1,test,India,first,indus,209,809986
S1,test,India,first,kalyan,206,809986
S1,test,India,first,sunshine,206,809986
S1,test,India,first,la,205,809986
S1,test,India,first,venus,202,809986
S1,test,India,first,yash,202,809986
S1,test,India,first,hindustan,201,809986
S1,test,India,last,limited,478384,809986
S1,test,India,last,ltd,133322,809986
S1,test,India,last,llp,35503,809986
S1,test,India,last,co,15572,809986
S1,test,India,last,trust,6720,809986
S1,test,India,last,corporation,6584,809986
S1,test,India,last,corp,6331,809986
S1,test,India,last,company,6192,809986
S1,test,India,last,group,5259,809986
S1,test,India,last,clinic,4572,809986
S1,test,India,last,society,4343,809986
S1,test,India,last,associates,4110,809986
S1,test,India,last,partners,4069,809986
S1,test,India,last,care,3353,809986
S1,test,India,last,school,3224,809986
S1,test,India,last,foundation,2932,809986
S1,test,India,last,center,2872,809986
S1,test,India,last,india,2385,809986
S1,test,India,last,technology,2281,809986
S1,test,India,last,sangh,2266,809986
S1,test,India,last,holdings,2229,809986
S1,test,India,last,samiti,2194,809986
S1,test,India,last,consultants,1865,809986
S1,test,India,last,consultancy,1846,809986
S1,test,India,last,hospital,1690,809986
S1,test,India,last,centre,1666,809986
S1,test,India,last,academy,1642,809986
S1,test,India,last,polytechnic,1632,809986
S1,test,India,last,institute,1626,809986
S1,test,India,last,vidyalaya,1604,809986
S1,test,India,last,college,1590,809986
S1,test,India,last,home,1578,809986
S1,test,India,last,enterprises,1452,809986
S1,test,India,last,trading,1347,809986
S1,test,India,last,ventures,1346,809986
S1,test,India,last,services,1342,809986
S1,test,India,last,brothers,1329,809986
S1,test,India,last,advisors,1242,809986
S1,test,India,last,solutions,1239,809986
S1,test,India,last,chambers,1179,809986
S1,test,India,last,technologies,1045,809986
S1,test,India,last,companies,822,809986
S1,test,India,last,developers,794,809986
S1,test,India,last,industries,785,809986
S1,test,India,last,marketing,780,809986
S1,test,India,last,traders,729,809986
S1,test,India,last,products,727,809986
S1,test,India,last,foods,721,809986
S1,test,India,last,management,717,809986
S1,test,India,last,sons,716,809986
S1,test,India,last,systems,714,809986
S1,test,India,last,infra,709,809986
S1,test,India,last,projects,700,809986
S1,test,India,last,agro,690,809986
S1,test,India,last,healthcare,680,809986
S1,test,India,last,engineering,678,809986
S1,test,India,last,producer,675,809986
S1,test,India,last,food,670,809986
S1,test,India,last,construction,669,809986
S1,test,India,last,logistics,664,809986
S1,test,India,last,global,663,809986
S1,test,India,last,media,656,809986
S1,test,India,last,finance,654,809986
S1,test,India,last,software,647,809986
S1,test,India,last,tech,644,809986
S1,test,India,last,it,642,809986
S1,test,India,last,infrastructure,641,809986
S1,test,India,last,international,641,809986
S1,test,India,last,builders,639,809986
S1,test,India,last,investments,638,809986
S1,test,India,last,hospitality,635,809986
S1,test,India,last,business,633,809986
S1,test,India,last,infotech,632,809986
S1,test,India,last,properties,631,809986
S1,test,India,last,estate,629,809986
S1,test,India,last,energy,627,809986
S1,test,India,last,exports,627,809986
S1,test,India,last,impex,622,809986
S1,test,India,last,investment,606,809986
S1,test,India,last,power,598,809986
S1,test,India,last,consulting,595,809986
S1,test,India,last,constructions,564,809986
S1,test,India,last,delhi,352,809986
S1,test,India,last,mumbai,242,809986
S1,test,US,first,pediatric,7621,663106
S1,test,US,first,family,3404,663106
S1,test,US,first,a,2941,663106
S1,test,US,first,surgical,2640,663106
S1,test,US,first,dermatology,2607,663106
S1,test,US,first,behavioral,2604,663106
S1,test,US,first,cardiology,2603,663106
S1,test,US,first,blue,2601,663106
S1,test,US,first,primary,2588,663106
S1,test,US,first,foot,2562,663106
S1,test,US,first,dental,2537,663106
S1,test,US,first,internal,2534,663106
S1,test,US,first,vision,2532,663106
S1,test,US,first,orthopedic,2521,663106
S1,test,US,first,eye,2509,663106
S1,test,US,first,ear,2503,663106
S1,test,US,first,urgent,2495,663106
S1,test,US,first,urology,2487,663106
S1,test,US,first,chiropractic,2477,663106
S1,test,US,first,oncology,2471,663106
S1,test,US,first,physical,2462,663106
S1,test,US,first,womens,2434,663106
S1,test,US,first,fresh,2237,663106
S1,test,US,first,silver,2227,663106
S1,test,US,first,bright,2224,663106
S1,test,US,first,regional,2205,663106
S1,test,US,first,golden,2198,663106
S1,test,US,first,atlantic,2056,663106
S1,test,US,first,continental,2027,663106
S1,test,US,first,global,2025,663106
S1,test,US,first,pacific,2018,663106
S1,test,US,first,cascade,2014,663106
S1,test,US,first,smith,1991,663106
S1,test,US,first,metropolitan,1952,663106
S1,test,US,first,heritage,1932,663106
S1,test,US,first,summit,1928,663106
S1,test,US,first,interstate,1924,663106
S1,test,US,first,allied,1922,663106
S1,test,US,first,federal,1911,663106
S1,test,US,first,national,1827,663106
S1,test,US,first,valley,1796,663106
S1,test,US,first,first,1779,663106
S1,test,US,first,rocky,1748,663106
S1,test,US,first,piedmont,1747,663106
S1,test,US,first,patriot,1731,663106
S1,test,US,first,metro,1724,663106
S1,test,US,first,american,1718,663106
S1,test,US,first,harbor,1715,663106
S1,test,US,first,frontier,1710,663106
S1,test,US,first,great,1701,663106
S1,test,US,first,highland,1697,663106
S1,test,US,first,united,1697,663106
S1,test,US,first,capital,1690,663106
S1,test,US,first,liberty,1689,663106
S1,test,US,first,ridge,1682,663106
S1,test,US,first,gulf,1675,663106
S1,test,US,first,colonial,1665,663106
S1,test,US,first,mountain,1664,663106
S1,test,US,first,prairie,1660,663106
S1,test,US,first,midwest,1658,663106
S1,test,US,first,premier,1650,663106
S1,test,US,first,empire,1649,663106
S1,test,US,first,delta,1640,663106
S1,test,US,first,johnson,1640,663106
S1,test,US,first,heartland,1639,663106
S1,test,US,first,tri,1636,663106
S1,test,US,first,bay,1628,663106
S1,test,US,first,coastal,1623,663106
S1,test,US,first,desert,1605,663106
S1,test,US,first,strategic,1573,663106
S1,test,US,first,green,1537,663106
S1,test,US,first,cornerstone,1527,663106
S1,test,US,first,integrated,1497,663106
S1,test,US,first,anchor,1487,663106
S1,test,US,first,horizon,1474,663106
S1,test,US,first,superior,1470,663106
S1,test,US,first,advanced,1469,663106
S1,test,US,first,pinnacle,1468,663106
S1,test,US,first,keystone,1452,663106
S1,test,US,first,beacon,1447,663106
S1,test,US,first,reliable,1437,663106
S1,test,US,first,dynamic,1434,663106
S1,test,US,first,precision,1433,663106
S1,test,US,first,vanguard,1430,663106
S1,test,US,first,apex,1425,663106
S1,test,US,first,sterling,1407,663106
S1,test,US,first,unified,1405,663106
S1,test,US,first,williams,1388,663106
S1,test,US,first,ace,1319,663106
S1,test,US,first,modern,1317,663106
S1,test,US,first,west,1288,663106
S1,test,US,first,total,1282,663106
S1,test,US,first,custom,1274,663106
S1,test,US,first,select,1274,663106
S1,test,US,first,clear,1268,663106
S1,test,US,first,creative,1259,663106
S1,test,US,first,innovative,1259,663106
S1,test,US,first,royal,1255,663106
S1,test,US,first,grand,1250,663106
S1,test,US,first,quality,1248,663106
S1,test,US,first,safe,1248,663106
S1,test,US,first,smart,1247,663106
S1,test,US,first,peak,1240,663106
S1,test,US,first,star,1240,663106
S1,test,US,first,clean,1238,663106
S1,test,US,first,value,1235,663106
S1,test,US,first,complete,1220,663106
S1,test,US,first,choice,1218,663106
S1,test,US,first,crystal,1214,663106
S1,test,US,first,secure,1213,663106
S1,test,US,first,signature,1213,663106
S1,test,US,first,jones,1208,663106
S1,test,US,first,legacy,1207,663106
S1,test,US,first,diamond,1203,663106
S1,test,US,first,platinum,1203,663106
S1,test,US,first,all,1200,663106
S1,test,US,first,rapid,1199,663106
S1,test,US,first,better,1198,663106
S1,test,US,first,pioneer,1195,663106
S1,test,US,first,certified,1191,663106
S1,test,US,first,classic,1188,663106
S1,test,US,first,express,1188,663106
S1,test,US,first,optimal,1186,663106
S1,test,US,first,preferred,1184,663106
S1,test,US,first,best,1179,663106
S1,test,US,first,trusted,1174,663106
S1,test,US,first,brown,1167,663106
S1,test,US,first,prime,1165,663106
S1,test,US,first,direct,1159,663106
S1,test,US,first,elite,1156,663106
S1,test,US,first,east,1150,663106
S1,test,US,first,big,1136,663106
S1,test,US,first,southern,1133,663106
S1,test,US,first,supreme,1129,663106
S1,test,US,first,upper,1112,663106
S1,test,US,first,north,1103,663106
S1,test,US,first,eastern,1101,663106
S1,test,US,first,south,1097,663106
S1,test,US,first,northern,1090,663106
S1,test,US,first,western,1082,663106
S1,test,US,first,little,1074,663106
S1,test,US,first,lower,1062,663106
S1,test,US,first,garcia,1031,663106
S1,test,US,first,main,1014,663106
S1,test,US,first,davis,999,663106
S1,test,US,first,urban,993,663106
S1,test,US,first,corner,984,663106
S1,test,US,first,cure,983,663106
S1,test,US,first,the,980,663106
S1,test,US,first,red,965,663106
S1,test,US,first,straight,963,663106
S1,test,US,first,maid,960,663106
S1,test,US,first,back,958,663106
S1,test,US,first,sweet,958,663106
S1,test,US,first,miller,946,663106
S1,test,US,first,cozy,942,663106
S1,test,US,first,twisted,934,663106
S1,test,US,first,downtown,933,663106
S1,test,US,first,happy,924,663106
S1,test,US,first,rev,914,663106
S1,test,US,first,youth,905,663106
S1,test,US,first,hernandez,901,663106
S1,test,US,first,community,897,663106
S1,test,US,first,uptown,880,663106
S1,test,US,first,rodriguez,859,663106
S1,test,US,first,lucky,858,663106
S1,test,US,first,department,851,663106
S1,test,US,first,martinez,843,663106
S1,test,US,first,office,826,663106
S1,test,US,first,board,817,663106
S1,test,US,first,commission,806,663106
S1,test,US,first,bureau,801,663106
S1,test,US,first,division,793,663106
S1,test,US,first,lopez,763,663106
S1,test,US,first,anderson,679,663106
S1,test,US,first,health,677,663106
S1,test,US,first,interfaith,664,663106
S1,test,US,first,wilson,655,663106
S1,test,US,first,thomas,653,663106
S1,test,US,first,housing,650,663106
S1,test,US,first,children,648,663106
S1,test,US,first,lee,636,663106
S1,test,US,first,gonzalez,634,663106
S1,test,US,first,heart,629,663106
S1,test,US,first,asset,627,663106
S1,test,US,first,taylor,626,663106
S1,test,US,first,hunger,625,663106
S1,test,US,first,human,624,663106
S1,test,US,first,education,609,663106
S1,test,US,first,memorial,609,663106
S1,test,US,first,scholarship,608,663106
S1,test,US,first,moore,607,663106
S1,test,US,first,wildlife,600,663106
S1,test,US,first,veterans,595,663106
S1,test,US,first,saint,594,663106
S1,test,US,first,environmental,593,663106
S1,test,US,first,cultural,590,663106
S1,test,US,first,perez,590,663106
S1,test,US,first,animal,589,663106
S1,test,US,first,autism,588,663106
S1,test,US,first,cancer,588,663106
S1,test,US,first,jackson,583,663106
S1,test,US,first,arts,579,663106
S1,test,US,first,martin,575,663106
S1,test,US,first,literacy,572,663106
S1,test,US,first,new,566,663106
S1,test,US,first,economic,565,663106
S1,test,US,first,historical,562,663106
S1,test,US,first,white,560,663106
S1,test,US,first,st,551,663106
S1,test,US,first,beth,522,663106
S1,test,US,first,thompson,520,663106
S1,test,US,first,harris,514,663106
S1,test,US,first,holy,512,663106
S1,test,US,first,trinity,512,663106
S1,test,US,first,congregation,502,663106
S1,test,US,first,q,498,663106
S1,test,US,first,grace,489,663106
S1,test,US,first,mount,487,663106
S1,test,US,first,v,485,663106
S1,test,US,first,n,482,663106
S1,test,US,first,t,482,663106
S1,test,US,first,temple,482,663106
S1,test,US,first,h,472,663106
S1,test,US,first,sanchez,471,663106
S1,test,US,first,ramirez,470,663106
S1,test,US,first,lewis,469,663106
S1,test,US,first,y,467,663106
S1,test,US,first,g,463,663106
S1,test,US,first,e,460,663106
S1,test,US,first,d,458,663106
S1,test,US,first,meridian,458,663106
S1,test,US,first,o,456,663106
S1,test,US,first,w,455,663106
S1,test,US,first,christ,451,663106
S1,test,US,first,j,451,663106
S1,test,US,first,l,451,663106
S1,test,US,first,i,448,663106
S1,test,US,first,r,448,663106
S1,test,US,first,u,448,663106
S1,test,US,first,k,445,663106
S1,test,US,first,p,444,663106
S1,test,US,first,clark,443,663106
S1,test,US,first,m,441,663106
S1,test,US,first,b,440,663106
S1,test,US,first,robinson,437,663106
S1,test,US,first,f,433,663106
S1,test,US,first,s,427,663106
S1,test,US,first,c,426,663106
S1,test,US,first,walker,423,663106
S1,test,US,first,z,414,663106
S1,test,US,first,king,405,663106
S1,test,US,first,young,403,663106
S1,test,US,first,x,402,663106
S1,test,US,first,torres,394,663106
S1,test,US,first,hill,392,663106
S1,test,US,first,wright,392,663106
S1,test,US,first,allen,384,663106
S1,test,US,first,adams,370,663106
S1,test,US,first,flores,366,663106
S1,test,US,first,scott,354,663106
S1,test,US,first,nguyen,343,663106
S1,test,US,first,nelson,337,663106
S1,test,US,first,baker,336,663106
S1,test,US,first,vega,336,663106
S1,test,US,first,mitchell,335,663106
S1,test,US,first,hall,332,663106
S1,test,US,first,carter,330,663106
S1,test,US,first,credit,321,663106
S1,test,US,first,gomez,318,663106
S1,test,US,first,diaz,315,663106
S1,test,US,first,1,313,663106
S1,test,US,first,rivera,313,663106
S1,test,US,first,morris,312,663106
S1,test,US,first,phillips,310,663106
S1,test,US,first,raven,307,663106
S1,test,US,first,campbell,305,663106
S1,test,US,first,electronic,304,663106
S1,test,US,first,roberts,304,663106
S1,test,US,first,data,298,663106
S1,test,US,first,cooperative,295,663106
S1,test,US,first,baptist,294,663106
S1,test,US,first,ironclad,294,663106
S1,test,US,first,mutual,294,663106
S1,test,US,first,aurora,288,663106
S1,test,US,first,evans,288,663106
S1,test,US,first,corporate,287,663106
S1,test,US,first,business,286,663106
S1,test,US,first,general,285,663106
S1,test,US,first,central,284,663106
S1,test,US,first,morgan,283,663106
S1,test,US,first,industrial,282,663106
S1,test,US,first,applied,281,663106
S1,test,US,first,diversified,279,663106
S1,test,US,first,standard,279,663106
S1,test,US,first,associated,277,663106
S1,test,US,first,collins,277,663106
S1,test,US,first,digital,277,663106
S1,test,US,first,solstice,276,663106
S1,test,US,first,international,275,663106
S1,test,US,first,falcon,274,663106
S1,test,US,first,turner,274,663106
S1,test,US,first,automated,273,663106
S1,test,US,first,universal,272,663106
S1,test,US,first,northwind,271,663106
S1,test,US,first,stewart,271,663106
S1,test,US,first,transcontinental,271,663106
S1,test,US,first,edwards,268,663106
S1,test,US,first,consolidated,266,663106
S1,test,US,first,cedar,265,663106
S1,test,US,first,cruz,265,663106
S1,test,US,first,parker,264,663106
S1,test,US,first,atlas,263,663106
S1,test,US,first,rogers,263,663106
S1,test,US,first,cardinal,262,663106
S1,test,US,first,sapphire,262,663106
S1,test,US,first,redwood,260,663106
S1,test,US,first,jasper,258,663106
S1,test,US,first,cobalt,257,663106
S1,test,US,first,morales,256,663106
S1,test,US,first,titan,256,663106
S1,test,US,first,flint,254,663106
S1,test,US,first,20,253,663106
S1,test,US,first,forge,253,663106
S1,test,US,first,kim,253,663106
S1,test,US,first,reed,251,663106
S1,test,US,first,zephyr,251,663106
S1,test,US,first,cinder,250,663106
S1,test,US,first,monarch,250,663106
S1,test,US,first,quartz,249,663106
S1,test,US,first,bailey,248,663106
S1,test,US,first,everest,248,663106
S1,test,US,first,gutierrez,247,663106
S1,test,US,first,willow,247,663106
S1,test,US,first,compass,244,663106
S1,test,US,first,osprey,244,663106
S1,test,US,first,murphy,242,663106
S1,test,US,first,stag,242,663106
S1,test,US,first,commercial,241,663106
S1,test,US,first,plumbers,241,663106
S1,test,US,first,slate,241,663106
S1,test,US,first,emerald,239,663106
S1,test,US,first,granite,238,663106
S1,test,US,first,vertex,238,663106
S1,test,US,first,city,236,663106
S1,test,US,first,birch,234,663106
S1,test,US,first,cooper,234,663106
S1,test,US,first,sirius,234,663106
S1,test,US,first,brooks,233,663106
S1,test,US,first,peterson,233,663106
S1,test,US,first,lynx,232,663106
S1,test,US,first,halcyon,231,663106
S1,test,US,first,basalt,230,663106
S1,test,US,first,ridgeline,230,663106
S1,test,US,first,wood,230,663106
S1,test,US,first,juniper,229,663106
S1,test,US,first,ortiz,228,663106
S1,test,US,first,bison,227,663106
S1,test,US,first,sequoia,227,663106
S1,test,US,first,zenith,227,663106
S1,test,US,first,kelly,226,663106
S1,test,US,first,nova,226,663106
S1,test,US,first,polaris,225,663106
S1,test,US,first,amber,224,663106
S1,test,US,first,bastion,224,663106
S1,test,US,first,cypress,224,663106
S1,test,US,first,electricians,223,663106
S1,test,US,first,howard,222,663106
S1,test,US,first,orion,222,663106
S1,test,US,first,washington,221,663106
S1,test,US,first,obsidian,219,663106
S1,test,US,first,24hr,218,663106
S1,test,US,first,teamsters,217,663106
S1,test,US,first,james,216,663106
S1,test,US,first,crestline,215,663106
S1,test,US,first,professional,215,663106
S1,test,US,first,patel,213,663106
S1,test,US,first,kestrel,212,663106
S1,test,US,first,aspen,211,663106
S1,test,US,first,lyra,211,663106
S1,test,US,first,onyx,211,663106
S1,test,US,first,patterson,211,663106
S1,test,US,first,sanders,211,663106
S1,test,US,first,anvil,210,663106
S1,test,US,first,carpenters,210,663106
S1,test,US,first,ember,210,663106
S1,test,US,first,gonzales,210,663106
S1,test,US,first,helios,210,663106
S1,test,US,first,myers,209,663106
S1,test,US,first,reyes,209,663106
S1,test,US,first,gray,208,663106
S1,test,US,first,ramos,208,663106
S1,test,US,first,richardson,207,663106
S1,test,US,first,timber,207,663106
S1,test,US,first,watson,207,663106
S1,test,US,first,cox,206,663106
S1,test,US,first,equinox,206,663106
S1,test,US,first,powell,206,663106
S1,test,US,first,longshoremen,205,663106
S1,test,US,first,bell,204,663106
S1,test,US,first,foundry,203,663106
S1,test,US,first,lantern,203,663106
S1,test,US,first,cook,202,663106
S1,test,US,first,citadel,201,663106
S1,test,US,last,llc,178355,663106
S1,test,US,last,inc,119196,663106
S1,test,US,last,c,22436,663106
S1,test,US,last,group,13453,663106
S1,test,US,last,corp,13450,663106
S1,test,US,last,pc,12930,663106
S1,test,US,last,pllc,10220,663106
S1,test,US,last,center,9599,663106
S1,test,US,last,associates,8828,663106
S1,test,US,last,lp,8345,663106
S1,test,US,last,partners,7558,663106
S1,test,US,last,clinic,6751,663106
S1,test,US,last,care,6674,663106
S1,test,US,last,co,4151,663106
S1,test,US,last,corporation,3404,663106
S1,test,US,last,holdings,2950,663106
S1,test,US,last,company,2732,663106
S1,test,US,last,church,2688,663106
S1,test,US,last,d,2345,663106
S1,test,US,last,medicine,2229,663106
S1,test,US,last,health,1894,663106
S1,test,US,last,specialists,1803,663106
S1,test,US,last,physicians,1608,663106
S1,test,US,last,association,1595,663106
S1,test,US,last,alliance,1551,663106
S1,test,US,last,ministries,1458,663106
S1,test,US,last,services,1438,663106
S1,test,US,last,fellowship,1402,663106
S1,test,US,last,trust,1368,663106
S1,test,US,last,ltd,1317,663106
S1,test,US,last,school,1277,663106
S1,test,US,last,academy,1270,663106
S1,test,US,last,works,1244,663106
S1,test,US,last,fund,1182,663106
S1,test,US,last,network,1152,663106
S1,test,US,last,institute,1138,663106
S1,test,US,last,council,1132,663106
S1,test,US,last,charities,1127,663106
S1,test,US,last,service,1118,663106
S1,test,US,last,foundation,1096,663106
S1,test,US,last,league,1087,663106
S1,test,US,last,initiative,1085,663106
S1,test,US,last,program,1084,663106
S1,test,US,last,project,1077,663106
S1,test,US,last,federation,1075,663106
S1,test,US,last,society,1070,663106
S1,test,US,last,coalition,1069,663106
S1,test,US,last,guild,1053,663106
S1,test,US,last,committee,1051,663106
S1,test,US,last,massage,941,663106
S1,test,US,last,deli,925,663106
S1,test,US,last,seafood,924,663106
S1,test,US,last,studio,920,663106
S1,test,US,last,cafe,913,663106
S1,test,US,last,grill,901,663106
S1,test,US,last,industries,901,663106
S1,test,US,last,ventures,900,663106
S1,test,US,last,bakery,873,663106
S1,test,US,last,shop,872,663106
S1,test,US,last,enterprises,866,663106
S1,test,US,last,w,862,663106
S1,test,US,last,solutions,861,663106
S1,test,US,last,pizza,858,663106
S1,test,US,last,a,849,663106
S1,test,US,last,do,846,663106
S1,test,US,last,esq,837,663106
S1,test,US,last,dds,827,663106
S1,test,US,last,s,824,663106
S1,test,US,last,o,819,663106
S1,test,US,last,dpm,817,663106
S1,test,US,last,dmd,816,663106
S1,test,US,last,pub,806,663106
S1,test,US,last,md,804,663106
S1,test,US,last,cpa,800,663106
S1,test,US,last,pilates,781,663106
S1,test,US,last,nails,780,663106
S1,test,US,last,hypnosis,778,663106
S1,test,US,last,tavern,778,663106
S1,test,US,last,coffee,774,663106
S1,test,US,last,diner,774,663106
S1,test,US,last,store,773,663106
S1,test,US,last,tattoo,753,663106
S1,test,US,last,body,752,663106
S1,test,US,last,practice,738,663106
S1,test,US,last,yoga,735,663106
S1,test,US,last,cream,728,663106
S1,test,US,last,bistro,717,663106
S1,test,US,last,worldwide,710,663106
S1,test,US,last,hospital,708,663106
S1,test,US,last,of,706,663106
S1,test,US,last,barbershop,700,663106
S1,test,US,last,digital,668,663106
S1,test,US,last,technology,668,663106
S1,test,US,last,global,665,663106
S1,test,US,last,international,659,663106
S1,test,US,last,cardiology,658,663106
S1,test,US,last,technologies,655,663106
S1,test,US,last,systems,647,663106
S1,test,US,last,pediatrics,626,663106
S1,test,US,last,networks,622,663106
S1,test,US,last,management,617,663106
S1,test,US,last,college,614,663106
S1,test,US,last,endocrinology,611,663106
S1,test,US,last,studios,610,663106
S1,test,US,last,iii,604,663106
S1,test,US,last,advisors,589,663106
S1,test,US,last,dynamics,575,663106
S1,test,US,last,laboratories,575,663106
S1,test,US,last,affairs,557,663106
S1,test,US,last,ii,554,663106
S1,test,US,last,iv,547,663106
S1,test,US,last,llp,534,663106
S1,test,US,last,consultants,531,663106
S1,test,US,last,vi,523,663106
S1,test,US,last,collective,520,663106
S1,test,US,last,concepts,505,663106
S1,test,US,last,v,498,663106
S1,test,US,last,therapy,492,663106
S1,test,US,last,union,483,663106
S1,test,US,last,brands,482,663106
S1,test,US,last,innovations,480,663106
S1,test,US,last,products,479,663106
S1,test,US,last,capital,476,663106
S1,test,US,last,realty,470,663106
S1,test,US,last,investments,459,663106
S1,test,US,last,city,452,663106
S1,test,US,last,labs,440,663106
S1,test,US,last,properties,430,663106
S1,test,US,last,chiropractic,423,663106
S1,test,US,last,israel,396,663106
S1,test,US,last,finance,385,663106
S1,test,US,last,housing,356,663106
S1,test,US,last,transportation,355,663106
S1,test,US,last,cathedral,342,663106
S1,test,US,last,education,341,663106
S1,test,US,last,synagogue,333,663106
S1,test,US,last,emanuel,330,663106
S1,test,US,last,chapel,329,663106
S1,test,US,last,zion,326,663106
S1,test,US,last,office,310,663106
S1,test,US,last,transport,302,663106
S1,test,US,last,fitness,295,663106
S1,test,US,last,sanitation,292,663106
S1,test,US,last,vehicles,289,663106
S1,test,US,last,protection,278,663106
S1,test,US,last,companies,275,663106
S1,test,US,last,labor,275,663106
S1,test,US,last,recreation,274,663106
S1,test,US,last,assets,273,663106
S1,test,US,last,fashion,268,663106
S1,test,US,last,all,267,663106
S1,test,US,last,buildings,267,663106
S1,test,US,last,aging,266,663106
S1,test,US,last,supply,266,663106
S1,test,US,last,restaurant,265,663106
S1,test,US,last,resources,256,663106
S1,test,US,last,chemical,250,663106
S1,test,US,last,foods,250,663106
S1,test,US,last,motors,249,663106
S1,test,US,last,trading,249,663106
S1,test,US,last,automotive,247,663106
S1,test,US,last,electronics,247,663106
S1,test,US,last,wellness,247,663106
S1,test,US,last,development,246,663106
S1,test,US,last,healthcare,246,663106
S1,test,US,last,software,243,663106
S1,test,US,last,county,239,663106
S1,test,US,last,glass,238,663106
S1,test,US,last,security,238,663106
S1,test,US,last,towing,238,663106
S1,test,US,last,freight,237,663106
S1,test,US,last,sciences,235,663106
S1,test,US,last,data,234,663106
S1,test,US,last,research,234,663106
S1,test,US,last,analytics,233,663106
S1,test,US,last,diagnostics,233,663106
S1,test,US,last,insurance,233,663106
S1,test,US,last,homecare,232,663106
S1,test,US,last,lending,232,663106
S1,test,US,last,wireless,232,663106
S1,test,US,last,communications,231,663106
S1,test,US,last,media,231,663106
S1,test,US,last,farms,230,663106
S1,test,US,last,spa,229,663106
S1,test,US,last,biotech,228,663106
S1,test,US,last,electric,228,663106
S1,test,US,last,logistics,228,663106
S1,test,US,last,hospitality,225,663106
S1,test,US,last,pharmaceuticals,223,663106
S1,test,US,last,retail,223,663106
S1,test,US,last,financial,220,663106
S1,test,US,last,manufacturing,220,663106
S1,test,US,last,entertainment,219,663106
S1,test,US,last,interests,216,663106
S1,test,US,last,consulting,215,663106
S1,test,US,last,petroleum,215,663106
S1,test,US,last,you,213,663106
S1,test,US,last,energy,211,663106
S1,test,US,last,medical,211,663106
S1,test,US,last,apartments,210,663106
S1,test,US,last,engineering,210,663106
S1,test,US,last,construction,207,663106
S1,test,US,last,mortgage,201,663106
S1,train,India,first,new,9048,883188
S1,train,India,first,shree,7046,883188
S1,train,India,first,india,4985,883188
S1,train,India,first,mumbai,4964,883188
S1,train,India,first,sai,4589,883188
S1,train,India,first,global,4487,883188
S1,train,India,first,green,4342,883188
S1,train,India,first,tech,4119,883188
S1,train,India,first,jai,4035,883188
S1,train,India,first,om,3981,883188
S1,train,India,first,blue,3954,883188
S1,train,India,first,international,3951,883188
S1,train,India,first,maa,3911,883188
S1,train,India,first,services,3857,883188
S1,train,India,first,bangalore,3830,883188
S1,train,India,first,royal,3812,883188
S1,train,India,first,golden,3769,883188
S1,train,India,first,balaji,3737,883188
S1,train,India,first,sree,3721,883188
S1,train,India,first,krishna,3720,883188
S1,train,India,first,star,3691,883188
S1,train,India,first,east,3680,883188
S1,train,India,first,sun,3634,883188
S1,train,India,first,indian,3588,883188
S1,train,India,first,super,3566,883188
S1,train,India,first,ram,3546,883188
S1,train,India,first,white,3524,883188
S1,train,India,first,raj,3518,883188
S1,train,India,first,aditya,3508,883188
S1,train,India,first,smart,3508,883188
S1,train,India,first,unique,3500,883188
S1,train,India,first,jay,3498,883188
S1,train,India,first,surya,3496,883188
S1,train,India,first,united,3493,883188
S1,train,India,first,future,3489,883188
S1,train,India,first,lakshmi,3488,883188
S1,train,India,first,north,3486,883188
S1,train,India,first,shiv,3481,883188
S1,train,India,first,city,3476,883188
S1,train,India,first,south,3474,883188
S1,train,India,first,hotel,3472,883188
S1,train,India,first,dream,3468,883188
S1,train,India,first,tirupati,3465,883188
S1,train,India,first,life,3456,883188
S1,train,India,first,al,3453,883188
S1,train,India,first,real,3451,883188
S1,train,India,first,shiva,3447,883188
S1,train,India,first,seven,3443,883188
S1,train,India,first,silver,3439,883188
S1,train,India,first,prime,3433,883188
S1,train,India,first,guru,3427,883188
S1,train,India,first,anand,3426,883188
S1,train,India,first,gold,3424,883188
S1,train,India,first,vision,3420,883188
S1,train,India,first,digital,3418,883188
S1,train,India,first,shakti,3414,883188
S1,train,India,first,my,3413,883188
S1,train,India,first,indo,3408,883188
S1,train,India,first,eastern,3406,883188
S1,train,India,first,baba,3399,883188
S1,train,India,first,high,3399,883188
S1,train,India,first,ace,3398,883188
S1,train,India,first,premier,3395,883188
S1,train,India,first,sky,3392,883188
S1,train,India,first,best,3389,883188
S1,train,India,first,galaxy,3388,883188
S1,train,India,first,laxmi,3387,883188
S1,train,India,first,bharat,3382,883188
S1,train,India,first,bombay,3382,883188
S1,train,India,first,creative,3381,883188
S1,train,India,first,dynamic,3378,883188
S1,train,India,first,first,3377,883188
S1,train,India,first,southern,3375,883188
S1,train,India,first,gujarat,3369,883188
S1,train,India,first,apex,3366,883188
S1,train,India,first,perfect,3363,883188
S1,train,India,first,innovative,3361,883188
S1,train,India,first,pioneer,3361,883188
S1,train,India,first,sunrise,3360,883188
S1,train,India,first,modern,3359,883188
S1,train,India,first,classic,3358,883188
S1,train,India,first,lotus,3342,883188
S1,train,India,first,red,3335,883188
S1,train,India,first,one,3327,883188
S1,train,India,first,hari,3326,883188
S1,train,India,first,all,3324,883188
S1,train,India,first,universal,3324,883188
S1,train,India,first,bright,3317,883188
S1,train,India,first,arihant,3313,883188
S1,train,India,first,big,3313,883188
S1,train,India,first,shivam,3306,883188
S1,train,India,first,solutions,3302,883188
S1,train,India,first,jain,3295,883188
S1,train,India,first,hitech,3293,883188
S1,train,India,first,black,3289,883188
S1,train,India,first,vijay,3287,883188
S1,train,India,first,shyam,3279,883188
S1,train,India,first,swastik,3279,883188
S1,train,India,first,fortune,3277,883188
S1,train,India,first,good,3274,883188
S1,train,India,first,alpha,3272,883188
S1,train,India,first,great,3250,883188
S1,train,India,first,supreme,3234,883188
S1,train,India,first,urban,3227,883188
S1,train,India,first,ss,3203,883188
S1,train,India,first,delhi,3010,883188
S1,train,India,first,kolkata,2999,883188
S1,train,India,first,pune,2741,883188
S1,train,India,first,technologies,2207,883188
S1,train,India,first,hyderabad,2042,883188
S1,train,India,first,chennai,2003,883188
S1,train,India,first,jaipur,1279,883188
S1,train,India,first,developers,1225,883188
S1,train,India,first,foundation,1146,883188
S1,train,India,first,thane,1128,883188
S1,train,India,first,marketing,1077,883188
S1,train,India,first,agro,1067,883188
S1,train,India,first,ahmedabad,1067,883188
S1,train,India,first,industries,1058,883188
S1,train,India,first,lucknow,1038,883188
S1,train,India,first,enterprises,927,883188
S1,train,India,first,engineering,921,883188
S1,train,India,first,infra,904,883188
S1,train,India,first,noida,888,883188
S1,train,India,first,trading,868,883188
S1,train,India,first,producer,848,883188
S1,train,India,first,management,811,883188
S1,train,India,first,foods,801,883188
S1,train,India,first,consultants,757,883188
S1,train,India,first,systems,754,883188
S1,train,India,first,energy,739,883188
S1,train,India,first,consultancy,734,883188
S1,train,India,first,finance,733,883188
S1,train,India,first,products,729,883188
S1,train,India,first,ventures,726,883188
S1,train,India,first,projects,703,883188
S1,train,India,first,technology,698,883188
S1,train,India,first,construction,683,883188
S1,train,India,first,builders,681,883188
S1,train,India,first,indore,677,883188
S1,train,India,first,ghaziabad,667,883188
S1,train,India,first,infrastructure,664,883188
S1,train,India,first,properties,629,883188
S1,train,India,first,media,623,883188
S1,train,India,first,consulting,609,883188
S1,train,India,first,surat,609,883188
S1,train,India,first,coimbatore,605,883188
S1,train,India,first,software,603,883188
S1,train,India,first,gurgaon,597,883188
S1,train,India,first,nagpur,593,883188
S1,train,India,first,healthcare,550,883188
S1,train,India,first,bhubaneswar,527,883188
S1,train,India,first,exports,527,883188
S1,train,India,first,patna,482,883188
S1,train,India,first,ernakulam,455,883188
S1,train,India,first,ahmadabad,434,883188
S1,train,India,first,vadodara,379,883188
S1,train,India,first,navi,348,883188
S1,train,India,first,faridabad,337,883188
S1,train,India,first,nashik,330,883188
S1,train,India,first,thiruvananthapuram,322,883188
S1,train,India,first,bengaluru,317,883188
S1,train,India,first,haveli,317,883188
S1,train,India,first,secunderabad,311,883188
S1,train,India,first,malappuram,307,883188
S1,train,India,first,rajkot,302,883188
S1,train,India,first,aurangabad,301,883188
S1,train,India,first,kozhikode,264,883188
S1,train,India,first,visakhapatnam,258,883188
S1,train,India,first,varanasi,256,883188
S1,train,India,first,true,249,883188
S1,train,India,first,rk,247,883188
S1,train,India,first,ganesh,246,883188
S1,train,India,first,agra,244,883188
S1,train,India,first,diamond,244,883188
S1,train,India,first,sk,243,883188
S1,train,India,first,divine,242,883188
S1,train,India,first,indus,240,883188
S1,train,India,first,elite,239,883188
S1,train,India,first,kalyan,239,883188
S1,train,India,first,kanpur,239,883188
S1,train,India,first,power,235,883188
S1,train,India,first,yash,235,883188
S1,train,India,first,venus,234,883188
S1,train,India,first,west,233,883188
S1,train,India,first,sr,232,883188
S1,train,India,first,sunshine,230,883188
S1,train,India,first,hindustan,226,883188
S1,train,India,first,tirumalagiri,226,883188
S1,train,India,first,ms,223,883188
S1,train,India,first,eco,220,883188
S1,train,India,first,la,220,883188
S1,train,India,first,mysore,218,883188
S1,train,India,first,madras,217,883188
S1,train,India,first,shaikpet,216,883188
S1,train,India,first,bhopal,215,883188
S1,train,India,first,gurugram,215,883188
S1,train,India,first,square,213,883188
S1,train,India,first,ganga,212,883188
S1,train,India,first,sea,212,883188
S1,train,India,first,ludhiana,209,883188
S1,train,India,first,rainbow,209,883188
S1,train,India,first,happy,207,883188
S1,train,India,first,rs,207,883188
S1,train,India,first,four,206,883188
S1,train,India,first,siddhi,205,883188
S1,train,India,first,rudra,204,883188
S1,train,India,first,bengal,203,883188
S1,train,India,first,asian,201,883188
S1,train,India,first,integrated,201,883188
S1,train,India,first,three,201,883188
S1,train,India,first,pragati,200,883188
S1,train,India,first,western,200,883188
S1,train,India,last,limited,521776,883188
S1,train,India,last,ltd,145937,883188
S1,train,India,last,llp,38639,883188
S1,train,India,last,co,16953,883188
S1,train,India,last,trust,7130,883188
S1,train,India,last,company,6918,883188
S1,train,India,last,corp,6833,883188
S1,train,India,last,corporation,6770,883188
S1,train,India,last,group,5924,883188
S1,train,India,last,society,4869,883188
S1,train,India,last,clinic,4778,883188
S1,train,India,last,associates,4580,883188
S1,train,India,last,partners,4564,883188
S1,train,India,last,care,3755,883188
S1,train,India,last,school,3404,883188
S1,train,India,last,center,3203,883188
S1,train,India,last,foundation,3198,883188
S1,train,India,last,india,2532,883188
S1,train,India,last,technology,2456,883188
S1,train,India,last,sangh,2420,883188
S1,train,India,last,holdings,2394,883188
S1,train,India,last,samiti,2319,883188
S1,train,India,last,consultants,2101,883188
S1,train,India,last,consultancy,1991,883188
S1,train,India,last,institute,1835,883188
S1,train,India,last,vidyalaya,1805,883188
S1,train,India,last,academy,1783,883188
S1,train,India,last,home,1776,883188
S1,train,India,last,hospital,1770,883188
S1,train,India,last,polytechnic,1769,883188
S1,train,India,last,college,1738,883188
S1,train,India,last,centre,1696,883188
S1,train,India,last,ventures,1666,883188
S1,train,India,last,enterprises,1598,883188
S1,train,India,last,services,1481,883188
S1,train,India,last,trading,1434,883188
S1,train,India,last,brothers,1432,883188
S1,train,India,last,solutions,1399,883188
S1,train,India,last,advisors,1325,883188
S1,train,India,last,chambers,1300,883188
S1,train,India,last,technologies,1078,883188
S1,train,India,last,industries,888,883188
S1,train,India,last,developers,881,883188
S1,train,India,last,companies,850,883188
S1,train,India,last,engineering,803,883188
S1,train,India,last,agro,800,883188
S1,train,India,last,sons,775,883188
S1,train,India,last,foods,770,883188
S1,train,India,last,management,768,883188
S1,train,India,last,traders,768,883188
S1,train,India,last,marketing,766,883188
S1,train,India,last,constructions,765,883188
S1,train,India,last,products,756,883188
S1,train,India,last,finance,752,883188
S1,train,India,last,healthcare,744,883188
S1,train,India,last,consulting,738,883188
S1,train,India,last,infrastructure,737,883188
S1,train,India,last,producer,736,883188
S1,train,India,last,infra,734,883188
S1,train,India,last,global,733,883188
S1,train,India,last,systems,731,883188
S1,train,India,last,international,730,883188
S1,train,India,last,construction,722,883188
S1,train,India,last,projects,722,883188
S1,train,India,last,energy,708,883188
S1,train,India,last,logistics,707,883188
S1,train,India,last,tech,705,883188
S1,train,India,last,exports,702,883188
S1,train,India,last,builders,699,883188
S1,train,India,last,media,690,883188
S1,train,India,last,properties,688,883188
S1,train,India,last,hospitality,686,883188
S1,train,India,last,power,681,883188
S1,train,India,last,investment,677,883188
S1,train,India,last,software,677,883188
S1,train,India,last,business,668,883188
S1,train,India,last,investments,666,883188
S1,train,India,last,it,660,883188
S1,train,India,last,estate,647,883188
S1,train,India,last,infotech,642,883188
S1,train,India,last,food,640,883188
S1,train,India,last,impex,625,883188
S1,train,India,last,delhi,371,883188
S1,train,India,last,mumbai,235,883188
S1,train,US,first,pediatric,15058,1323633
S1,train,US,first,family,6653,1323633
S1,train,US,first,a,5805,1323633
S1,train,US,first,blue,5189,1323633
S1,train,US,first,dermatology,5159,1323633
S1,train,US,first,eye,5155,1323633
S1,train,US,first,dental,5144,1323633
S1,train,US,first,physical,5137,1323633
S1,train,US,first,cardiology,5133,1323633
S1,train,US,first,ear,5097,1323633
S1,train,US,first,behavioral,5061,1323633
S1,train,US,first,foot,5058,1323633
S1,train,US,first,primary,5044,1323633
S1,train,US,first,vision,5043,1323633
S1,train,US,first,chiropractic,5022,1323633
S1,train,US,first,womens,4963,1323633
S1,train,US,first,orthopedic,4941,1323633
S1,train,US,first,surgical,4934,1323633
S1,train,US,first,oncology,4906,1323633
S1,train,US,first,internal,4888,1323633
S1,train,US,first,urgent,4833,1323633
S1,train,US,first,urology,4796,1323633
S1,train,US,first,regional,4503,1323633
S1,train,US,first,golden,4438,1323633
S1,train,US,first,fresh,4423,1323633
S1,train,US,first,silver,4364,1323633
S1,train,US,first,bright,4275,1323633
S1,train,US,first,smith,4128,1323633
S1,train,US,first,summit,4051,1323633
S1,train,US,first,continental,3991,1323633
S1,train,US,first,interstate,3946,1323633
S1,train,US,first,atlantic,3931,1323633
S1,train,US,first,cascade,3918,1323633
S1,train,US,first,global,3912,1323633
S1,train,US,first,metropolitan,3899,1323633
S1,train,US,first,allied,3888,1323633
S1,train,US,first,national,3844,1323633
S1,train,US,first,pacific,3832,1323633
S1,train,US,first,federal,3699,1323633
S1,train,US,first,heritage,3696,1323633
S1,train,US,first,first,3517,1323633
S1,train,US,first,rocky,3510,1323633
S1,train,US,first,valley,3481,1323633
S1,train,US,first,tri,3475,1323633
S1,train,US,first,american,3457,1323633
S1,train,US,first,capital,3456,1323633
S1,train,US,first,colonial,3424,1323633
S1,train,US,first,highland,3411,1323633
S1,train,US,first,liberty,3402,1323633
S1,train,US,first,frontier,3393,1323633
S1,train,US,first,harbor,3383,1323633
S1,train,US,first,delta,3371,1323633
S1,train,US,first,great,3367,1323633
S1,train,US,first,coastal,3366,1323633
S1,train,US,first,empire,3366,1323633
S1,train,US,first,metro,3366,1323633
S1,train,US,first,piedmont,3361,1323633
S1,train,US,first,ridge,3348,1323633
S1,train,US,first,johnson,3334,1323633
S1,train,US,first,prairie,3324,1323633
S1,train,US,first,bay,3311,1323633
S1,train,US,first,patriot,3308,1323633
S1,train,US,first,mountain,3286,1323633
S1,train,US,first,midwest,3283,1323633
S1,train,US,first,united,3279,1323633
S1,train,US,first,gulf,3255,1323633
S1,train,US,first,desert,3240,1323633
S1,train,US,first,heartland,3217,1323633
S1,train,US,first,premier,3135,1323633
S1,train,US,first,green,3113,1323633
S1,train,US,first,superior,3085,1323633
S1,train,US,first,anchor,3058,1323633
S1,train,US,first,vanguard,3027,1323633
S1,train,US,first,horizon,2979,1323633
S1,train,US,first,pinnacle,2970,1323633
S1,train,US,first,integrated,2968,1323633
S1,train,US,first,unified,2957,1323633
S1,train,US,first,cornerstone,2938,1323633
S1,train,US,first,sterling,2923,1323633
S1,train,US,first,advanced,2915,1323633
S1,train,US,first,precision,2908,1323633
S1,train,US,first,strategic,2897,1323633
S1,train,US,first,dynamic,2896,1323633
S1,train,US,first,keystone,2880,1323633
S1,train,US,first,reliable,2859,1323633
S1,train,US,first,beacon,2818,1323633
S1,train,US,first,apex,2754,1323633
S1,train,US,first,west,2678,1323633
S1,train,US,first,williams,2635,1323633
S1,train,US,first,safe,2624,1323633
S1,train,US,first,total,2597,1323633
S1,train,US,first,smart,2591,1323633
S1,train,US,first,select,2554,1323633
S1,train,US,first,legacy,2529,1323633
S1,train,US,first,optimal,2509,1323633
S1,train,US,first,custom,2506,1323633
S1,train,US,first,best,2494,1323633
S1,train,US,first,modern,2489,1323633
S1,train,US,first,quality,2489,1323633
S1,train,US,first,creative,2485,1323633
S1,train,US,first,certified,2484,1323633
S1,train,US,first,ace,2482,1323633
S1,train,US,first,platinum,2481,1323633
S1,train,US,first,prime,2481,1323633
S1,train,US,first,complete,2467,1323633
S1,train,US,first,grand,2465,1323633
S1,train,US,first,clean,2464,1323633
S1,train,US,first,secure,2458,1323633
S1,train,US,first,innovative,2446,1323633
S1,train,US,first,signature,2446,1323633
S1,train,US,first,peak,2444,1323633
S1,train,US,first,choice,2441,1323633
S1,train,US,first,star,2436,1323633
S1,train,US,first,value,2429,1323633
S1,train,US,first,classic,2425,1323633
S1,train,US,first,pioneer,2414,1323633
S1,train,US,first,clear,2413,1323633
S1,train,US,first,preferred,2405,1323633
S1,train,US,first,crystal,2404,1323633
S1,train,US,first,express,2403,1323633
S1,train,US,first,better,2401,1323633
S1,train,US,first,rapid,2401,1323633
S1,train,US,first,direct,2372,1323633
S1,train,US,first,trusted,2368,1323633
S1,train,US,first,royal,2366,1323633
S1,train,US,first,all,2343,1323633
S1,train,US,first,brown,2340,1323633
S1,train,US,first,diamond,2339,1323633
S1,train,US,first,jones,2338,1323633
S1,train,US,first,elite,2335,1323633
S1,train,US,first,big,2329,1323633
S1,train,US,first,supreme,2293,1323633
S1,train,US,first,east,2292,1323633
S1,train,US,first,south,2210,1323633
S1,train,US,first,north,2209,1323633
S1,train,US,first,western,2191,1323633
S1,train,US,first,little,2170,1323633
S1,train,US,first,northern,2118,1323633
S1,train,US,first,upper,2113,1323633
S1,train,US,first,southern,2081,1323633
S1,train,US,first,eastern,2063,1323633
S1,train,US,first,garcia,2027,1323633
S1,train,US,first,lower,2023,1323633
S1,train,US,first,cure,2017,1323633
S1,train,US,first,twisted,2013,1323633
S1,train,US,first,miller,1991,1323633
S1,train,US,first,main,1976,1323633
S1,train,US,first,cozy,1975,1323633
S1,train,US,first,urban,1968,1323633
S1,train,US,first,corner,1964,1323633
S1,train,US,first,sweet,1951,1323633
S1,train,US,first,maid,1933,1323633
S1,train,US,first,straight,1929,1323633
S1,train,US,first,lucky,1919,1323633
S1,train,US,first,the,1912,1323633
S1,train,US,first,rev,1910,1323633
S1,train,US,first,davis,1906,1323633
S1,train,US,first,red,1885,1323633
S1,train,US,first,back,1878,1323633
S1,train,US,first,downtown,1876,1323633
S1,train,US,first,happy,1876,1323633
S1,train,US,first,uptown,1851,1323633
S1,train,US,first,hernandez,1793,1323633
S1,train,US,first,community,1781,1323633
S1,train,US,first,youth,1768,1323633
S1,train,US,first,rodriguez,1750,1323633
S1,train,US,first,martinez,1747,1323633
S1,train,US,first,office,1683,1323633
S1,train,US,first,commission,1671,1323633
S1,train,US,first,board,1644,1323633
S1,train,US,first,bureau,1593,1323633
S1,train,US,first,department,1575,1323633
S1,train,US,first,division,1518,1323633
S1,train,US,first,gonzalez,1440,1323633
S1,train,US,first,lopez,1394,1323633
S1,train,US,first,anderson,1345,1323633
S1,train,US,first,taylor,1341,1323633
S1,train,US,first,heart,1313,1323633
S1,train,US,first,wilson,1307,1323633
S1,train,US,first,housing,1302,1323633
S1,train,US,first,interfaith,1293,1323633
S1,train,US,first,health,1275,1323633
S1,train,US,first,scholarship,1248,1323633
S1,train,US,first,literacy,1244,1323633
S1,train,US,first,human,1241,1323633
S1,train,US,first,children,1240,1323633
S1,train,US,first,martin,1237,1323633
S1,train,US,first,thomas,1234,1323633
S1,train,US,first,economic,1232,1323633
S1,train,US,first,asset,1225,1323633
S1,train,US,first,lee,1225,1323633
S1,train,US,first,jackson,1224,1323633
S1,train,US,first,wildlife,1214,1323633
S1,train,US,first,veterans,1197,1323633
S1,train,US,first,historical,1195,1323633
S1,train,US,first,hunger,1195,1323633
S1,train,US,first,cancer,1194,1323633
S1,train,US,first,memorial,1194,1323633
S1,train,US,first,education,1192,1323633
S1,train,US,first,autism,1188,1323633
S1,train,US,first,white,1186,1323633
S1,train,US,first,cultural,1182,1323633
S1,train,US,first,moore,1173,1323633
S1,train,US,first,arts,1170,1323633
S1,train,US,first,perez,1162,1323633
S1,train,US,first,environmental,1139,1323633
S1,train,US,first,saint,1128,1323633
S1,train,US,first,new,1127,1323633
S1,train,US,first,animal,1123,1323633
S1,train,US,first,thompson,1067,1323633
S1,train,US,first,sanchez,1062,1323633
S1,train,US,first,trinity,1047,1323633
S1,train,US,first,st,1045,1323633
S1,train,US,first,harris,1042,1323633
S1,train,US,first,v,1001,1323633
S1,train,US,first,n,1000,1323633
S1,train,US,first,grace,986,1323633
S1,train,US,first,h,986,1323633
S1,train,US,first,m,984,1323633
S1,train,US,first,mount,981,1323633
S1,train,US,first,temple,977,1323633
S1,train,US,first,o,968,1323633
S1,train,US,first,beth,966,1323633
S1,train,US,first,p,941,1323633
S1,train,US,first,g,938,1323633
S1,train,US,first,lewis,932,1323633
S1,train,US,first,j,926,1323633
S1,train,US,first,holy,923,1323633
S1,train,US,first,christ,922,1323633
S1,train,US,first,c,914,1323633
S1,train,US,first,clark,907,1323633
S1,train,US,first,w,906,1323633
S1,train,US,first,y,903,1323633
S1,train,US,first,e,898,1323633
S1,train,US,first,b,894,1323633
S1,train,US,first,z,887,1323633
S1,train,US,first,congregation,885,1323633
S1,train,US,first,f,885,1323633
S1,train,US,first,d,883,1323633
S1,train,US,first,q,881,1323633
S1,train,US,first,robinson,880,1323633
S1,train,US,first,s,880,1323633
S1,train,US,first,t,880,1323633
S1,train,US,first,meridian,874,1323633
S1,train,US,first,l,873,1323633
S1,train,US,first,i,870,1323633
S1,train,US,first,k,859,1323633
S1,train,US,first,ramirez,852,1323633
S1,train,US,first,x,846,1323633
S1,train,US,first,r,837,1323633
S1,train,US,first,u,821,1323633
S1,train,US,first,young,815,1323633
S1,train,US,first,wright,808,1323633
S1,train,US,first,walker,807,1323633
S1,train,US,first,king,804,1323633
S1,train,US,first,allen,781,1323633
S1,train,US,first,adams,761,1323633
S1,train,US,first,torres,752,1323633
S1,train,US,first,nguyen,720,1323633
S1,train,US,first,nelson,705,1323633
S1,train,US,first,hill,704,1323633
S1,train,US,first,flores,695,1323633
S1,train,US,first,campbell,672,1323633
S1,train,US,first,scott,672,1323633
S1,train,US,first,baker,651,1323633
S1,train,US,first,hall,640,1323633
S1,train,US,first,mitchell,624,1323633
S1,train,US,first,carter,620,1323633
S1,train,US,first,rivera,620,1323633
S1,train,US,first,vega,620,1323633
S1,train,US,first,diaz,596,1323633
S1,train,US,first,mutual,592,1323633
S1,train,US,first,gomez,584,1323633
S1,train,US,first,roberts,583,1323633
S1,train,US,first,data,580,1323633
S1,train,US,first,cedar,579,1323633
S1,train,US,first,associated,574,1323633
S1,train,US,first,industrial,574,1323633
S1,train,US,first,morris,572,1323633
S1,train,US,first,turner,572,1323633
S1,train,US,first,evans,571,1323633
S1,train,US,first,automated,567,1323633
S1,train,US,first,universal,567,1323633
S1,train,US,first,morgan,562,1323633
S1,train,US,first,collins,560,1323633
S1,train,US,first,central,559,1323633
S1,train,US,first,rogers,559,1323633
S1,train,US,first,general,558,1323633
S1,train,US,first,stewart,554,1323633
S1,train,US,first,international,545,1323633
S1,train,US,first,digital,544,1323633
S1,train,US,first,cruz,542,1323633
S1,train,US,first,electronic,538,1323633
S1,train,US,first,helios,535,1323633
S1,train,US,first,stag,533,1323633
S1,train,US,first,business,532,1323633
S1,train,US,first,sapphire,531,1323633
S1,train,US,first,credit,529,1323633
S1,train,US,first,1,526,1323633
S1,train,US,first,phillips,524,1323633
S1,train,US,first,standard,521,1323633
S1,train,US,first,baptist,520,1323633
S1,train,US,first,parker,518,1323633
S1,train,US,first,transcontinental,518,1323633
S1,train,US,first,aurora,516,1323633
S1,train,US,first,raven,516,1323633
S1,train,US,first,cooperative,514,1323633
S1,train,US,first,lynx,513,1323633
S1,train,US,first,atlas,512,1323633
S1,train,US,first,falcon,512,1323633
S1,train,US,first,diversified,511,1323633
S1,train,US,first,jasper,510,1323633
S1,train,US,first,solstice,508,1323633
S1,train,US,first,ironclad,507,1323633
S1,train,US,first,applied,506,1323633
S1,train,US,first,cardinal,506,1323633
S1,train,US,first,commercial,501,1323633
S1,train,US,first,corporate,500,1323633
S1,train,US,first,amber,499,1323633
S1,train,US,first,professional,495,1323633
S1,train,US,first,consolidated,493,1323633
S1,train,US,first,ridgeline,493,1323633
S1,train,US,first,ember,491,1323633
S1,train,US,first,slate,491,1323633
S1,train,US,first,edwards,489,1323633
S1,train,US,first,granite,488,1323633
S1,train,US,first,cinder,487,1323633
S1,train,US,first,kim,486,1323633
S1,train,US,first,nova,486,1323633
S1,train,US,first,reed,486,1323633
S1,train,US,first,wood,486,1323633
S1,train,US,first,20,484,1323633
S1,train,US,first,birch,484,1323633
S1,train,US,first,halcyon,484,1323633
S1,train,US,first,redwood,484,1323633
S1,train,US,first,murphy,482,1323633
S1,train,US,first,kestrel,481,1323633
S1,train,US,first,basalt,477,1323633
S1,train,US,first,gutierrez,475,1323633
S1,train,US,first,morales,474,1323633
S1,train,US,first,reyes,474,1323633
S1,train,US,first,crestline,473,1323633
S1,train,US,first,cobalt,472,1323633
S1,train,US,first,ortiz,472,1323633
S1,train,US,first,zenith,471,1323633
S1,train,US,first,flint,470,1323633
S1,train,US,first,james,470,1323633
S1,train,US,first,willow,470,1323633
S1,train,US,first,bastion,469,1323633
S1,train,US,first,northwind,466,1323633
S1,train,US,first,onyx,466,1323633
S1,train,US,first,howard,465,1323633
S1,train,US,first,richardson,464,1323633
S1,train,US,first,aspen,463,1323633
S1,train,US,first,forge,463,1323633
S1,train,US,first,kelly,463,1323633
S1,train,US,first,titan,462,1323633
S1,train,US,first,citadel,461,1323633
S1,train,US,first,sequoia,461,1323633
S1,train,US,first,sirius,460,1323633
S1,train,US,first,cypress,459,1323633
S1,train,US,first,washington,458,1323633
S1,train,US,first,compass,457,1323633
S1,train,US,first,zephyr,456,1323633
S1,train,US,first,cook,455,1323633
S1,train,US,first,steelworkers,454,1323633
S1,train,US,first,cooper,453,1323633
S1,train,US,first,cox,452,1323633
S1,train,US,first,emerald,452,1323633
S1,train,US,first,peterson,452,1323633
S1,train,US,first,vertex,449,1323633
S1,train,US,first,anvil,447,1323633
S1,train,US,first,equinox,445,1323633
S1,train,US,first,orion,442,1323633
S1,train,US,first,watson,441,1323633
S1,train,US,first,brooks,440,1323633
S1,train,US,first,lantern,439,1323633
S1,train,US,first,myers,439,1323633
S1,train,US,first,everest,438,1323633
S1,train,US,first,monarch,436,1323633
S1,train,US,first,quartz,435,1323633
S1,train,US,first,gray,434,1323633
S1,train,US,first,ross,434,1323633
S1,train,US,first,osprey,433,1323633
S1,train,US,first,lyra,431,1323633
S1,train,US,first,bailey,430,1323633
S1,train,US,first,plumbers,429,1323633
S1,train,US,first,obsidian,428,1323633
S1,train,US,first,24hr,425,1323633
S1,train,US,first,foundry,424,1323633
S1,train,US,first,juniper,424,1323633
S1,train,US,first,ward,424,1323633
S1,train,US,first,patel,423,1323633
S1,train,US,first,timber,423,1323633
S1,train,US,first,longshoremen,419,1323633
S1,train,US,first,price,412,1323633
S1,train,US,first,carpenters,411,1323633
S1,train,US,first,chavez,410,1323633
S1,train,US,first,sullivan,407,1323633
S1,train,US,first,electricians,406,1323633
S1,train,US,first,aguilar,404,1323633
S1,train,US,first,hughes,404,1323633
S1,train,US,first,ruiz,404,1323633
S1,train,US,first,ironworkers,402,1323633
S1,train,US,first,painters,401,1323633
S1,train,US,first,polaris,401,1323633
S1,train,US,first,city,400,1323633
S1,train,US,first,teamsters,400,1323633
S1,train,US,first,bison,399,1323633
S1,train,US,first,romero,399,1323633
S1,train,US,first,bricklayers,398,1323633
S1,train,US,first,medina,397,1323633
S1,train,US,first,bell,395,1323633
S1,train,US,first,hamilton,395,1323633
S1,train,US,first,powell,394,1323633
S1,train,US,first,sanders,394,1323633
S1,train,US,first,firefighters,392,1323633
S1,train,US,first,houston,388,1323633
S1,train,US,first,alvarez,387,1323633
S1,train,US,first,jimenez,386,1323633
S1,train,US,first,operating,386,1323633
S1,train,US,first,ramos,386,1323633
S1,train,US,first,long,384,1323633
S1,train,US,first,bennett,383,1323633
S1,train,US,first,henderson,381,1323633
S1,train,US,first,machinists,375,1323633
S1,train,US,first,perry,368,1323633
S1,train,US,first,super,368,1323633
S1,train,US,first,patterson,367,1323633
S1,train,US,first,simmons,366,1323633
S1,train,US,first,foster,363,1323633
S1,train,US,first,coleman,362,1323633
S1,train,US,first,moreno,362,1323633
S1,train,US,first,russell,356,1323633
S1,train,US,first,jordan,354,1323633
S1,train,US,first,gonzales,353,1323633
S1,train,US,first,laborers,351,1323633
S1,train,US,first,mendoza,350,1323633
S1,train,US,first,studio,349,1323633
S1,train,US,first,pipefitters,348,1323633
S1,train,US,first,vasquez,346,1323633
S1,train,US,first,alexander,345,1323633
S1,train,US,first,castillo,345,1323633
S1,train,US,first,6,343,1323633
S1,train,US,first,graham,343,1323633
S1,train,US,first,2,342,1323633
S1,train,US,first,cole,341,1323633
S1,train,US,first,3,329,1323633
S1,train,US,first,barnes,329,1323633
S1,train,US,first,fisher,329,1323633
S1,train,US,first,route,326,1323633
S1,train,US,first,9,325,1323633
S1,train,US,first,herrera,325,1323633
S1,train,US,first,ellis,323,1323633
S1,train,US,first,mcdonald,323,1323633
S1,train,US,first,wallace,323,1323633
S1,train,US,first,jenkins,322,1323633
S1,train,US,first,reynolds,322,1323633
S1,train,US,first,bryant,318,1323633
S1,train,US,first,gibson,317,1323633
S1,train,US,first,dixon,316,1323633
S1,train,US,first,griffin,316,1323633
S1,train,US,first,marshall,315,1323633
S1,train,US,first,ford,313,1323633
S1,train,US,first,butler,312,1323633
S1,train,US,first,mendez,312,1323633
S1,train,US,first,town,312,1323633
S1,train,US,first,castro,311,1323633
S1,train,US,first,harrison,309,1323633
S1,train,US,first,murray,307,1323633
S1,train,US,first,austin,306,1323633
S1,train,US,first,5,303,1323633
S1,train,US,first,7,303,1323633
S1,train,US,first,hicks,303,1323633
S1,train,US,first,hayes,302,1323633
S1,train,US,first,woods,302,1323633
S1,train,US,first,porter,301,1323633
S1,train,US,first,rose,301,1323633
S1,train,US,first,kennedy,294,1323633
S1,train,US,first,fernandez,293,1323633
S1,train,US,first,wells,293,1323633
S1,train,US,first,schmidt,292,1323633
S1,train,US,first,vargas,292,1323633
S1,train,US,first,8,290,1323633
S1,train,US,first,shaw,290,1323633
S1,train,US,first,warren,290,1323633
S1,train,US,first,munoz,288,1323633
S1,train,US,first,snyder,285,1323633
S1,train,US,first,freeman,282,1323633
S1,train,US,first,simpson,281,1323633
S1,train,US,first,mason,278,1323633
S1,train,US,first,nichols,278,1323633
S1,train,US,first,fox,277,1323633
S1,train,US,first,mills,277,1323633
S1,train,US,first,armstrong,276,1323633
S1,train,US,first,tran,276,1323633
S1,train,US,first,grant,275,1323633
S1,train,US,first,crawford,274,1323633
S1,train,US,first,guzman,274,1323633
S1,train,US,first,4,272,1323633
S1,train,US,first,meyer,271,1323633
S1,train,US,first,ryan,271,1323633
S1,train,US,first,silva,270,1323633
S1,train,US,first,olson,269,1323633
S1,train,US,first,stevens,268,1323633
S1,train,US,first,palmer,266,1323633
S1,train,US,first,robertson,266,1323633
S1,train,US,first,tucker,266,1323633
S1,train,US,first,kelley,264,1323633
S1,train,US,first,wagner,262,1323633
S1,train,US,first,webb,261,1323633
S1,train,US,first,burns,260,1323633
S1,train,US,first,guerrero,257,1323633
S1,train,US,first,owens,257,1323633
S1,train,US,first,montgomery,253,1323633
S1,train,US,first,hunt,250,1323633
S1,train,US,first,johnston,248,1323633
S1,train,US,first,henry,247,1323633
S1,train,US,first,holmes,247,1323633
S1,train,US,first,may,247,1323633
S1,train,US,first,soto,247,1323633
S1,train,US,first,george,245,1323633
S1,train,US,first,lane,245,1323633
S1,train,US,first,ray,245,1323633
S1,train,US,first,andrews,244,1323633
S1,train,US,first,harper,244,1323633
S1,train,US,first,gardner,241,1323633
S1,train,US,first,weaver,241,1323633
S1,train,US,first,boyd,240,1323633
S1,train,US,first,carroll,240,1323633
S1,train,US,first,chen,240,1323633
S1,train,US,first,franklin,240,1323633
S1,train,US,first,peters,240,1323633
S1,train,US,first,rice,240,1323633
S1,train,US,first,zion,240,1323633
S1,train,US,first,stone,239,1323633
S1,train,US,first,black,238,1323633
S1,train,US,first,cunningham,238,1323633
S1,train,US,first,hunter,238,1323633
S1,train,US,first,village,237,1323633
S1,train,US,first,greene,235,1323633
S1,train,US,first,nunez,235,1323633
S1,train,US,first,hoffman,234,1323633
S1,train,US,first,hudson,234,1323633
S1,train,US,first,stephens,234,1323633
S1,train,US,first,gordon,233,1323633
S1,train,US,first,payne,233,1323633
S1,train,US,first,ferguson,232,1323633
S1,train,US,first,pierce,231,1323633
S1,train,US,first,arnold,230,1323633
S1,train,US,first,daniels,230,1323633
S1,train,US,first,duncan,230,1323633
S1,train,US,first,lawrence,230,1323633
S1,train,US,first,bradley,229,1323633
S1,train,US,first,burke,229,1323633
S1,train,US,first,hawkins,229,1323633
S1,train,US,first,perkins,229,1323633
S1,train,US,first,larson,228,1323633
S1,train,US,first,spencer,224,1323633
S1,train,US,first,burton,223,1323633
S1,train,US,first,hart,223,1323633
S1,train,US,first,knight,223,1323633
S1,train,US,first,obrien,223,1323633
S1,train,US,first,berry,222,1323633
S1,train,US,first,elliott,220,1323633
S1,train,US,first,vazquez,220,1323633
S1,train,US,first,chapman,219,1323633
S1,train,US,first,rios,219,1323633
S1,train,US,first,sandoval,218,1323633
S1,train,US,first,willis,217,1323633
S1,train,US,first,richards,215,1323633
S1,train,US,first,figueroa,214,1323633
S1,train,US,first,le,214,1323633
S1,train,US,first,lara,212,1323633
S1,train,US,first,solis,212,1323633
S1,train,US,first,valdez,211,1323633
S1,train,US,first,lawson,210,1323633
S1,train,US,first,riley,210,1323633
S1,train,US,first,harvey,209,1323633
S1,train,US,first,garza,208,1323633
S1,train,US,first,ortega,206,1323633
S1,train,US,first,gilbert,203,1323633
S1,train,US,first,delgado,202,1323633
S1,train,US,first,fields,202,1323633
S1,train,US,first,lucas,201,1323633
S1,train,US,first,fort,200,1323633
S1,train,US,first,phoenix,200,1323633
S1,train,US,first,salazar,200,1323633
S1,train,US,first,singh,200,1323633
S1,train,US,first,wade,200,1323633
S1,train,US,last,llc,355725,1323633
S1,train,US,last,inc,238306,1323633
S1,train,US,last,c,45556,1323633
S1,train,US,last,corp,26928,1323633
S1,train,US,last,group,26754,1323633
S1,train,US,last,pc,25821,1323633
S1,train,US,last,pllc,20531,1323633
S1,train,US,last,center,19066,1323633
S1,train,US,last,associates,17585,1323633
S1,train,US,last,lp,16477,1323633
S1,train,US,last,partners,14787,1323633
S1,train,US,last,clinic,13329,1323633
S1,train,US,last,care,13090,1323633
S1,train,US,last,co,8238,1323633
S1,train,US,last,corporation,6770,1323633
S1,train,US,last,holdings,5915,1323633
S1,train,US,last,company,5398,1323633
S1,train,US,last,church,5113,1323633
S1,train,US,last,d,5015,1323633
S1,train,US,last,medicine,4467,1323633
S1,train,US,last,health,3871,1323633
S1,train,US,last,specialists,3565,1323633
S1,train,US,last,physicians,3291,1323633
S1,train,US,last,association,3141,1323633
S1,train,US,last,alliance,3077,1323633
S1,train,US,last,fellowship,2868,1323633
S1,train,US,last,ministries,2854,1323633
S1,train,US,last,services,2836,1323633
S1,train,US,last,trust,2794,1323633
S1,train,US,last,ltd,2658,1323633
S1,train,US,last,works,2513,1323633
S1,train,US,last,school,2509,1323633
S1,train,US,last,academy,2384,1323633
S1,train,US,last,fund,2339,1323633
S1,train,US,last,network,2332,1323633
S1,train,US,last,service,2312,1323633
S1,train,US,last,institute,2255,1323633
S1,train,US,last,coalition,2238,1323633
S1,train,US,last,league,2194,1323633
S1,train,US,last,charities,2193,1323633
S1,train,US,last,council,2183,1323633
S1,train,US,last,initiative,2174,1323633
S1,train,US,last,federation,2171,1323633
S1,train,US,last,program,2171,1323633
S1,train,US,last,guild,2159,1323633
S1,train,US,last,society,2155,1323633
S1,train,US,last,project,2128,1323633
S1,train,US,last,committee,2116,1323633
S1,train,US,last,foundation,2115,1323633
S1,train,US,last,deli,1988,1323633
S1,train,US,last,massage,1949,1323633
S1,train,US,last,seafood,1911,1323633
S1,train,US,last,studio,1901,1323633
S1,train,US,last,grill,1842,1323633
S1,train,US,last,pizza,1836,1323633
S1,train,US,last,shop,1827,1323633
S1,train,US,last,cafe,1811,1323633
S1,train,US,last,bakery,1746,1323633
S1,train,US,last,dpm,1741,1323633
S1,train,US,last,w,1738,1323633
S1,train,US,last,ventures,1731,1323633
S1,train,US,last,do,1712,1323633
S1,train,US,last,a,1691,1323633
S1,train,US,last,industries,1680,1323633
S1,train,US,last,o,1662,1323633
S1,train,US,last,md,1657,1323633
S1,train,US,last,solutions,1657,1323633
S1,train,US,last,dmd,1644,1323633
S1,train,US,last,dds,1633,1323633
S1,train,US,last,cpa,1626,1323633
S1,train,US,last,esq,1625,1323633
S1,train,US,last,enterprises,1614,1323633
S1,train,US,last,body,1613,1323633
S1,train,US,last,tavern,1588,1323633
S1,train,US,last,s,1586,1323633
S1,train,US,last,barbershop,1567,1323633
S1,train,US,last,coffee,1567,1323633
S1,train,US,last,hypnosis,1562,1323633
S1,train,US,last,diner,1558,1323633
S1,train,US,last,practice,1526,1323633
S1,train,US,last,store,1526,1323633
S1,train,US,last,tattoo,1502,1323633
S1,train,US,last,cream,1492,1323633
S1,train,US,last,yoga,1487,1323633
S1,train,US,last,hospital,1486,1323633
S1,train,US,last,pub,1485,1323633
S1,train,US,last,pilates,1484,1323633
S1,train,US,last,nails,1463,1323633
S1,train,US,last,bistro,1455,1323633
S1,train,US,last,global,1376,1323633
S1,train,US,last,worldwide,1371,1323633
S1,train,US,last,international,1369,1323633
S1,train,US,last,technology,1369,1323633
S1,train,US,last,of,1364,1323633
S1,train,US,last,networks,1319,1323633
S1,train,US,last,systems,1315,1323633
S1,train,US,last,college,1277,1323633
S1,train,US,last,digital,1276,1323633
S1,train,US,last,laboratories,1274,1323633
S1,train,US,last,technologies,1271,1323633
S1,train,US,last,studios,1257,1323633
S1,train,US,last,cardiology,1256,1323633
S1,train,US,last,endocrinology,1230,1323633
S1,train,US,last,pediatrics,1223,1323633
S1,train,US,last,iii,1211,1323633
S1,train,US,last,management,1205,1323633
S1,train,US,last,consultants,1171,1323633
S1,train,US,last,advisors,1118,1323633
S1,train,US,last,iv,1101,1323633
S1,train,US,last,llp,1086,1323633
S1,train,US,last,vi,1076,1323633
S1,train,US,last,affairs,1044,1323633
S1,train,US,last,v,1037,1323633
S1,train,US,last,dynamics,1036,1323633
S1,train,US,last,ii,1035,1323633
S1,train,US,last,therapy,1005,1323633
S1,train,US,last,concepts,988,1323633
S1,train,US,last,labs,977,1323633
S1,train,US,last,collective,968,1323633
S1,train,US,last,innovations,943,1323633
S1,train,US,last,union,943,1323633
S1,train,US,last,products,937,1323633
S1,train,US,last,properties,926,1323633
S1,train,US,last,brands,911,1323633
S1,train,US,last,capital,891,1323633
S1,train,US,last,investments,890,1323633
S1,train,US,last,city,870,1323633
S1,train,US,last,realty,846,1323633
S1,train,US,last,chiropractic,821,1323633
S1,train,US,last,israel,793,1323633
S1,train,US,last,transportation,777,1323633
S1,train,US,last,finance,730,1323633
S1,train,US,last,education,704,1323633
S1,train,US,last,zion,692,1323633
S1,train,US,last,chapel,672,1323633
S1,train,US,last,housing,663,1323633
S1,train,US,last,synagogue,654,1323633
S1,train,US,last,cathedral,652,1323633
S1,train,US,last,transport,632,1323633
S1,train,US,last,emanuel,623,1323633
S1,train,US,last,fitness,621,1323633
S1,train,US,last,aging,564,1323633
S1,train,US,last,sanitation,563,1323633
S1,train,US,last,companies,562,1323633
S1,train,US,last,recreation,559,1323633
S1,train,US,last,vehicles,554,1323633
S1,train,US,last,assets,551,1323633
S1,train,US,last,office,547,1323633
S1,train,US,last,buildings,539,1323633
S1,train,US,last,all,536,1323633
S1,train,US,last,county,530,1323633
S1,train,US,last,supply,517,1323633
S1,train,US,last,spa,507,1323633
S1,train,US,last,development,506,1323633
S1,train,US,last,fashion,504,1323633
S1,train,US,last,labor,502,1323633
S1,train,US,last,freight,500,1323633
S1,train,US,last,protection,500,1323633
S1,train,US,last,trading,492,1323633
S1,train,US,last,electronics,490,1323633
S1,train,US,last,restaurant,490,1323633
S1,train,US,last,foods,486,1323633
S1,train,US,last,research,485,1323633
S1,train,US,last,mortgage,483,1323633
S1,train,US,last,resources,483,1323633
S1,train,US,last,engineering,482,1323633
S1,train,US,last,hospitality,481,1323633
S1,train,US,last,wireless,479,1323633
S1,train,US,last,media,478,1323633
S1,train,US,last,medical,478,1323633
S1,train,US,last,financial,472,1323633
S1,train,US,last,analytics,471,1323633
S1,train,US,last,sciences,466,1323633
S1,train,US,last,chemical,465,1323633
S1,train,US,last,construction,463,1323633
S1,train,US,last,communications,461,1323633
S1,train,US,last,diagnostics,461,1323633
S1,train,US,last,electric,460,1323633
S1,train,US,last,insurance,460,1323633
S1,train,US,last,consulting,457,1323633
S1,train,US,last,glass,455,1323633
S1,train,US,last,biotech,454,1323633
S1,train,US,last,energy,454,1323633
S1,train,US,last,wellness,454,1323633
S1,train,US,last,healthcare,453,1323633
S1,train,US,last,logistics,450,1323633
S1,train,US,last,petroleum,448,1323633
S1,train,US,last,security,448,1323633
S1,train,US,last,automotive,447,1323633
S1,train,US,last,data,445,1323633
S1,train,US,last,software,445,1323633
S1,train,US,last,farms,443,1323633
S1,train,US,last,homecare,443,1323633
S1,train,US,last,manufacturing,443,1323633
S1,train,US,last,lending,441,1323633
S1,train,US,last,entertainment,440,1323633
S1,train,US,last,motors,440,1323633
S1,train,US,last,pharmaceuticals,437,1323633
S1,train,US,last,towing,431,1323633
S1,train,US,last,apartments,429,1323633
S1,train,US,last,retail,419,1323633
S1,train,US,last,you,403,1323633
S1,train,US,last,interests,401,1323633
S1,train,US,last,appliance,383,1323633
S1,train,US,last,smith,371,1323633
S1,train,US,last,salon,357,1323633
S1,train,US,last,design,353,1323633
S1,train,US,last,jewelers,352,1323633
S1,train,US,last,detailing,351,1323633
S1,train,US,last,grading,348,1323633
S1,train,US,last,contracting,341,1323633
S1,train,US,last,distribution,341,1323633
S1,train,US,last,catering,340,1323633
S1,train,US,last,painting,339,1323633
S1,train,US,last,point,338,1323633
S1,train,US,last,roofing,338,1323633
S1,train,US,last,it,333,1323633
S1,train,US,last,brewing,332,1323633
S1,train,US,last,cargo,332,1323633
S1,train,US,last,publishing,331,1323633
S1,train,US,last,meridian,330,1323633
S1,train,US,last,excavation,329,1323633
S1,train,US,last,couture,328,1323633
S1,train,US,last,printing,328,1323633
S1,train,US,last,star,327,1323633
S1,train,US,last,brokerage,326,1323633
S1,train,US,last,architecture,325,1323633
S1,train,US,last,boutique,325,1323633
S1,train,US,last,cleaning,323,1323633
S1,train,US,last,agriculture,320,1323633
S1,train,US,last,installation,320,1323633
S1,train,US,last,textiles,320,1323633
S1,train,US,last,advertising,319,1323633
S1,train,US,last,apparel,319,1323633
S1,train,US,last,graphics,319,1323633
S1,train,US,last,landscaping,318,1323633
S1,train,US,last,tax,318,1323633
S1,train,US,last,couriers,317,1323633
S1,train,US,last,advisory,314,1323633
S1,train,US,last,plumbing,314,1323633
S1,train,US,last,signs,314,1323633
S1,train,US,last,cosmetics,312,1323633
S1,train,US,last,improvements,312,1323633
S1,train,US,last,productions,312,1323633
S1,train,US,last,liquor,309,1323633
S1,train,US,last,produce,309,1323633
S1,train,US,last,marketing,308,1323633
S1,train,US,last,maintenance,307,1323633
S1,train,US,last,electrical,305,1323633
S1,train,US,last,interiors,305,1323633
S1,train,US,last,repair,305,1323633
S1,train,US,last,wholesale,304,1323633
S1,train,US,last,recruiting,299,1323633
S1,train,US,last,staffing,298,1323633
S1,train,US,last,sales,296,1323633
S1,train,US,last,fisheries,294,1323633
S1,train,US,last,accounting,293,1323633
S1,train,US,last,chicago,288,1323633
S1,train,US,last,dental,286,1323633
S1,train,US,last,phoenix,284,1323633
S1,train,US,last,johnson,279,1323633
S1,train,US,last,williams,272,1323633
S1,train,US,last,hill,261,1323633
S1,train,US,last,titan,259,1323633
S1,train,US,last,brown,256,1323633
S1,train,US,last,aspen,248,1323633
S1,train,US,last,jones,246,1323633
S1,train,US,last,sterling,246,1323633
S1,train,US,last,valley,242,1323633
S1,train,US,last,jackson,240,1323633
S1,train,US,last,park,240,1323633
S1,train,US,last,nova,239,1323633
S1,train,US,last,aurora,238,1323633
S1,train,US,last,granite,237,1323633
S1,train,US,last,osprey,234,1323633
S1,train,US,last,summit,234,1323633
S1,train,US,last,compass,233,1323633
S1,train,US,last,columbus,232,1323633
S1,train,US,last,redwood,230,1323633
S1,train,US,last,lake,222,1323633
S1,train,US,last,orion,222,1323633
S1,train,US,last,pinnacle,213,1323633
S1,train,US,last,apex,208,1323633
S1,train,US,last,hills,205,1323633
S1,train,US,last,atlas,204,1323633
S1,train,US,last,hall,203,1323633
S1,train,US,last,boston,201,1323633
S2,test,France,first,maison,16469,703378
S2,test,France,first,sarl,13978,703378
S2,test,France,first,ets,12098,703378
S2,test,France,first,bordeaux,11829,703378
S2,test,France,first,établissements,11721,703378
S2,test,France,first,nantes,10268,703378
S2,test,France,first,club,10034,703378
S2,test,France,first,lille,9778,703378
S2,test,France,first,centre,9761,703378
S2,test,France,first,amicale,9727,703378
S2,test,France,first,union,9450,703378
S2,test,France,first,sas,9419,703378
S2,test,France,first,association,9342,703378
S2,test,France,first,école,9307,703378
S2,test,France,first,fédération,9189,703378
S2,test,France,first,comité,9175,703378
S2,test,France,first,saint,5902,703378
S2,test,France,first,la,5355,703378
S2,test,France,first,pharmacie,5060,703378
S2,test,France,first,tourcoing,5051,703378
S2,test,France,first,lycée,5032,703378
S2,test,France,first,collège,5021,703378
S2,test,France,first,clinique,4923,703378
S2,test,France,first,dunkerque,4918,703378
S2,test,France,first,institut,4845,703378
S2,test,France,first,roubaix,4688,703378
S2,test,France,first,ehpad,4655,703378
S2,test,France,first,calais,4487,703378
S2,test,France,first,s,3631,703378
S2,test,France,first,eurl,3594,703378
S2,test,France,first,pessac,3365,703378
S2,test,France,first,deleves,3180,703378
S2,test,France,first,sa,2987,703378
S2,test,France,first,mérignac,2968,703378
S2,test,France,first,sasu,2577,703378
S2,test,France,first,team,2519,703378
S2,test,France,first,pornic,2274,703378
S2,test,France,first,chasse,2272,703378
S2,test,France,first,lège,2261,703378
S2,test,France,first,sci,2208,703378
S2,test,France,first,communale,2068,703378
S2,test,France,first,cercle,1675,703378
S2,test,France,first,publique,1441,703378
S2,test,France,first,nationale,1388,703378
S2,test,France,first,defense,1286,703378
S2,test,France,first,sapeurs,1286,703378
S2,test,France,first,tennis,1261,703378
S2,test,France,first,developpement,1233,703378
S2,test,France,first,departemental,1076,703378
S2,test,France,first,socio,1018,703378
S2,test,France,first,financement,983,703378
S2,test,France,first,departementale,950,703378
S2,test,France,first,demployeurs,901,703378
S2,test,France,first,saad,901,703378
S2,test,France,first,lecole,878,703378
S2,test,France,first,chasseurs,876,703378
S2,test,France,first,solidarite,861,703378
S2,test,France,first,privée,860,703378
S2,test,France,first,personnel,846,703378
S2,test,France,first,promotion,845,703378
S2,test,France,first,ensemble,836,703378
S2,test,France,first,football,833,703378
S2,test,France,first,arts,820,703378
S2,test,France,first,francaise,813,703378
S2,test,France,first,sàrl,791,703378
S2,test,France,first,eleves,789,703378
S2,test,France,first,snc,789,703378
S2,test,France,first,ei,778,703378
S2,test,France,first,art,774,703378
S2,test,France,first,commercants,748,703378
S2,test,France,first,e,746,703378
S2,test,France,first,usep,745,703378
S2,test,France,first,the,744,703378
S2,test,France,first,locale,743,703378
S2,test,France,first,jeunesse,734,703378
S2,test,France,first,formation,730,703378
S2,test,France,first,combattants,721,703378
S2,test,France,first,enfants,715,703378
S2,test,France,first,locataires,713,703378
S2,test,France,first,france,711,703378
S2,test,France,first,ecole,704,703378
S2,test,France,first,groupe,698,703378
S2,test,France,first,de,696,703378
S2,test,France,first,sauvegarde,692,703378
S2,test,France,first,aide,689,703378
S2,test,France,first,accueil,675,703378
S2,test,France,first,comite,675,703378
S2,test,France,first,scolaire,653,703378
S2,test,France,first,bureau,641,703378
S2,test,France,first,familles,640,703378
S2,test,France,first,coeur,635,703378
S2,test,France,first,petanque,634,703378
S2,test,France,first,classe,626,703378
S2,test,France,first,action,605,703378
S2,test,France,first,etudiants,603,703378
S2,test,France,first,bien,594,703378
S2,test,France,first,gymnastique,592,703378
S2,test,France,first,lbm,589,703378
S2,test,France,first,sports,579,703378
S2,test,France,first,du,568,703378
S2,test,France,first,jardins,568,703378
S2,test,France,first,reseau,565,703378
S2,test,France,first,vie,562,703378
S2,test,France,first,développement,561,703378
S2,test,France,first,petits,557,703378
S2,test,France,first,familiale,554,703378
S2,test,France,first,laique,548,703378
S2,test,France,first,sportive,541,703378
S2,test,France,first,judo,538,703378
S2,test,France,first,tous,536,703378
S2,test,France,first,vivre,535,703378
S2,test,France,first,latelier,533,703378
S2,test,France,first,lassociation,522,703378
S2,test,France,first,entente,516,703378
S2,test,France,first,4l,513,703378
S2,test,France,first,rural,510,703378
S2,test,France,first,cie,509,703378
S2,test,France,first,eglise,505,703378
S2,test,France,first,mam,503,703378
S2,test,France,first,organisme,503,703378
S2,test,France,first,services,499,703378
S2,test,France,first,moto,494,703378
S2,test,France,first,soutien,491,703378
S2,test,France,first,jumelage,484,703378
S2,test,France,first,mouvement,484,703378
S2,test,France,first,regionale,483,703378
S2,test,France,first,boule,482,703378
S2,test,France,first,recherche,478,703378
S2,test,France,first,franco,467,703378
S2,test,France,first,amis,466,703378
S2,test,France,first,st,461,703378
S2,test,France,first,syndicat,455,703378
S2,test,France,first,ptits,451,703378
S2,test,France,first,local,450,703378
S2,test,France,first,proprietaires,448,703378
S2,test,France,first,danimation,446,703378
S2,test,France,first,ligue,444,703378
S2,test,France,first,femmes,443,703378
S2,test,France,first,agreee,442,703378
S2,test,France,first,terre,441,703378
S2,test,France,first,international,439,703378
S2,test,France,first,enseignement,435,703378
S2,test,France,first,lamitie,431,703378
S2,test,France,first,classes,428,703378
S2,test,France,first,personnels,425,703378
S2,test,France,first,espace,423,703378
S2,test,France,first,avenir,405,703378
S2,test,France,first,retraites,404,703378
S2,test,France,first,jardin,403,703378
S2,test,France,first,office,402,703378
S2,test,France,first,racing,401,703378
S2,test,France,first,des,397,703378
S2,test,France,first,petit,396,703378
S2,test,France,first,protection,394,703378
S2,test,France,first,yoga,386,703378
S2,test,France,first,alliance,383,703378
S2,test,France,first,regional,383,703378
S2,test,France,first,lyceens,381,703378
S2,test,France,first,as,377,703378
S2,test,France,first,quartier,372,703378
S2,test,France,first,primaire,369,703378
S2,test,France,first,communaute,365,703378
S2,test,France,first,temps,364,703378
S2,test,France,first,academie,359,703378
S2,test,France,first,gym,357,703378
S2,test,France,first,lamicale,355,703378
S2,test,France,first,cc,353,703378
S2,test,France,first,parents,352,703378
S2,test,France,first,peche,352,703378
S2,test,France,first,pole,351,703378
S2,test,France,first,cooperative,349,703378
S2,test,France,first,fil,347,703378
S2,test,France,first,deducation,338,703378
S2,test,France,first,ass,335,703378
S2,test,France,first,associations,332,703378
S2,test,France,first,cap,330,703378
S2,test,France,first,riverains,321,703378
S2,test,France,first,ca,320,703378
S2,test,France,first,sud,320,703378
S2,test,France,first,mission,318,703378
S2,test,France,first,nature,317,703378
S2,test,France,first,ma,312,703378
S2,test,France,first,daide,308,703378
S2,test,France,first,professionnel,308,703378
S2,test,France,first,sociale,305,703378
S2,test,France,first,conscrits,300,703378
S2,test,France,first,radio,300,703378
S2,test,France,first,karate,294,703378
S2,test,France,first,val,294,703378
S2,test,France,first,te,292,703378
S2,test,France,first,passion,290,703378
S2,test,France,first,basket,287,703378
S2,test,France,first,artisans,285,703378
S2,test,France,first,internationale,285,703378
S2,test,France,first,pas,281,703378
S2,test,France,first,aines,277,703378
S2,test,France,first,maternelle,276,703378
S2,test,France,first,societe,275,703378
S2,test,France,first,dentaire,274,703378
S2,test,France,first,professionnels,273,703378
S2,test,France,first,dinteret,271,703378
S2,test,France,first,espoir,271,703378
S2,test,France,first,confrerie,267,703378
S2,test,France,first,agir,266,703378
S2,test,France,first,pecheurs,266,703378
S2,test,France,first,detudes,265,703378
S2,test,France,first,intercommunale,263,703378
S2,test,France,first,lart,262,703378
S2,test,France,first,loisirs,262,703378
S2,test,France,first,commune,261,703378
S2,test,France,first,bde,260,703378
S2,test,France,first,ape,259,703378
S2,test,France,first,msp,259,703378
S2,test,France,first,famille,258,703378
S2,test,France,first,circonscription,257,703378
S2,test,France,first,oeuvres,253,703378
S2,test,France,first,fc,252,703378
S2,test,France,first,ogec,251,703378
S2,test,France,first,corps,250,703378
S2,test,France,first,organisation,250,703378
S2,test,France,first,petites,250,703378
S2,test,France,first,generation,249,703378
S2,test,France,first,musicale,249,703378
S2,test,France,first,velo,249,703378
S2,test,France,first,anciens,247,703378
S2,test,France,first,animation,247,703378
S2,test,France,first,harmonie,247,703378
S2,test,France,first,sos,247,703378
S2,test,France,first,autonomie,246,703378
S2,test,France,first,cmp,246,703378
S2,test,France,first,lc,246,703378
S2,test,France,first,cavaliers,245,703378
S2,test,France,first,musee,245,703378
S2,test,France,first,privé,245,703378
S2,test,France,first,village,245,703378
S2,test,France,first,amitie,244,703378
S2,test,France,first,don,243,703378
S2,test,France,first,tout,242,703378
S2,test,France,first,voix,242,703378
S2,test,France,first,dans,241,703378
S2,test,France,first,main,241,703378
S2,test,France,first,pc,241,703378
S2,test,France,first,dentraide,238,703378
S2,test,France,first,relais,238,703378
S2,test,France,first,lions,237,703378
S2,test,France,first,tc,237,703378
S2,test,France,first,generations,235,703378
S2,test,France,first,moulin,234,703378
S2,test,France,first,ac,231,703378
S2,test,France,first,social,231,703378
S2,test,France,first,chorale,230,703378
S2,test,France,first,fetes,230,703378
S2,test,France,first,studio,230,703378
S2,test,France,first,donneurs,229,703378
S2,test,France,first,rugby,229,703378
S2,test,France,first,sou,229,703378
S2,test,France,first,supporters,228,703378
S2,test,France,first,bouliste,227,703378
S2,test,France,first,educatif,227,703378
S2,test,France,first,entraide,226,703378
S2,test,France,first,etoile,225,703378
S2,test,France,first,chateau,223,703378
S2,test,France,first,editions,223,703378
S2,test,France,first,sad,223,703378
S2,test,France,first,soleil,223,703378
S2,test,France,first,ecoles,222,703378
S2,test,France,first,francais,220,703378
S2,test,France,first,cultuelle,219,703378
S2,test,France,first,petite,217,703378
S2,test,France,first,entre,216,703378
S2,test,France,first,sc,216,703378
S2,test,France,first,secours,216,703378
S2,test,France,first,trois,216,703378
S2,test,France,first,mc,215,703378
S2,test,France,first,rallye,215,703378
S2,test,France,first,hebergement,214,703378
S2,test,France,first,in,214,703378
S2,test,France,first,choeur,213,703378
S2,test,France,first,bc,212,703378
S2,test,France,first,college,212,703378
S2,test,France,first,education,211,703378
S2,test,France,first,lenseignement,211,703378
S2,test,France,first,infirmiers,210,703378
S2,test,France,first,artistique,208,703378
S2,test,France,first,marche,208,703378
S2,test,France,first,tir,208,703378
S2,test,France,first,compagnie,207,703378
S2,test,France,first,copains,207,703378
S2,test,France,first,hubert,207,703378
S2,test,France,first,bois,206,703378
S2,test,France,first,accompagnement,205,703378
S2,test,France,first,badminton,205,703378
S2,test,France,first,hospitalier,205,703378
S2,test,France,first,rencontres,204,703378
S2,test,France,first,rotary,203,703378
S2,test,France,first,foyer,202,703378
S2,test,France,first,ferme,201,703378
S2,test,France,first,leglise,201,703378
S2,test,France,first,mains,201,703378
S2,test,France,first,el,200,703378
S2,test,France,last,sarl,112379,703378
S2,test,France,last,sas,79135,703378
S2,test,France,last,eurl,34060,703378
S2,test,France,last,sa,28331,703378
S2,test,France,last,sasu,25927,703378
S2,test,France,last,com,24567,703378
S2,test,France,last,sci,22904,703378
S2,test,France,last,france,18378,703378
S2,test,France,last,groupe,12989,703378
S2,test,France,last,s,12604,703378
S2,test,France,last,fils,12364,703378
S2,test,France,last,développement,11480,703378
S2,test,France,last,club,11454,703378
S2,test,France,last,l,10377,703378
S2,test,France,last,cie,7193,703378
S2,test,France,last,international,6982,703378
S2,test,France,last,distribution,6946,703378
S2,test,France,last,holding,6889,703378
S2,test,France,last,participations,6837,703378
S2,test,France,last,ecole,6794,703378
S2,test,France,last,amicale,6588,703378
S2,test,France,last,comite,6075,703378
S2,test,France,last,snc,5933,703378
S2,test,France,last,sàrl,5564,703378
S2,test,France,last,ei,5557,703378
S2,test,France,last,services,5490,703378
S2,test,France,last,associés,5264,703378
S2,test,France,last,sportive,4934,703378
S2,test,France,last,amis,4270,703378
S2,test,France,last,centre,3815,703378
S2,test,France,last,a,3591,703378
S2,test,France,last,i,3572,703378
S2,test,France,last,parents,3287,703378
S2,test,France,last,union,3190,703378
S2,test,France,last,u,3057,703378
S2,test,France,last,primaire,2891,703378
S2,test,France,last,societe,2497,703378
S2,test,France,last,fetes,2450,703378
S2,test,France,last,pharmacie,2324,703378
S2,test,France,last,compagnie,2272,703378
S2,test,France,last,maison,2199,703378
S2,test,France,last,anciens,2163,703378
S2,test,France,last,loisirs,2088,703378
S2,test,France,last,college,1950,703378
S2,test,France,last,frères,1912,703378
S2,test,France,last,sante,1909,703378
S2,test,France,last,jean,1885,703378
S2,test,France,last,maternelle,1883,703378
S2,test,France,last,federation,1817,703378
S2,test,France,last,culturelle,1760,703378
S2,test,France,last,sport,1733,703378
S2,test,France,last,sainte,1680,703378
S2,test,France,last,groupement,1633,703378
S2,test,France,last,jeunes,1628,703378
S2,test,France,last,foyer,1558,703378
S2,test,France,last,culture,1471,703378
S2,test,France,last,section,1352,703378
S2,test,France,last,élémentaire,1347,703378
S2,test,France,last,collectif,1247,703378
S2,test,France,last,de,1216,703378
S2,test,France,last,lycee,1114,703378
S2,test,France,last,pierre,1104,703378
S2,test,France,last,collège,1087,703378
S2,test,France,last,service,1065,703378
S2,test,France,last,notre,994,703378
S2,test,France,last,du,989,703378
S2,test,France,last,institut,958,703378
S2,test,France,last,gestion,953,703378
S2,test,France,last,musique,893,703378
S2,test,France,last,patrimoine,893,703378
S2,test,France,last,danse,865,703378
S2,test,France,last,residence,844,703378
S2,test,France,last,dame,843,703378
S2,test,France,last,marie,797,703378
S2,test,France,last,ehpad,796,703378
S2,test,France,last,çlub,764,703378
S2,test,France,last,des,749,703378
S2,test,France,last,c,746,703378
S2,test,France,last,theatre,715,703378
S2,test,France,last,paul,676,703378
S2,test,France,last,conseil,665,703378
S2,test,France,last,atelier,655,703378
S2,test,France,last,lycée,635,703378
S2,test,France,last,soins,611,703378
S2,test,France,last,martin,570,703378
S2,test,France,last,joseph,562,703378
S2,test,France,last,deleves,522,703378
S2,test,France,last,culturel,513,703378
S2,test,France,last,louis,512,703378
S2,test,France,last,jacques,483,703378
S2,test,France,last,sportif,462,703378
S2,test,France,last,enterprises,455,703378
S2,test,France,last,çomite,418,703378
S2,test,France,last,école,418,703378
S2,test,France,last,ateliers,415,703378
S2,test,France,last,georges,413,703378
S2,test,France,last,auto,405,703378
S2,test,France,last,michel,401,703378
S2,test,France,last,àmicale,397,703378
S2,test,France,last,chasse,393,703378
S2,test,France,last,agricole,391,703378
S2,test,France,last,team,371,703378
S2,test,France,last,medico,354,703378
S2,test,France,last,jeanne,349,703378
S2,test,France,last,communale,348,703378
S2,test,France,last,anne,327,703378
S2,test,France,last,spôrtive,324,703378
S2,test,France,last,cc,306,703378
S2,test,France,last,vincent,293,703378
S2,test,France,last,clinique,288,703378
S2,test,France,last,cercle,284,703378
S2,test,France,last,àmis,284,703378
S2,test,France,last,andre,283,703378
S2,test,France,last,association,275,703378
S2,test,France,last,saint,267,703378
S2,test,France,last,defense,263,703378
S2,test,France,last,5arl,261,703378
S2,test,France,last,çie,259,703378
S2,test,France,last,henri,238,703378
S2,test,France,last,francois,235,703378
S2,test,France,last,çentre,234,703378
S2,test,France,last,la,232,703378
S2,test,France,last,laurent,227,703378
S2,test,France,last,etablissement,225,703378
S2,test,France,last,sapeurs,224,703378
S2,test,France,last,ècole,219,703378
S2,test,France,last,nationale,218,703378
S2,test,France,last,elementaire,213,703378
S2,test,France,last,cafe,210,703378
S2,test,France,last,publique,207,703378
S2,test,France,last,energie,201,703378
S2,test,France,last,comité,200,703378
S2,test,France,last,developpement,200,703378
S2,test,France,last,pc,200,703378
S2,test,India,first,private,45486,2312565
S2,test,India,first,sri,29302,2312565
S2,test,India,first,m,29296,2312565
S2,test,India,first,shri,29289,2312565
S2,test,India,first,smt,29053,2312565
S2,test,India,first,mr,29047,2312565
S2,test,India,first,dr,28886,2312565
S2,test,India,first,limited,18272,2312565
S2,test,India,first,pvt,16999,2312565
S2,test,India,first,new,15104,2312565
S2,test,India,first,india,11121,2312565
S2,test,India,first,mumbai,11043,2312565
S2,test,India,first,services,10014,2312565
S2,test,India,first,shree,9478,2312565
S2,test,India,first,bangalore,8653,2312565
S2,test,India,first,ltd,8022,2312565
S2,test,India,first,solutions,7034,2312565
S2,test,India,first,kolkata,6792,2312565
S2,test,India,first,delhi,6620,2312565
S2,test,India,first,llp,6561,2312565
S2,test,India,first,जय,6432,2312565
S2,test,India,first,pune,6151,2312565
S2,test,India,first,श्री,6105,2312565
S2,test,India,first,लक्ष्मी,6064,2312565
S2,test,India,first,public,5823,2312565
S2,test,India,first,global,4954,2312565
S2,test,India,first,sai,4912,2312565
S2,test,India,first,technologies,4829,2312565
S2,test,India,first,chennai,4591,2312565
S2,test,India,first,hyderabad,4540,2312565
S2,test,India,first,green,4514,2312565
S2,test,India,first,tech,4319,2312565
S2,test,India,first,international,4092,2312565
S2,test,India,first,jai,3953,2312565
S2,test,India,first,maa,3925,2312565
S2,test,India,first,om,3820,2312565
S2,test,India,first,blue,3710,2312565
S2,test,India,first,sree,3534,2312565
S2,test,India,first,golden,3415,2312565
S2,test,India,first,krishna,3311,2312565
S2,test,India,first,royal,3251,2312565
S2,test,India,first,सदर्न,3229,2312565
S2,test,India,first,इंडो,3223,2312565
S2,test,India,first,बिग,3217,2312565
S2,test,India,first,शिवा,3203,2312565
S2,test,India,first,east,3202,2312565
S2,test,India,first,ब्राइट,3172,2312565
S2,test,India,first,ग्रेट,3171,2312565
S2,test,India,first,राज,3169,2312565
S2,test,India,first,लाइफ,3165,2312565
S2,test,India,first,star,3154,2312565
S2,test,India,first,परफेक्ट,3150,2312565
S2,test,India,first,हरि,3146,2312565
S2,test,India,first,ऑल,3142,2312565
S2,test,India,first,united,3132,2312565
S2,test,India,first,डायनामिक,3131,2312565
S2,test,India,first,टेक,3121,2312565
S2,test,India,first,क्रिएटिव,3120,2312565
S2,test,India,first,white,3115,2312565
S2,test,India,first,रॉयल,3115,2312565
S2,test,India,first,आदित्य,3103,2312565
S2,test,India,first,स्टार,3096,2312565
S2,test,India,first,सनराइज,3095,2312565
S2,test,India,first,सिटी,3095,2312565
S2,test,India,first,इंडियन,3093,2312565
S2,test,India,first,शक्ति,3093,2312565
S2,test,India,first,श्याम,3086,2312565
S2,test,India,first,ग्लोबल,3081,2312565
S2,test,India,first,indian,3080,2312565
S2,test,India,first,ग्रीन,3080,2312565
S2,test,India,first,विजन,3077,2312565
S2,test,India,first,विजय,3075,2312565
S2,test,India,first,गोल्ड,3071,2312565
S2,test,India,first,फ्यूचर,3071,2312565
S2,test,India,first,गुरु,3070,2312565
S2,test,India,first,वन,3069,2312565
S2,test,India,first,सिल्वर,3065,2312565
S2,test,India,first,एपेक्स,3064,2312565
S2,test,India,first,balaji,3060,2312565
S2,test,India,first,अल,3060,2312565
S2,test,India,first,ईस्टर्न,3059,2312565
S2,test,India,first,पायोनियर,3058,2312565
S2,test,India,first,माय,3058,2312565
S2,test,India,first,बेस्ट,3055,2312565
S2,test,India,first,राम,3053,2312565
S2,test,India,first,गुड,3049,2312565
S2,test,India,first,प्राइम,3049,2312565
S2,test,India,first,बॉम्बे,3048,2312565
S2,test,India,first,जैन,3047,2312565
S2,test,India,first,sun,3046,2312565
S2,test,India,first,स्काई,3042,2312565
S2,test,India,first,फर्स्ट,3035,2312565
S2,test,India,first,हाईटेक,3035,2312565
S2,test,India,first,सन,3034,2312565
S2,test,India,first,सुपर,3033,2312565
S2,test,India,first,नॉर्थ,3029,2312565
S2,test,India,first,एसएस,3024,2312565
S2,test,India,first,स्मार्ट,3024,2312565
S2,test,India,first,shiv,3023,2312565
S2,test,India,first,यूनिक,3019,2312565
S2,test,India,first,भारत,3016,2312565
S2,test,India,first,बालाजी,3012,2312565
S2,test,India,first,प्रीमियर,3008,2312565
S2,test,India,first,शिव,3005,2312565
S2,test,India,first,रियल,3004,2312565
S2,test,India,first,होटल,3003,2312565
S2,test,India,first,आनंद,2997,2312565
S2,test,India,first,बाबा,2997,2312565
S2,test,India,first,क्लासिक,2987,2312565
S2,test,India,first,साउथ,2987,2312565
S2,test,India,first,यूनाइटेड,2985,2312565
S2,test,India,first,लोटस,2985,2312565
S2,test,India,first,रेड,2983,2312565
S2,test,India,first,ब्लैक,2981,2312565
S2,test,India,first,raj,2973,2312565
S2,test,India,first,एस,2971,2312565
S2,test,India,first,ram,2967,2312565
S2,test,India,first,ईस्ट,2965,2312565
S2,test,India,first,मॉडर्न,2965,2312565
S2,test,India,first,गुजरात,2964,2312565
S2,test,India,first,अल्फा,2963,2312565
S2,test,India,first,city,2955,2312565
S2,test,India,first,सेवन,2953,2312565
S2,test,India,first,इनोवेटिव,2952,2312565
S2,test,India,first,डिजिटल,2946,2312565
S2,test,India,first,ब्लू,2946,2312565
S2,test,India,first,south,2945,2312565
S2,test,India,first,गोल्डन,2942,2312565
S2,test,India,first,इंटरनेशनल,2940,2312565
S2,test,India,first,यूनिवर्सल,2939,2312565
S2,test,India,first,ड्रीम,2926,2312565
S2,test,India,first,हाई,2922,2312565
S2,test,India,first,super,2919,2312565
S2,test,India,first,शिवम,2916,2312565
S2,test,India,first,व्हाइट,2908,2312565
S2,test,India,first,smart,2900,2312565
S2,test,India,first,न्यू,2895,2312565
S2,test,India,first,unique,2883,2312565
S2,test,India,first,first,2882,2312565
S2,test,India,first,गैलेक्सी,2876,2312565
S2,test,India,first,अरिहंत,2872,2312565
S2,test,India,first,creative,2868,2312565
S2,test,India,first,तिरुपति,2847,2312565
S2,test,India,first,prime,2839,2312565
S2,test,India,first,सुप्रीम,2837,2312565
S2,test,India,first,tirupati,2831,2312565
S2,test,India,first,aditya,2824,2312565
S2,test,India,first,स्वस्तिक,2807,2312565
S2,test,India,first,anand,2802,2312565
S2,test,India,first,foundation,2794,2312565
S2,test,India,first,north,2794,2312565
S2,test,India,first,al,2785,2312565
S2,test,India,first,jay,2784,2312565
S2,test,India,first,perfect,2782,2312565
S2,test,India,first,red,2778,2312565
S2,test,India,first,jaipur,2773,2312565
S2,test,India,first,bharat,2771,2312565
S2,test,India,first,lakshmi,2768,2312565
S2,test,India,first,अर्बन,2768,2312565
S2,test,India,first,real,2765,2312565
S2,test,India,first,industries,2763,2312565
S2,test,India,first,फॉर्च्यून,2751,2312565
S2,test,India,first,hari,2747,2312565
S2,test,India,first,apex,2746,2312565
S2,test,India,first,southern,2745,2312565
S2,test,India,first,sky,2733,2312565
S2,test,India,first,dream,2730,2312565
S2,test,India,first,surya,2726,2312565
S2,test,India,first,hotel,2725,2312565
S2,test,India,first,developers,2724,2312565
S2,test,India,first,ss,2712,2312565
S2,test,India,first,future,2711,2312565
S2,test,India,first,my,2698,2312565
S2,test,India,first,jain,2686,2312565
S2,test,India,first,silver,2685,2312565
S2,test,India,first,guru,2683,2312565
S2,test,India,first,one,2683,2312565
S2,test,India,first,laxmi,2677,2312565
S2,test,India,first,universal,2672,2312565
S2,test,India,first,pioneer,2651,2312565
S2,test,India,first,digital,2648,2312565
S2,test,India,first,hitech,2647,2312565
S2,test,India,first,indo,2641,2312565
S2,test,India,first,life,2641,2312565
S2,test,India,first,shyam,2636,2312565
S2,test,India,first,vijay,2604,2312565
S2,test,India,first,bright,2602,2312565
S2,test,India,first,big,2601,2312565
S2,test,India,first,arihant,2594,2312565
S2,test,India,first,shiva,2590,2312565
S2,test,India,first,gujarat,2589,2312565
S2,test,India,first,eastern,2587,2312565
S2,test,India,first,alpha,2585,2312565
S2,test,India,first,bombay,2583,2312565
S2,test,India,first,innovative,2579,2312565
S2,test,India,first,ace,2566,2312565
S2,test,India,first,lotus,2561,2312565
S2,test,India,first,great,2560,2312565
S2,test,India,first,galaxy,2546,2312565
S2,test,India,first,all,2544,2312565
S2,test,India,first,vision,2537,2312565
S2,test,India,first,baba,2536,2312565
S2,test,India,first,classic,2536,2312565
S2,test,India,first,seven,2534,2312565
S2,test,India,first,best,2528,2312565
S2,test,India,first,premier,2528,2312565
S2,test,India,first,black,2519,2312565
S2,test,India,first,dynamic,2513,2312565
S2,test,India,first,sunrise,2509,2312565
S2,test,India,first,urban,2504,2312565
S2,test,India,first,fortune,2501,2312565
S2,test,India,first,shivam,2478,2312565
S2,test,India,first,shakti,2473,2312565
S2,test,India,first,high,2459,2312565
S2,test,India,first,modern,2451,2312565
S2,test,India,first,supreme,2451,2312565
S2,test,India,first,gold,2445,2312565
S2,test,India,first,swastik,2445,2312565
S2,test,India,first,ahmedabad,2438,2312565
S2,test,India,first,good,2411,2312565
S2,test,India,first,thane,2351,2312565
S2,test,India,first,marketing,2267,2312565
S2,test,India,first,lucknow,2216,2312565
S2,test,India,first,enterprises,2191,2312565
S2,test,India,first,the,2191,2312565
S2,test,India,first,agro,2161,2312565
S2,test,India,first,trading,2142,2312565
S2,test,India,first,engineering,2110,2312565
S2,test,India,first,ventures,1996,2312565
S2,test,India,first,noida,1985,2312565
S2,test,India,first,infra,1982,2312565
S2,test,India,first,producer,1874,2312565
S2,test,India,first,co,1844,2312565
S2,test,India,first,l,1844,2312565
S2,test,India,first,consultants,1785,2312565
S2,test,India,first,foods,1769,2312565
S2,test,India,first,management,1735,2312565
S2,test,India,first,projects,1726,2312565
S2,test,India,first,products,1693,2312565
S2,test,India,first,center,1692,2312565
S2,test,India,first,systems,1657,2312565
S2,test,India,first,finance,1656,2312565
S2,test,India,first,energy,1635,2312565
S2,test,India,first,साई,1623,2312565
S2,test,India,first,exports,1613,2312565
S2,test,India,first,सूर्य,1587,2312565
S2,test,India,first,consultancy,1579,2312565
S2,test,India,first,मां,1558,2312565
S2,test,India,first,साईं,1552,2312565
S2,test,India,first,माँ,1520,2312565
S2,test,India,first,ओम,1513,2312565
S2,test,India,first,technology,1512,2312565
S2,test,India,first,construction,1496,2312565
S2,test,India,first,ॐ,1496,2312565
S2,test,India,first,ghaziabad,1493,2312565
S2,test,India,first,infrastructure,1487,2312565
S2,test,India,first,media,1485,2312565
S2,test,India,first,कृष्ण,1485,2312565
S2,test,India,first,कृष्णा,1483,2312565
S2,test,India,first,indore,1472,2312565
S2,test,India,first,software,1446,2312565
S2,test,India,first,सूर्या,1442,2312565
S2,test,India,first,builders,1432,2312565
S2,test,India,first,surat,1389,2312565
S2,test,India,first,consulting,1379,2312565
S2,test,India,first,prívate,1346,2312565
S2,test,India,first,properties,1330,2312565
S2,test,India,first,gurgaon,1303,2312565
S2,test,India,first,corporation,1238,2312565
S2,test,India,first,coimbatore,1235,2312565
S2,test,India,first,nagpur,1227,2312565
S2,test,India,first,bhubaneswar,1208,2312565
S2,test,India,first,healthcare,1170,2312565
S2,test,India,first,corp,1140,2312565
S2,test,India,first,patna,1112,2312565
S2,test,India,first,ahmadabad,1070,2312565
S2,test,India,first,company,990,2312565
S2,test,India,first,ernakulam,974,2312565
S2,test,India,first,ಶ್ರೀ,914,2312565
S2,test,India,first,ಲಕ್ಷ್ಮಿ,912,2312565
S2,test,India,first,navi,883,2312565
S2,test,India,first,శ్రీ,881,2312565
S2,test,India,first,faridabad,838,2312565
S2,test,India,first,ஜெய்,837,2312565
S2,test,India,first,సన్,830,2312565
S2,test,India,first,జై,815,2312565
S2,test,India,first,ಸನ್,815,2312565
S2,test,India,first,ஸ்ரீ,807,2312565
S2,test,India,first,vadodara,777,2312565
S2,test,India,first,thiruvananthapuram,769,2312565
S2,test,India,first,শ্রী,740,2312565
S2,test,India,first,nashik,739,2312565
S2,test,India,first,শিব,695,2312565
S2,test,India,first,লক্ষ্মী,694,2312565
S2,test,India,first,haveli,687,2312565
S2,test,India,first,জয়,676,2312565
S2,test,India,first,શ્રી,674,2312565
S2,test,India,first,secunderabad,668,2312565
S2,test,India,first,જય,655,2312565
S2,test,India,first,લક્ષ્મી,654,2312565
S2,test,India,first,rajkot,651,2312565
S2,test,India,first,bengaluru,650,2312565
S2,test,India,first,service,649,2312565
S2,test,India,first,varanasi,639,2312565
S2,test,India,first,group,628,2312565
S2,test,India,first,aurangabad,625,2312565
S2,test,India,first,malappuram,614,2312565
S2,test,India,first,partners,603,2312565
S2,test,India,first,bhopal,596,2312565
S2,test,India,first,શિવ,586,2312565
S2,test,India,first,agra,580,2312565
S2,test,India,first,visakhapatnam,576,2312565
S2,test,India,first,kanpur,533,2312565
S2,test,India,first,tirumalagiri,530,2312565
S2,test,India,first,బ్లాక్,530,2312565
S2,test,India,first,సదర్న్,528,2312565
S2,test,India,first,sr,524,2312565
S2,test,India,first,గుడ్,524,2312565
S2,test,India,first,லக்ஷ்மி,519,2312565
S2,test,India,first,kozhikode,518,2312565
S2,test,India,first,kalyan,516,2312565
S2,test,India,first,ಸ್ವಸ್ತಿಕ್,516,2312565
S2,test,India,first,క్లాసిక్,512,2312565
S2,test,India,first,ಪಯೊನೀರ್,511,2312565
S2,test,India,first,బ్లూ,504,2312565
S2,test,India,first,న్యూ,499,2312565
S2,test,India,first,శ్యామ్,491,2312565
S2,test,India,first,ఆదిత్య,490,2312565
S2,test,India,first,ಸದರ್ನ್,490,2312565
S2,test,India,first,ఫ్యూచర్,487,2312565
S2,test,India,first,మై,486,2312565
S2,test,India,first,ಬ್ಲ್ಯಾಕ್,486,2312565
S2,test,India,first,సూర్య,484,2312565
S2,test,India,first,true,481,2312565
S2,test,India,first,ಮಾಡರ್ನ್,481,2312565
S2,test,India,first,mysore,480,2312565
S2,test,India,first,రియల్,480,2312565
S2,test,India,first,హైటెక్,478,2312565
S2,test,India,first,ಬಾಂಬೆ,478,2312565
S2,test,India,first,ಶ್ಯಾಮ್,478,2312565
S2,test,India,first,లోటస్,477,2312565
S2,test,India,first,gurugram,476,2312565
S2,test,India,first,యూనిక్,476,2312565
S2,test,India,first,ಫಸ್ಟ್,476,2312565
S2,test,India,first,ಆದಿತ್ಯ,475,2312565
S2,test,India,first,ludhiana,474,2312565
S2,test,India,first,power,474,2312565
S2,test,India,first,సుప్రీమ్,474,2312565
S2,test,India,first,holdings,473,2312565
S2,test,India,first,బెస్ట్,473,2312565
S2,test,India,first,ವೈಟ್,473,2312565
S2,test,India,first,ಜೈನ್,472,2312565
S2,test,India,first,rk,471,2312565
S2,test,India,first,తిరుపతి,471,2312565
S2,test,India,first,రామ్,471,2312565
S2,test,India,first,ತಿರುಪತಿ,471,2312565
S2,test,India,first,ಆಲ್ಫಾ,470,2312565
S2,test,India,first,ಸಿಲ್ವರ್,470,2312565
S2,test,India,first,బిగ్,469,2312565
S2,test,India,first,స్కై,469,2312565
S2,test,India,first,హోటల్,469,2312565
S2,test,India,first,ಗೋಲ್ಡನ್,469,2312565
S2,test,India,first,ರಾಯಲ್,468,2312565
S2,test,India,first,sk,467,2312565
S2,test,India,first,ರಿಯಲ್,467,2312565
S2,test,India,first,overseas,466,2312565
S2,test,India,first,vijayawada,466,2312565
S2,test,India,first,డిజిటల్,466,2312565
S2,test,India,first,రాయల్,466,2312565
S2,test,India,first,టెక్,465,2312565
S2,test,India,first,ಗೋಲ್ಡ್,465,2312565
S2,test,India,first,ఈస్ట్,464,2312565
S2,test,India,first,ఫస్ట్,464,2312565
S2,test,India,first,బాలాజీ,464,2312565
S2,test,India,first,ಕೃಷ್ಣ,464,2312565
S2,test,India,first,ಗ್ರೀನ್,464,2312565
S2,test,India,first,ಮಾ,464,2312565
S2,test,India,first,ಫಾರ್ಚೂನ್,463,2312565
S2,test,India,first,yash,461,2312565
S2,test,India,first,ఏపెక్స్,461,2312565
S2,test,India,first,గోల్డ్,461,2312565
S2,test,India,first,సాయి,461,2312565
S2,test,India,first,ലക്ഷ്മി,460,2312565
S2,test,India,first,la,459,2312565
S2,test,India,first,గుజరాత్,459,2312565
S2,test,India,first,లక్ష్మి,459,2312565
S2,test,India,first,విజయ్,458,2312565
S2,test,India,first,ಹರಿ,458,2312565
S2,test,India,first,லோட்டஸ்,457,2312565
S2,test,India,first,పయనీర్,457,2312565
S2,test,India,first,ರೆಡ್,456,2312565
S2,test,India,first,స్వస్తిక్,455,2312565
S2,test,India,first,ಟೆಕ್,455,2312565
S2,test,India,first,ms,454,2312565
S2,test,India,first,ജയ്,454,2312565
S2,test,India,first,అర్బన్,453,2312565
S2,test,India,first,యూనివర్సల్,453,2312565
S2,test,India,first,ಆಲ್,453,2312565
S2,test,India,first,ಸ್ಟಾರ್,453,2312565
S2,test,India,first,ರಾಮ್,452,2312565
S2,test,India,first,రెడ్,451,2312565
S2,test,India,first,ಹೈ,451,2312565
S2,test,India,first,சவுத்,449,2312565
S2,test,India,first,ఇన్నోవేటివ్,448,2312565
S2,test,India,first,సిల్వర్,448,2312565
S2,test,India,first,ಗ್ರೇಟ್,448,2312565
S2,test,India,first,ಗ್ಲೋಬಲ್,448,2312565
S2,test,India,first,ಶಿವ್,447,2312565
S2,test,India,first,ಬೆಸ್ಟ್,446,2312565
S2,test,India,first,ಶಕ್ತಿ,446,2312565
S2,test,India,first,డ్రీమ్,445,2312565
S2,test,India,first,ಯುನೈಟೆಡ್,445,2312565
S2,test,India,first,ಸೌತ್,445,2312565
S2,test,India,first,சதர்ன்,444,2312565
S2,test,India,first,ஸ்டார்,444,2312565
S2,test,India,first,ఆల్ఫా,444,2312565
S2,test,India,first,ಫ್ಯೂಚರ್,444,2312565
S2,test,India,first,industrial,443,2312565
S2,test,India,first,ರಾಜ್,443,2312565
S2,test,India,first,అల్,442,2312565
S2,test,India,first,ఆల్,442,2312565
S2,test,India,first,విజన్,442,2312565
S2,test,India,first,ಪ್ರೀಮಿಯರ್,442,2312565
S2,test,India,first,స్టార్,441,2312565
S2,test,India,first,ಲೋಟಸ್,441,2312565
S2,test,India,first,అరిహంత్,440,2312565
S2,test,India,first,ಸೆವೆನ್,440,2312565
S2,test,India,first,సెవెన్,439,2312565
S2,test,India,first,சன்,438,2312565
S2,test,India,first,ஹரி,438,2312565
S2,test,India,first,ఆనంద్,438,2312565
S2,test,India,first,shaikpet,437,2312565
S2,test,India,first,sunshine,437,2312565
S2,test,India,first,జైన్,437,2312565
S2,test,India,first,డైనమిక్,437,2312565
S2,test,India,first,పర్,437,2312565
S2,test,India,first,ಅಪೆಕ್ಸ್,437,2312565
S2,test,India,first,punjab,436,2312565
S2,test,India,first,sea,436,2312565
S2,test,India,first,ఎస్,436,2312565
S2,test,India,first,గ్లోబల్,436,2312565
S2,test,India,first,ఇండియన్,435,2312565
S2,test,India,first,గురు,435,2312565
S2,test,India,first,ಅಲ್,435,2312565
S2,test,India,first,ಗುಡ್,435,2312565
S2,test,India,first,ar,434,2312565
S2,test,India,first,venus,434,2312565
S2,test,India,first,రాజ్,434,2312565
S2,test,India,first,ಡಿಜಿಟಲ್,434,2312565
S2,test,India,first,ಬಿಗ್,434,2312565
S2,test,India,first,diamond,432,2312565
S2,test,India,first,மா,432,2312565
S2,test,India,first,ಯುನಿವರ್ಸಲ್,432,2312565
S2,test,India,first,ఇండో,431,2312565
S2,test,India,first,ప్రైమ్,431,2312565
S2,test,India,first,సౌత్,431,2312565
S2,test,India,first,లక్ష్మీ,430,2312565
S2,test,India,first,వన్,430,2312565
S2,test,India,first,శివం,430,2312565
S2,test,India,first,ಆನಂದ್,430,2312565
S2,test,India,first,ಪ್ರೈಮ್,430,2312565
S2,test,India,first,ಇಂಡಿಯನ್,429,2312565
S2,test,India,first,madras,428,2312565
S2,test,India,first,care,427,2312565
S2,test,India,first,இந்தியன்,427,2312565
S2,test,India,first,శక్తి,427,2312565
S2,test,India,first,ಒನ್,427,2312565
S2,test,India,first,ಡ್ರೀಮ್,427,2312565
S2,test,India,first,ನಾರ್ತ್,427,2312565
S2,test,India,first,ಶಿವ,427,2312565
S2,test,India,first,ரியல்,426,2312565
S2,test,India,first,ನ್ಯೂ,425,2312565
S2,test,India,first,ಯುನೀಕ್,425,2312565
S2,test,India,first,హై,424,2312565
S2,test,India,first,ಗುರು,424,2312565
S2,test,India,first,அல்,423,2312565
S2,test,India,first,బ్రైట్,423,2312565
S2,test,India,first,ಇನೋವೇಟಿವ್,423,2312565
S2,test,India,first,hindustan,422,2312565
S2,test,India,first,లైఫ్,422,2312565
S2,test,India,first,west,421,2312565
S2,test,India,first,ஜைன்,421,2312565
S2,test,India,first,సిటీ,421,2312565
S2,test,India,first,howrah,420,2312565
S2,test,India,first,ટેક,420,2312565
S2,test,India,first,பம்பாய்,420,2312565
S2,test,India,first,ಶಿವಂ,420,2312565
S2,test,India,first,ஏஸ்,419,2312565
S2,test,India,first,ఏస్,419,2312565
S2,test,India,first,గ్రేట్,419,2312565
S2,test,India,first,సూపర్,419,2312565
S2,test,India,first,ಲೈಫ್,419,2312565
S2,test,India,first,ஹைடெக்,418,2312565
S2,test,India,first,ಸುಪ್ರೀಮ್,417,2312565
S2,test,India,first,ஃபர்ஸ்ட்,416,2312565
S2,test,India,first,ఇంటర్నేషనల్,416,2312565
S2,test,India,first,ಬಾಬಾ,415,2312565
S2,test,India,first,பர்ஃபெக்ட்,414,2312565
S2,test,India,first,வொயிட்,414,2312565
S2,test,India,first,ಈಸ್ಟರ್ನ್,414,2312565
S2,test,India,first,ಸ್ಮಾರ್ಟ್,414,2312565
S2,test,India,first,சக்தி,412,2312565
S2,test,India,first,ஸ்கை,412,2312565
S2,test,India,first,ಕ್ರಿಯೇಟಿವ್,412,2312565
S2,test,India,first,ganesh,411,2312565
S2,test,India,first,ಏಸ್,411,2312565
S2,test,India,first,ಪರ್ಫೆಕ್ಟ್,411,2312565
S2,test,India,first,ಬ್ಲೂ,411,2312565
S2,test,India,first,rainbow,410,2312565
S2,test,India,first,ગુજરાત,410,2312565
S2,test,India,first,ఫార్చూన్,410,2312565
S2,test,India,first,divine,409,2312565
S2,test,India,first,indus,409,2312565
S2,test,India,first,பாரத்,409,2312565
S2,test,India,first,బాంబే,409,2312565
S2,test,India,first,మా,409,2312565
S2,test,India,first,యునైటెడ్,409,2312565
S2,test,India,first,శివ్,409,2312565
S2,test,India,first,ശ്രീ,409,2312565
S2,test,India,first,gandhinagar,408,2312565
S2,test,India,first,பெஸ்ட்,408,2312565
S2,test,India,first,బాబా,408,2312565
S2,test,India,first,dev,407,2312565
S2,test,India,first,অল,407,2312565
S2,test,India,first,ગ્રેટ,407,2312565
S2,test,India,first,గోల్డెన్,407,2312565
S2,test,India,first,હરિ,405,2312565
S2,test,India,first,ಸಾಯಿ,405,2312565
S2,test,India,first,વિજય,404,2312565
S2,test,India,first,ప్రీమియర్,404,2312565
S2,test,India,first,స్మార్ట్,404,2312565
S2,test,India,first,elite,403,2312565
S2,test,India,first,অরিহন্ত,403,2312565
S2,test,India,first,சுப்ரீம்,403,2312565
S2,test,India,first,ஷ்யாம்,403,2312565
S2,test,India,first,রাজ,402,2312565
S2,test,India,first,meerut,401,2312565
S2,test,India,first,ஈஸ்டர்ன்,401,2312565
S2,test,India,first,హరి,401,2312565
S2,test,India,first,ಗುಜರಾತ್,401,2312565
S2,test,India,first,metro,400,2312565
S2,test,India,first,ஓம்,400,2312565
S2,test,India,first,கிளாசிக்,400,2312565
S2,test,India,first,பிரைம்,400,2312565
S2,test,India,first,ఈస్టర్న్,400,2312565
S2,test,India,first,భారత్,400,2312565
S2,test,India,first,ಅರ್ಬನ್,400,2312565
S2,test,India,first,excel,399,2312565
S2,test,India,first,four,399,2312565
S2,test,India,first,શ્યામ,399,2312565
S2,test,India,first,ಎಸ್ಎಸ್,399,2312565
S2,test,India,first,associates,398,2312565
S2,test,India,first,grand,398,2312565
S2,test,India,first,límited,398,2312565
S2,test,India,first,நியூ,398,2312565
S2,test,India,first,ಜೈ,398,2312565
S2,test,India,first,ಡೈನಾಮಿಕ್,398,2312565
S2,test,India,first,ஸ்வஸ்திக்,397,2312565
S2,test,India,first,ராயல்,396,2312565
S2,test,India,first,ಸ್ಕೈ,396,2312565
S2,test,India,first,western,395,2312565
S2,test,India,first,ડિજિટલ,395,2312565
S2,test,India,first,கிரியேட்டிவ்,395,2312565
S2,test,India,first,ಅರಿಹಂತ್,395,2312565
S2,test,India,first,s,394,2312565
S2,test,India,first,ফরচুন,394,2312565
S2,test,India,first,ಸೂರ್ಯ,394,2312565
S2,test,India,first,গ্লোবাল,393,2312565
S2,test,India,first,સાઉથ,393,2312565
S2,test,India,first,சூப்பர்,393,2312565
S2,test,India,first,சூர்யா,393,2312565
S2,test,India,first,ராம்,393,2312565
S2,test,India,first,reliable,392,2312565
S2,test,India,first,பாபா,392,2312565
S2,test,India,first,ஹை,392,2312565
S2,test,India,first,ವಿಜಯ್,392,2312565
S2,test,India,first,techno,391,2312565
S2,test,India,first,বাবা,391,2312565
S2,test,India,first,குளோபல்,391,2312565
S2,test,India,first,சாய்,391,2312565
S2,test,India,first,யுனிக்,391,2312565
S2,test,India,first,ಹೈಟೆಕ್,391,2312565
S2,test,India,first,ஃபியூச்சர்,390,2312565
S2,test,India,first,ಬ್ರೈಟ್,390,2312565
S2,test,India,first,satya,389,2312565
S2,test,India,first,તિરુપતિ,389,2312565
S2,test,India,first,அபெக்ஸ்,389,2312565
S2,test,India,first,கேலக்ஸி,389,2312565
S2,test,India,first,சிட்டி,389,2312565
S2,test,India,first,ಸಿಟಿ,389,2312565
S2,test,India,first,eco,388,2312565
S2,test,India,first,ગેલેક્સી,388,2312565
S2,test,India,first,ಓಂ,387,2312565
S2,test,India,first,radha,386,2312565
S2,test,India,first,world,386,2312565
S2,test,India,first,গোল্ডেন,386,2312565
S2,test,India,first,হোয়াইট,386,2312565
S2,test,India,first,இன்னோவேட்டிவ்,386,2312565
S2,test,India,first,டிஜிட்டல்,386,2312565
S2,test,India,first,டைனமிக்,386,2312565
S2,test,India,first,గ్రీన్,386,2312565
S2,test,India,first,వైట్,386,2312565
S2,test,India,first,delta,385,2312565
S2,test,India,first,રોયલ,385,2312565
S2,test,India,first,சிவா,385,2312565
S2,test,India,first,ಕ್ಲಾಸಿಕ್,385,2312565
S2,test,India,first,ಭಾರತ್,385,2312565
S2,test,India,first,ಹೋಟೆಲ್,385,2312565
S2,test,India,first,as,384,2312565
S2,test,India,first,vasai,384,2312565
S2,test,India,first,ಮೈ,384,2312565
S2,test,India,first,ওয়ান,383,2312565
S2,test,India,first,સધર્ન,383,2312565
S2,test,India,first,ಸೂಪರ್,383,2312565
S2,test,India,first,ஃபார்ச்சூன்,382,2312565
S2,test,India,first,sagar,381,2312565
S2,test,India,first,ফার্স্ট,381,2312565
S2,test,India,first,બ્રાઇટ,381,2312565
S2,test,India,first,ஒன்,381,2312565
S2,test,India,first,சன்ரைஸ்,381,2312565
S2,test,India,first,பயனியர்,381,2312565
S2,test,India,first,ವಿಷನ್,381,2312565
S2,test,India,first,ইউনিক,380,2312565
S2,test,India,first,রিয়েল,379,2312565
S2,test,India,first,ಬಾಲಾಜಿ,379,2312565
S2,test,India,first,ઇન્ડો,378,2312565
S2,test,India,first,క్రియేటివ్,378,2312565
S2,test,India,first,কৃষ্ণ,377,2312565
S2,test,India,first,জৈন,377,2312565
S2,test,India,first,અલ,377,2312565
S2,test,India,first,கோல்டன்,377,2312565
S2,test,India,first,ಇಂಟರ್,377,2312565
S2,test,India,first,গ্যালাক্সি,376,2312565
S2,test,India,first,শ্যাম,375,2312565
S2,test,India,first,સુપ્રીમ,375,2312565
S2,test,India,first,గెలాక్సీ,375,2312565
S2,test,India,first,team,374,2312565
S2,test,India,first,હોટેલ,374,2312565
S2,test,India,first,அர்பன்,374,2312565
S2,test,India,first,குட்,374,2312565
S2,test,India,first,rs,373,2312565
S2,test,India,first,অ্যাপেক্স,373,2312565
S2,test,India,first,গুরু,373,2312565
S2,test,India,first,রয়্যাল,373,2312565
S2,test,India,first,பிக்,373,2312565
S2,test,India,first,আদিত্য,372,2312565
S2,test,India,first,கிரேட்,372,2312565
S2,test,India,first,మోడర్న్,372,2312565
S2,test,India,first,gupta,371,2312565
S2,test,India,first,ocean,371,2312565
S2,test,India,first,પરફેક્ટ,371,2312565
S2,test,India,first,இண்டோ,371,2312565
S2,test,India,first,reliance,370,2312565
S2,test,India,first,three,370,2312565
S2,test,India,first,লোটাস,370,2312565
S2,test,India,first,স্টার,370,2312565
S2,test,India,first,হাইটেক,370,2312565
S2,test,India,first,મોડર્ન,370,2312565
S2,test,India,first,રેડ,370,2312565
S2,test,India,first,నార్త్,370,2312565
S2,test,India,first,ಇಂಡೋ,370,2312565
S2,test,India,first,ganga,369,2312565
S2,test,India,first,radiant,369,2312565
S2,test,India,first,பாலாஜி,369,2312565
S2,test,India,first,ಗ್ಯಾಲಕ್ಸಿ,369,2312565
S2,test,India,first,বিজয়,368,2312565
S2,test,India,first,সাউদার্ন,368,2312565
S2,test,India,first,ஆல்,368,2312565
S2,test,India,first,ஸ்மார்ட்,368,2312565
S2,test,India,first,go,366,2312565
S2,test,India,first,integrated,366,2312565
S2,test,India,first,js,366,2312565
S2,test,India,first,vinayak,366,2312565
S2,test,India,first,ব্ল্যাক,366,2312565
S2,test,India,first,ஈஸ்ட்,366,2312565
S2,test,India,first,நார்த்,366,2312565
S2,test,India,first,விஜய்,366,2312565
S2,test,India,first,મા,365,2312565
S2,test,India,first,સ્કાય,365,2312565
S2,test,India,first,ராஜ்,365,2312565
S2,test,India,first,next,364,2312565
S2,test,India,first,আরবান,364,2312565
S2,test,India,first,সিটি,364,2312565
S2,test,India,first,ક્લાસિક,364,2312565
S2,test,India,first,இன்டர்நேஷனல்,364,2312565
S2,test,India,first,திருப்பதி,364,2312565
S2,test,India,first,பிரீமியர்,364,2312565
S2,test,India,first,விஷன்,364,2312565
S2,test,India,first,asian,363,2312565
S2,test,India,first,paramount,363,2312565
S2,test,India,first,ફર્સ્ટ,363,2312565
S2,test,India,first,ஹோட்டல்,363,2312565
S2,test,India,first,jyoti,362,2312565
S2,test,India,first,ইউনিভার্সাল,362,2312565
S2,test,India,first,ওম,362,2312565
S2,test,India,first,স্মার্ট,362,2312565
S2,test,India,first,માય,362,2312565
S2,test,India,first,বোম্বে,361,2312565
S2,test,India,first,সিলভার,361,2312565
S2,test,India,first,সূর্য,361,2312565
S2,test,India,first,எஸ்எஸ்,361,2312565
S2,test,India,first,deep,360,2312565
S2,test,India,first,phoenix,360,2312565
S2,test,India,first,স্বস্তিক,360,2312565
S2,test,India,first,ડ્રીમ,360,2312565
S2,test,India,first,વિઝન,360,2312565
S2,test,India,first,சில்வர்,360,2312565
S2,test,India,first,ফিউচার,359,2312565
S2,test,India,first,রাম,359,2312565
S2,test,India,first,બિગ,359,2312565
S2,test,India,first,રામ,359,2312565
S2,test,India,first,ಈಸ್ಟ್,359,2312565
S2,test,India,first,rudra,358,2312565
S2,test,India,first,ব্লু,358,2312565
S2,test,India,first,ভারত,358,2312565
S2,test,India,first,মা,358,2312565
S2,test,India,first,sm,357,2312565
S2,test,India,first,নর্থ,357,2312565
S2,test,India,first,সুপ্রিম,357,2312565
S2,test,India,first,એપેક્સ,357,2312565
S2,test,India,first,குரு,357,2312565
S2,test,India,first,பிரைட்,357,2312565
S2,test,India,first,பிளாக்,357,2312565
S2,test,India,first,ரெட்,357,2312565
S2,test,India,first,rangareddy,356,2312565
S2,test,India,first,thrissur,356,2312565
S2,test,India,first,সাউথ,356,2312565
S2,test,India,first,குஜராத்,356,2312565
S2,test,India,first,ફ્યુચર,354,2312565
S2,test,India,first,સનરાઇઝ,354,2312565
S2,test,India,first,alliance,353,2312565
S2,test,India,first,સિલ્વર,353,2312565
S2,test,India,first,டிரீம்,353,2312565
S2,test,India,first,synergy,352,2312565
S2,test,India,first,আনন্দ,352,2312565
S2,test,India,first,ইউনাইটেড,352,2312565
S2,test,India,first,ভিশন,352,2312565
S2,test,India,first,মাই,352,2312565
S2,test,India,first,கோல்டு,352,2312565
S2,test,India,first,allied,351,2312565
S2,test,India,first,jodhpur,351,2312565
S2,test,India,first,ravi,351,2312565
S2,test,India,first,শিবম,351,2312565
S2,test,India,first,અરિહંત,351,2312565
S2,test,India,first,ઈસ્ટર્ન,351,2312565
S2,test,India,first,સુપર,351,2312565
S2,test,India,first,ஆல்ஃபா,351,2312565
S2,test,India,first,નોર્થ,350,2312565
S2,test,India,first,ન્યૂ,350,2312565
S2,test,India,first,deccan,349,2312565
S2,test,India,first,એસ,349,2312565
S2,test,India,first,ગ્રીન,349,2312565
S2,test,India,first,ஆனந்த்,349,2312565
S2,test,India,first,happy,348,2312565
S2,test,India,first,மை,348,2312565
S2,test,India,first,bengal,347,2312565
S2,test,India,first,studio,347,2312565
S2,test,India,first,বেস্ট,347,2312565
S2,test,India,first,সাই,346,2312565
S2,test,India,first,সানরাইজ,346,2312565
S2,test,India,first,યુનિવર્સલ,346,2312565
S2,test,India,first,செவன்,346,2312565
S2,test,India,first,டெக்,346,2312565
S2,test,India,first,capital,345,2312565
S2,test,India,first,sadar,345,2312565
S2,test,India,first,ইস্টার্ন,345,2312565
S2,test,India,first,ডায়নামিক,345,2312565
S2,test,India,first,মডার্ন,345,2312565
S2,test,India,first,রেড,345,2312565
S2,test,India,first,amar,344,2312565
S2,test,India,first,haryana,344,2312565
S2,test,India,first,ইন্ডিয়ান,344,2312565
S2,test,India,first,પ્રાઇમ,344,2312565
S2,test,India,first,ideal,343,2312565
S2,test,India,first,গুড,343,2312565
S2,test,India,first,વન,343,2312565
S2,test,India,first,rr,342,2312565
S2,test,India,first,શક્તિ,342,2312565
S2,test,India,first,સૂર્ય,342,2312565
S2,test,India,first,யுனைடெட்,342,2312565
S2,test,India,first,gorakhpur,341,2312565
S2,test,India,first,hi,341,2312565
S2,test,India,first,અર્બન,341,2312565
S2,test,India,first,સ્ટાર,341,2312565
S2,test,India,first,shreeji,340,2312565
S2,test,India,first,সেভেন,340,2312565
S2,test,India,first,ક્રિએટિવ,340,2312565
S2,test,India,first,પ્રીમિયર,340,2312565
S2,test,India,first,બ્લેક,340,2312565
S2,test,India,first,યુનાઇટેડ,340,2312565
S2,test,India,first,સિટી,340,2312565
S2,test,India,first,uttar,339,2312565
S2,test,India,first,বালাজি,339,2312565
S2,test,India,first,সুপার,339,2312565
S2,test,India,first,આલ્ફા,339,2312565
S2,test,India,first,கிரீன்,339,2312565
S2,test,India,first,ইস্ট,338,2312565
S2,test,India,first,এসএস,338,2312565
S2,test,India,first,ক্রিয়েটিভ,338,2312565
S2,test,India,first,daskroi,337,2312565
S2,test,India,first,kumar,337,2312565
S2,test,India,first,le,337,2312565
S2,test,India,first,sp,337,2312565
S2,test,India,first,পারফেক্ট,337,2312565
S2,test,India,first,ડાયનેમિક,337,2312565
S2,test,India,first,સ્વસ્તિક,337,2312565
S2,test,India,first,crystal,336,2312565
S2,test,India,first,madurai,336,2312565
S2,test,India,first,ইন্দো,336,2312565
S2,test,India,first,প্রাইম,336,2312565
S2,test,India,first,ઇન્ડિયન,336,2312565
S2,test,India,first,ગ્લોબલ,336,2312565
S2,test,India,first,બાલાજી,336,2312565
S2,test,India,first,ஆதித்யா,336,2312565
S2,test,India,first,goregaon,335,2312565
S2,test,India,first,লাইফ,335,2312565
S2,test,India,first,shah,334,2312565
S2,test,India,first,আল,334,2312565
S2,test,India,first,গুজরাট,334,2312565
S2,test,India,first,সান,334,2312565
S2,test,India,first,ઓલ,334,2312565
S2,test,India,first,સન,334,2312565
S2,test,India,first,கிருஷ்ணா,334,2312565
S2,test,India,first,சிவம்,334,2312565
S2,test,India,first,av,333,2312565
S2,test,India,first,રિયલ,333,2312565
S2,test,India,first,லைஃப்,333,2312565
S2,test,India,first,patel,332,2312565
S2,test,India,first,prakash,332,2312565
S2,test,India,first,ডিজিটাল,332,2312565
S2,test,India,first,প্রিমিয়ার,332,2312565
S2,test,India,first,aryan,331,2312565
S2,test,India,first,neo,331,2312565
S2,test,India,first,square,331,2312565
S2,test,India,first,স্কাই,331,2312565
S2,test,India,first,ad,330,2312565
S2,test,India,first,associated,330,2312565
S2,test,India,first,sv,330,2312565
S2,test,India,first,trust,330,2312565
S2,test,India,first,vikas,330,2312565
S2,test,India,first,શિવમ,330,2312565
S2,test,India,first,am,329,2312565
S2,test,India,first,infratech,329,2312565
S2,test,India,first,maruti,329,2312565
S2,test,India,first,rama,329,2312565
S2,test,India,first,পায়োনিয়ার,329,2312565
S2,test,India,first,બ્લૂ,329,2312565
S2,test,India,first,ભારત,329,2312565
S2,test,India,first,હાઇ,329,2312565
S2,test,India,first,হরি,328,2312565
S2,test,India,first,લાઇફ,328,2312565
S2,test,India,first,raja,327,2312565
S2,test,India,first,right,327,2312565
S2,test,India,first,ক্লাসিক,327,2312565
S2,test,India,first,બેસ્ટ,327,2312565
S2,test,India,first,હાઇટેક,327,2312565
S2,test,India,first,jeevan,326,2312565
S2,test,India,first,singh,326,2312565
S2,test,India,first,બાબા,326,2312565
S2,test,India,first,બોમ્બે,326,2312565
S2,test,India,first,રાજ,326,2312565
S2,test,India,first,huzur,325,2312565
S2,test,India,first,siddhi,325,2312565
S2,test,India,first,ઈસ્ટ,325,2312565
S2,test,India,first,ફોર્ચ્યુન,325,2312565
S2,test,India,first,மாடர்ன்,325,2312565
S2,test,India,first,pragati,324,2312565
S2,test,India,first,ড্রিম,324,2312565
S2,test,India,first,বিগ,324,2312565
S2,test,India,first,புளூ,323,2312565
S2,test,India,first,eagle,322,2312565
S2,test,India,first,home,321,2312565
S2,test,India,first,ps,321,2312565
S2,test,India,first,ગોલ્ડન,321,2312565
S2,test,India,first,ab,320,2312565
S2,test,India,first,panvel,320,2312565
S2,test,India,first,গ্রেট,320,2312565
S2,test,India,first,જૈન,320,2312565
S2,test,India,first,પાયોનિયર,320,2312565
S2,test,India,first,advance,319,2312565
S2,test,India,first,ap,319,2312565
S2,test,India,first,સેવન,319,2312565
S2,test,India,first,சிவ்,319,2312565
S2,test,India,first,max,318,2312565
S2,test,India,first,લોટસ,318,2312565
S2,test,India,first,mm,317,2312565
S2,test,India,first,টেক,317,2312565
S2,test,India,first,angel,316,2312565
S2,test,India,first,orange,316,2312565
S2,test,India,first,આદિત્ય,316,2312565
S2,test,India,first,વ્હાઇટ,316,2312565
S2,test,India,first,அரிஹந்த்,316,2312565
S2,test,India,first,ganpati,315,2312565
S2,test,India,first,oriental,315,2312565
S2,test,India,first,ব্রাইট,315,2312565
S2,test,India,first,ઇનોવેટિવ,315,2312565
S2,test,India,first,એસએસ,314,2312565
S2,test,India,first,হাই,313,2312565
S2,test,India,first,vishal,312,2312565
S2,test,India,first,allahabad,311,2312565
S2,test,India,first,precision,311,2312565
S2,test,India,first,ইনোভেটিভ,311,2312565
S2,test,India,first,adarsh,309,2312565
S2,test,India,first,pearl,308,2312565
S2,test,India,first,mega,307,2312565
S2,test,India,first,নিউ,307,2312565
S2,test,India,first,satyam,306,2312565
S2,test,India,first,হোটেল,306,2312565
S2,test,India,first,યુનિક,306,2312565
S2,test,India,first,safe,305,2312565
S2,test,India,first,st,305,2312565
S2,test,India,first,গোল্ড,305,2312565
S2,test,India,first,யுனிவர்சல்,305,2312565
S2,test,India,first,ak,303,2312565
S2,test,India,first,space,303,2312565
S2,test,India,first,matrix,302,2312565
S2,test,India,first,quality,302,2312565
S2,test,India,first,এইস,302,2312565
S2,test,India,first,house,301,2312565
S2,test,India,first,સ્માર્ટ,301,2312565
S2,test,India,first,chandra,300,2312565
S2,test,India,first,mars,300,2312565
S2,test,India,first,ગુડ,300,2312565
S2,test,India,first,business,298,2312565
S2,test,India,first,trinity,298,2312565
S2,test,India,first,agarwal,297,2312565
S2,test,India,first,durga,297,2312565
S2,test,India,first,infinity,297,2312565
S2,test,India,first,ইন্টারন্যাশনাল,297,2312565
S2,test,India,first,fine,296,2312565
S2,test,India,first,ns,296,2312565
S2,test,India,first,horizon,295,2312565
S2,test,India,first,nextgen,295,2312565
S2,test,India,first,omega,295,2312565
S2,test,India,first,pinnacle,295,2312565
S2,test,India,first,sg,295,2312565
S2,test,India,first,ઇન્ટરનેશનલ,295,2312565
S2,test,India,first,greater,294,2312565
S2,test,India,first,salem,294,2312565
S2,test,India,first,advanced,293,2312565
S2,test,India,first,dlf,293,2312565
S2,test,India,first,sterling,293,2312565
S2,test,India,first,শক্তি,293,2312565
S2,test,India,first,rajasthan,292,2312565
S2,test,India,first,mohan,291,2312565
S2,test,India,first,তিরুপতি,291,2312565
S2,test,India,first,gautam,290,2312565
S2,test,India,first,গ্রীন,290,2312565
S2,test,India,first,ગોલ્ડ,290,2312565
S2,test,India,first,master,289,2312565
S2,test,India,first,corporate,288,2312565
S2,test,India,first,pure,288,2312565
S2,test,India,first,guntur,286,2312565
S2,test,India,first,ગુરુ,285,2312565
S2,test,India,first,gwalior,284,2312565
S2,test,India,first,institute,283,2312565
S2,test,India,first,maha,283,2312565
S2,test,India,first,vishnu,283,2312565
S2,test,India,first,jm,282,2312565
S2,test,India,first,jp,282,2312565
S2,test,India,first,az,281,2312565
S2,test,India,first,micro,281,2312565
S2,test,India,first,auto,280,2312565
S2,test,India,first,pro,280,2312565
S2,test,India,first,crown,279,2312565
S2,test,India,first,health,279,2312565
S2,test,India,first,natural,279,2312565
S2,test,India,first,vr,279,2312565
S2,test,India,first,vs,279,2312565
S2,test,India,first,andheri,278,2312565
S2,test,India,first,standard,277,2312565
S2,test,India,first,trans,277,2312565
S2,test,India,first,jupiter,276,2312565
S2,test,India,first,madhav,276,2312565
S2,test,India,first,nav,276,2312565
S2,test,India,first,it,275,2312565
S2,test,India,first,bareilly,273,2312565
S2,test,India,first,clean,272,2312565
S2,test,India,first,genesis,272,2312565
S2,test,India,first,kandivali,271,2312565
S2,test,India,first,ma,271,2312565
S2,test,India,first,rm,271,2312565
S2,test,India,first,century,270,2312565
S2,test,India,first,devi,269,2312565
S2,test,India,first,sb,269,2312565
S2,test,India,first,ഗ്രീൻ,269,2312565
S2,test,India,first,bhagwati,268,2312565
S2,test,India,first,evergreen,268,2312565
S2,test,India,first,rohini,268,2312565
S2,test,India,first,we,268,2312565
S2,test,India,first,gayatri,267,2312565
S2,test,India,first,sigma,267,2312565
S2,test,India,first,triveni,267,2312565
S2,test,India,first,usha,267,2312565
S2,test,India,first,vijaya,267,2312565
S2,test,India,first,kailash,266,2312565
S2,test,India,first,kerala,266,2312565
S2,test,India,first,khairatabad,266,2312565
S2,test,India,first,zenith,266,2312565
S2,test,India,first,divya,265,2312565
S2,test,India,first,mahalaxmi,265,2312565
S2,test,India,first,mehta,265,2312565
S2,test,India,first,orbit,265,2312565
S2,test,India,first,quantum,265,2312565
S2,test,India,first,shanti,264,2312565
S2,test,India,first,আলফা,264,2312565
S2,test,India,first,secure,263,2312565
S2,test,India,first,steel,263,2312565
S2,test,India,first,aj,262,2312565
S2,test,India,first,rahul,262,2312565
S2,test,India,first,rd,262,2312565
S2,test,India,first,suraj,262,2312565
S2,test,India,first,cochin,261,2312565
S2,test,India,first,magic,261,2312565
S2,test,India,first,നോർത്ത്,261,2312565
S2,test,India,first,ajay,260,2312565
S2,test,India,first,cosmos,260,2312565
S2,test,India,first,dk,260,2312565
S2,test,India,first,gs,260,2312565
S2,test,India,first,km,259,2312565
S2,test,India,first,mahavir,259,2312565
S2,test,India,first,planet,259,2312565
S2,test,India,first,swami,259,2312565
S2,test,India,first,ess,257,2312565
S2,test,India,first,everest,257,2312565
S2,test,India,first,mk,257,2312565
S2,test,India,first,ashoka,256,2312565
S2,test,India,first,nk,256,2312565
S2,test,India,first,pacific,256,2312565
S2,test,India,first,ശിവം,256,2312565
S2,test,India,first,acme,255,2312565
S2,test,India,first,empire,255,2312565
S2,test,India,first,malad,255,2312565
S2,test,India,first,shubham,255,2312565
S2,test,India,first,value,255,2312565
S2,test,India,first,orient,254,2312565
S2,test,India,first,progressive,254,2312565
S2,test,India,first,arya,253,2312565
S2,test,India,first,design,253,2312565
S2,test,India,first,just,253,2312565
S2,test,India,first,pan,253,2312565
S2,test,India,first,ആദിത്യ,253,2312565
S2,test,India,first,an,252,2312565
S2,test,India,first,express,252,2312565
S2,test,India,first,jd,252,2312565
S2,test,India,first,mark,252,2312565
S2,test,India,first,national,252,2312565
S2,test,India,first,kk,251,2312565
S2,test,India,first,noble,251,2312565
S2,test,India,first,skyline,251,2312565
S2,test,India,first,ഈസ്റ്റേൺ,251,2312565
S2,test,India,first,amit,250,2312565
S2,test,India,first,paras,250,2312565
S2,test,India,first,salasar,250,2312565
S2,test,India,first,sector,250,2312565
S2,test,India,first,jr,248,2312565
S2,test,India,first,oasis,248,2312565
S2,test,India,first,ഈസ്റ്റ്,248,2312565
S2,test,India,first,de,247,2312565
S2,test,India,first,easy,247,2312565
S2,test,India,first,rapid,247,2312565
S2,test,India,first,ഗുജറാത്ത്,247,2312565
S2,test,India,first,ks,246,2312565
S2,test,India,first,top,246,2312565
S2,test,India,first,ക്ലാസിക്,246,2312565
S2,test,India,first,mangalore,245,2312565
S2,test,India,first,sn,245,2312565
S2,test,India,first,vaibhav,245,2312565
S2,test,India,first,ഓം,244,2312565
S2,test,India,first,ഗാലക്സി,244,2312565
S2,test,India,first,falcon,243,2312565
S2,test,India,first,friends,243,2312565
S2,test,India,first,jk,243,2312565
S2,test,India,first,saffron,243,2312565
S2,test,India,first,కృష్ణా,243,2312565
S2,test,India,first,ഇന്റർനാഷണൽ,243,2312565
S2,test,India,first,spectrum,242,2312565
S2,test,India,first,total,242,2312565
S2,test,India,first,ന്യൂ,242,2312565
S2,test,India,first,സൺ,242,2312565
S2,test,India,first,prem,241,2312565
S2,test,India,first,റിയൽ,241,2312565
S2,test,India,first,സെവൻ,241,2312565
S2,test,India,first,kochi,240,2312565
S2,test,India,first,nature,240,2312565
S2,test,India,first,paradise,240,2312565
S2,test,India,first,quick,240,2312565
S2,test,India,first,rishi,240,2312565
S2,test,India,first,rv,240,2312565
S2,test,India,first,samarth,240,2312565
S2,test,India,first,amrit,239,2312565
S2,test,India,first,ബിഗ്,239,2312565
S2,test,India,first,kolhapur,238,2312565
S2,test,India,first,mg,238,2312565
S2,test,India,first,mp,238,2312565
S2,test,India,first,solar,238,2312565
S2,test,India,first,శివ,238,2312565
S2,test,India,first,ആനന്ദ്,238,2312565
S2,test,India,first,jindal,237,2312565
S2,test,India,first,pr,237,2312565
S2,test,India,first,ସନ୍,237,2312565
S2,test,India,first,dadri,236,2312565
S2,test,India,first,grace,236,2312565
S2,test,India,first,ashok,235,2312565
S2,test,India,first,disha,235,2312565
S2,test,India,first,infinite,235,2312565
S2,test,India,first,ശ്യാം,235,2312565
S2,test,India,first,calcutta,234,2312565
S2,test,India,first,vm,234,2312565
S2,test,India,first,ഇന്തോ,234,2312565
S2,test,India,first,പ്രൈം,234,2312565
S2,test,India,first,ബ്രൈറ്റ്,234,2312565
S2,test,India,first,bs,233,2312565
S2,test,India,first,സൗത്ത്,233,2312565
S2,test,India,first,akash,232,2312565
S2,test,India,first,axis,232,2312565
S2,test,India,first,gm,232,2312565
S2,test,India,first,trident,232,2312565
S2,test,India,first,ujjain,232,2312565
S2,test,India,first,സ്റ്റാർ,232,2312565
S2,test,India,first,bhilwara,231,2312565
S2,test,India,first,പ്രീമിയർ,231,2312565
S2,test,India,first,aqua,230,2312565
S2,test,India,first,പെർഫെക്റ്റ്,230,2312565
S2,test,India,first,ai,229,2312565
S2,test,India,first,brand,229,2312565
S2,test,India,first,food,229,2312565
S2,test,India,first,grow,229,2312565
S2,test,India,first,success,229,2312565
S2,test,India,first,varun,229,2312565
S2,test,India,first,ഗോൾഡൻ,229,2312565
S2,test,India,first,kamal,228,2312565
S2,test,India,first,kay,228,2312565
S2,test,India,first,శివా,228,2312565
S2,test,India,first,alpine,227,2312565
S2,test,India,first,anant,227,2312565
S2,test,India,first,brothers,227,2312565
S2,test,India,first,elegant,227,2312565
S2,test,India,first,ഫസ്റ്റ്,227,2312565
S2,test,India,first,career,226,2312565
S2,test,India,first,da,226,2312565
S2,test,India,first,ds,226,2312565
S2,test,India,first,hind,226,2312565
S2,test,India,first,magnum,226,2312565
S2,test,India,first,vk,226,2312565
S2,test,India,first,ഡൈനാമിക്,226,2312565
S2,test,India,first,തിരുപ്പതി,226,2312565
S2,test,India,first,പയനിയർ,226,2312565
S2,test,India,first,gp,225,2312565
S2,test,India,first,kota,225,2312565
S2,test,India,first,rising,225,2312565
S2,test,India,first,sam,225,2312565
S2,test,India,first,abhishek,224,2312565
S2,test,India,first,deepak,224,2312565
S2,test,India,first,hk,224,2312565
S2,test,India,first,hr,224,2312565
S2,test,India,first,leo,224,2312565
S2,test,India,first,orissa,224,2312565
S2,test,India,first,to,224,2312565
S2,test,India,first,uma,224,2312565
S2,test,India,first,ജൈൻ,224,2312565
S2,test,India,first,ലൈഫ്,223,2312565
S2,test,India,first,സൂപ്പർ,223,2312565
S2,test,India,first,sangam,222,2312565
S2,test,India,first,vee,222,2312565
S2,test,India,first,രാം,222,2312565
S2,test,India,first,accurate,221,2312565
S2,test,India,first,sanjay,221,2312565
S2,test,India,first,saraswati,221,2312565
S2,test,India,first,ശിവ്,221,2312565
S2,test,India,first,five,220,2312565
S2,test,India,first,keshav,220,2312565
S2,test,India,first,radhika,220,2312565
S2,test,India,first,sas,220,2312565
S2,test,India,first,serilingampally,220,2312565
S2,test,India,first,ఓం,220,2312565
S2,test,India,first,ഭാരത്,220,2312565
S2,test,India,first,rb,219,2312565
S2,test,India,first,യുണൈറ്റഡ്,219,2312565
S2,test,India,first,വൈറ്റ്,219,2312565
S2,test,India,first,ambala,218,2312565
S2,test,India,first,imperial,218,2312565
S2,test,India,first,jb,218,2312565
S2,test,India,first,kd,218,2312565
S2,test,India,first,kg,218,2312565
S2,test,India,first,little,218,2312565
S2,test,India,first,rg,218,2312565
S2,test,India,first,rp,218,2312565
S2,test,India,first,shubh,218,2312565
S2,test,India,first,travel,218,2312565
S2,test,India,first,രാജ്,218,2312565
S2,test,India,first,navkar,217,2312565
S2,test,India,first,orchid,217,2312565
S2,test,India,first,ra,217,2312565
S2,test,India,first,ടെക്,217,2312565
S2,test,India,first,ഫ്യൂച്ചർ,217,2312565
S2,test,India,first,gn,216,2312565
S2,test,India,first,orion,216,2312565
S2,test,India,first,സതേൺ,216,2312565
S2,test,India,first,air,215,2312565
S2,test,India,first,kalinga,215,2312565
S2,test,India,first,multi,215,2312565
S2,test,India,first,purple,215,2312565
S2,test,India,first,അരിഹന്ത്,215,2312565
S2,test,India,first,എസ്എസ്,215,2312565
S2,test,India,first,ഗ്രേറ്റ്,215,2312565
S2,test,India,first,ബോംബെ,215,2312565
S2,test,India,first,ഹരി,215,2312565
S2,test,India,first,bansal,214,2312565
S2,test,India,first,cosmic,214,2312565
S2,test,India,first,globe,214,2312565
S2,test,India,first,kiran,214,2312565
S2,test,India,first,premium,214,2312565
S2,test,India,first,ബാബ,214,2312565
S2,test,India,first,apollo,213,2312565
S2,test,India,first,aura,213,2312565
S2,test,India,first,earth,213,2312565
S2,test,India,first,rose,213,2312565
S2,test,India,first,aa,212,2312565
S2,test,India,first,abc,212,2312565
S2,test,India,first,bm,212,2312565
S2,test,India,first,narayan,212,2312565
S2,test,India,first,sd,212,2312565
S2,test,India,first,traders,212,2312565
S2,test,India,first,എയ്സ്,212,2312565
S2,test,India,first,ബ്ലൂ,212,2312565
S2,test,India,first,active,211,2312565
S2,test,India,first,cuttack,211,2312565
S2,test,India,first,erode,211,2312565
S2,test,India,first,jalandhar,211,2312565
S2,test,India,first,mohali,211,2312565
S2,test,India,first,pooja,211,2312565
S2,test,India,first,cp,210,2312565
S2,test,India,first,dg,210,2312565
S2,test,India,first,modi,210,2312565
S2,test,India,first,nova,210,2312565
S2,test,India,first,virtual,210,2312565
S2,test,India,first,yellow,210,2312565
S2,test,India,first,ഗ്ലോബൽ,210,2312565
S2,test,India,first,റെഡ്,210,2312565
S2,test,India,first,ശക്തി,210,2312565
S2,test,India,first,centre,209,2312565
S2,test,India,first,karnataka,209,2312565
S2,test,India,first,mathura,209,2312565
S2,test,India,first,northern,209,2312565
S2,test,India,first,ଶ୍ରୀ,209,2312565
S2,test,India,first,അർബൻ,209,2312565
S2,test,India,first,ഗുരു,209,2312565
S2,test,India,first,മോഡേൺ,209,2312565
S2,test,India,first,gopal,208,2312565
S2,test,India,first,mv,208,2312565
S2,test,India,first,society,208,2312565
S2,test,India,first,ലോട്ടസ്,208,2312565
S2,test,India,first,ഹോട്ടൽ,208,2312565
S2,test,India,first,alfa,207,2312565
S2,test,India,first,asha,207,2312565
S2,test,India,first,jabalpur,207,2312565
S2,test,India,first,mittal,207,2312565
S2,test,India,first,near,207,2312565
S2,test,India,first,nexus,207,2312565
S2,test,India,first,sampatchak,207,2312565
S2,test,India,first,vikram,207,2312565
S2,test,India,first,ഗോൾഡ്,207,2312565
S2,test,India,first,ഡിജിറ്റൽ,207,2312565
S2,test,India,first,ഫോർച്യൂൺ,207,2312565
S2,test,India,first,ബെസ്റ്റ്,207,2312565
S2,test,India,first,ag,206,2312565
S2,test,India,first,dwarka,206,2312565
S2,test,India,first,general,206,2312565
S2,test,India,first,priya,206,2312565
S2,test,India,first,sj,206,2312565
S2,test,India,first,uttam,206,2312565
S2,test,India,first,സൂര്യ,206,2312565
S2,test,India,first,ഹൈടെക്,206,2312565
S2,test,India,first,euro,205,2312565
S2,test,India,first,kv,205,2312565
S2,test,India,first,md,205,2312565
S2,test,India,first,dp,204,2312565
S2,test,India,first,latur,204,2312565
S2,test,India,first,santosh,204,2312565
S2,test,India,first,spark,204,2312565
S2,test,India,first,ಜಯ್,204,2312565
S2,test,India,first,ക്രിയേറ്റീവ്,204,2312565
S2,test,India,first,cloud,203,2312565
S2,test,India,first,kp,203,2312565
S2,test,India,first,nj,203,2312565
S2,test,India,first,siliguri,203,2312565
S2,test,India,first,jj,202,2312565
S2,test,India,first,aman,201,2312565
S2,test,India,first,bk,201,2312565
S2,test,India,first,data,201,2312565
S2,test,India,first,fresh,201,2312565
S2,test,India,first,jaya,201,2312565
S2,test,India,first,mc,201,2312565
S2,test,India,first,unity,201,2312565
S2,test,India,first,vertex,201,2312565
S2,test,India,first,continental,200,2312565
S2,test,India,first,pc,200,2312565
S2,test,India,first,radhey,200,2312565
S2,test,India,first,vj,200,2312565
S2,test,India,first,ఓమ్,200,2312565
S2,test,India,last,limited,515869,2312565
S2,test,India,last,ltd,310908,2312565
S2,test,India,last,लिमिटेड,217424,2312565
S2,test,India,last,private,130546,2312565
S2,test,India,last,llp,64728,2312565
S2,test,India,last,com,62853,2312565
S2,test,India,last,center,51633,2312565
S2,test,India,last,लि,40478,2312565
S2,test,India,last,services,40454,2312565
S2,test,India,last,pvt,40402,2312565
S2,test,India,last,లిమిటెడ్,37649,2312565
S2,test,India,last,ಲಿಮಿಟೆಡ್,36641,2312565
S2,test,India,last,லிமிடெட்,32270,2312565
S2,test,India,last,লিমিটেড,29613,2312565
S2,test,India,last,co,29045,2312565
S2,test,India,last,લિમિટેડ,24741,2312565
S2,test,India,last,corporation,19920,2312565
S2,test,India,last,एलएलपी,19822,2312565
S2,test,India,last,corp,19817,2312565
S2,test,India,last,company,19584,2312565
S2,test,India,last,ലിമിറ്റഡ്,18317,2312565
S2,test,India,last,service,17308,2312565
S2,test,India,last,partners,16594,2312565
S2,test,India,last,group,15476,2312565
S2,test,India,last,p,14031,2312565
S2,test,India,last,límited,13700,2312565
S2,test,India,last,holdings,13344,2312565
S2,test,India,last,enterprises,11925,2312565
S2,test,India,last,industries,11357,2312565
S2,test,India,last,india,10998,2312565
S2,test,India,last,ventures,10917,2312565
S2,test,India,last,exports,10108,2312565
S2,test,India,last,infratech,9501,2312565
S2,test,India,last,overseas,9432,2312565
S2,test,India,last,ଲିମିଟେଡ୍,7298,2312565
S2,test,India,last,ਲਿਮਟਿਡ,5576,2312565
S2,test,India,last,brothers,4534,2312565
S2,test,India,last,લિ,4520,2312565
S2,test,India,last,trust,4377,2312565
S2,test,India,last,solutions,4248,2312565
S2,test,India,last,trading,4236,2312565
S2,test,India,last,clinic,3418,2312565
S2,test,India,last,foundation,3339,2312565
S2,test,India,last,technologies,3194,2312565
S2,test,India,last,associates,3103,2312565
S2,test,India,last,traders,3034,2312565
S2,test,India,last,care,3011,2312565
S2,test,India,last,పీ,2981,2312565
S2,test,India,last,ಪಿ,2802,2312565
S2,test,India,last,society,2561,2312565
S2,test,India,last,எல்எல்பி,2541,2312565
S2,test,India,last,consultants,2436,2312565
S2,test,India,last,consultancy,2420,2312565
S2,test,India,last,એલએલપી,2349,2312565
S2,test,India,last,public,2335,2312565
S2,test,India,last,এলএলপি,2305,2312565
S2,test,India,last,technology,2297,2312565
S2,test,India,last,school,2148,2312565
S2,test,India,last,sons,2040,2312565
S2,test,India,last,developers,1753,2312565
S2,test,India,last,prívate,1749,2312565
S2,test,India,last,institute,1727,2312565
S2,test,India,last,sangh,1720,2312565
S2,test,India,last,marketing,1690,2312565
S2,test,India,last,foods,1653,2312565
S2,test,India,last,engineering,1644,2312565
S2,test,India,last,international,1619,2312565
S2,test,India,last,hospital,1587,2312565
S2,test,India,last,academy,1542,2312565
S2,test,India,last,agro,1472,2312565
S2,test,India,last,management,1450,2312565
S2,test,India,last,എൽഎൽപി,1426,2312565
S2,test,India,last,infra,1411,2312565
S2,test,India,last,centre,1395,2312565
S2,test,India,last,constructions,1380,2312565
S2,test,India,last,polytechnic,1376,2312565
S2,test,India,last,producer,1370,2312565
S2,test,India,last,products,1370,2312565
S2,test,India,last,advisors,1366,2312565
S2,test,India,last,vidyalaya,1341,2312565
S2,test,India,last,có,1323,2312565
S2,test,India,last,college,1320,2312565
S2,test,India,last,systems,1316,2312565
S2,test,India,last,samiti,1312,2312565
S2,test,India,last,home,1284,2312565
S2,test,India,last,finance,1280,2312565
S2,test,India,last,projects,1252,2312565
S2,test,India,last,tech,1243,2312565
S2,test,India,last,global,1228,2312565
S2,test,India,last,media,1200,2312565
S2,test,India,last,infrastructure,1190,2312565
S2,test,India,last,construction,1189,2312565
S2,test,India,last,software,1182,2312565
S2,test,India,last,energy,1173,2312565
S2,test,India,last,consulting,1162,2312565
S2,test,India,last,infotech,1142,2312565
S2,test,India,last,properties,1106,2312565
S2,test,India,last,it,1100,2312565
S2,test,India,last,ਲਿ,1089,2312565
S2,test,India,last,builders,1084,2312565
S2,test,India,last,business,1071,2312565
S2,test,India,last,healthcare,1045,2312565
S2,test,India,last,power,1034,2312565
S2,test,India,last,impex,1030,2312565
S2,test,India,last,hospitality,1015,2312565
S2,test,India,last,investments,989,2312565
S2,test,India,last,food,988,2312565
S2,test,India,last,logistics,968,2312565
S2,test,India,last,investment,959,2312565
S2,test,India,last,estate,936,2312565
S2,test,India,last,cénter,857,2312565
S2,test,India,last,welfare,765,2312565
S2,test,India,last,chambers,755,2312565
S2,test,India,last,educational,755,2312565
S2,test,India,last,sérvices,701,2312565
S2,test,India,last,charitable,697,2312565
S2,test,India,last,seva,684,2312565
S2,test,India,last,memorial,669,2312565
S2,test,India,last,medical,656,2312565
S2,test,India,last,इंजीनियरिंग,644,2312565
S2,test,India,last,delhi,626,2312565
S2,test,India,last,टेक्नोलॉजीज,626,2312565
S2,test,India,last,एंटरप्राइजेज,618,2312565
S2,test,India,last,ट्रेडिंग,616,2312565
S2,test,India,last,फूड्स,610,2312565
S2,test,India,last,c0m,608,2312565
S2,test,India,last,इंडस्ट्रीज,600,2312565
S2,test,India,last,सॉल्यूशंस,591,2312565
S2,test,India,last,of,588,2312565
S2,test,India,last,companies,546,2312565
S2,test,India,last,कंस्ट्रक्शंस,541,2312565
S2,test,India,last,5ervices,497,2312565
S2,test,India,last,ପି,495,2312565
S2,test,India,last,nursing,488,2312565
S2,test,India,last,electronics,485,2312565
S2,test,India,last,córp,460,2312565
S2,test,India,last,córporation,454,2312565
S2,test,India,last,सिस्टम्स,450,2312565
S2,test,India,last,cómpany,448,2312565
S2,test,India,last,एस्टेट,443,2312565
S2,test,India,last,लॉजिस्टिक्स,443,2312565
S2,test,India,last,agencies,442,2312565
S2,test,India,last,ਐਲਐਲਪੀ,440,2312565
S2,test,India,last,steel,439,2312565
S2,test,India,last,डेवलपर्स,437,2312565
S2,test,India,last,कंस्ट्रक्शन,435,2312565
S2,test,India,last,वेंचर्स,433,2312565
S2,test,India,last,law,430,2312565
S2,test,India,last,textiles,430,2312565
S2,test,India,last,एनर्जी,430,2312565
S2,test,India,last,मैनेजमेंट,430,2312565
S2,test,India,last,प्रोजेक्ट्स,429,2312565
S2,test,India,last,टेक,422,2312565
S2,test,India,last,फाइनेंस,422,2312565
S2,test,India,last,आईटी,417,2312565
S2,test,India,last,security,416,2312565
S2,test,India,last,pártners,415,2312565
S2,test,India,last,हॉस्पिटैलिटी,415,2312565
S2,test,India,last,इंफ्रा,413,2312565
S2,test,India,last,फूड,413,2312565
S2,test,India,last,इंफ्रास्ट्रक्चर,412,2312565
S2,test,India,last,इन्वेस्टमेंट्स,411,2312565
S2,test,India,last,सॉफ्टवेयर,411,2312565
S2,test,India,last,हेल्थकेयर,410,2312565
S2,test,India,last,realty,407,2312565
S2,test,India,last,प्रोडक्ट्स,407,2312565
S2,test,India,last,motors,406,2312565
S2,test,India,last,इन्वेस्टमेंट,406,2312565
S2,test,India,last,chemicals,404,2312565
S2,test,India,last,ग्लोबल,401,2312565
S2,test,India,last,टेक्नोलॉजी,401,2312565
S2,test,India,last,इंफोटेक,399,2312565
S2,test,India,last,solution,397,2312565
S2,test,India,last,फाउंडेशन,397,2312565
S2,test,India,last,मार्केटिंग,395,2312565
S2,test,India,last,सर्विसेज,392,2312565
S2,test,India,last,real,391,2312565
S2,test,India,last,इंटरनेशनल,391,2312565
S2,test,India,last,एक्सपोर्ट्स,390,2312565
S2,test,India,last,बिल्डर्स,386,2312565
S2,test,India,last,engineers,379,2312565
S2,test,India,last,research,379,2312565
S2,test,India,last,कंसल्टिंग,379,2312565
S2,test,India,last,बिजनेस,379,2312565
S2,test,India,last,कंसल्टेंसी,378,2312565
S2,test,India,last,इम्पेक्स,377,2312565
S2,test,India,last,estates,376,2312565
S2,test,India,last,प्रॉपर्टीज,374,2312565
S2,test,India,last,एग्रो,373,2312565
S2,test,India,last,farms,371,2312565
S2,test,India,last,प्रोड्यूसर,371,2312565
S2,test,India,last,health,369,2312565
S2,test,India,last,केयर,369,2312565
S2,test,India,last,education,367,2312565
S2,test,India,last,कंसल्टेंट्स,365,2312565
S2,test,India,last,financial,363,2312565
S2,test,India,last,मीडिया,363,2312565
S2,test,India,last,hotels,362,2312565
S2,test,India,last,trúst,359,2312565
S2,test,India,last,pharmaceuticals,358,2312565
S2,test,India,last,पावर,354,2312565
S2,test,India,last,jewellers,352,2312565
S2,test,India,last,mills,347,2312565
S2,test,India,last,farmer,344,2312565
S2,test,India,last,automobiles,343,2312565
S2,test,India,last,resorts,340,2312565
S2,test,India,last,travels,331,2312565
S2,test,India,last,digital,330,2312565
S2,test,India,last,furniture,329,2312565
S2,test,India,last,índia,329,2312565
S2,test,India,last,pharma,325,2312565
S2,test,India,last,chits,322,2312565
S2,test,India,last,entertainment,319,2312565
S2,test,India,last,hotel,318,2312565
S2,test,India,last,general,314,2312565
S2,test,India,last,garments,307,2312565
S2,test,India,last,nidhi,306,2312565
S2,test,India,last,chit,305,2312565
S2,test,India,last,realtors,304,2312565
S2,test,India,last,development,298,2312565
S2,test,India,last,buildcon,297,2312565
S2,test,India,last,clínic,294,2312565
S2,test,India,last,innovations,292,2312565
S2,test,India,last,exim,290,2312565
S2,test,India,last,life,290,2312565
S2,test,India,last,sales,288,2312565
S2,test,India,last,gróup,287,2312565
S2,test,India,last,sweets,285,2312565
S2,test,India,last,stores,283,2312565
S2,test,India,last,mumbai,281,2312565
S2,test,India,last,restaurant,280,2312565
S2,test,India,last,sérvice,279,2312565
S2,test,India,last,securities,277,2312565
S2,test,India,last,green,276,2312565
S2,test,India,last,city,275,2312565
S2,test,India,last,homes,274,2312565
S2,test,India,last,labs,274,2312565
S2,test,India,last,farmers,267,2312565
S2,test,India,last,medicals,264,2312565
S2,test,India,last,pharmacy,264,2312565
S2,test,India,last,1imited,261,2312565
S2,test,India,last,capital,257,2312565
S2,test,India,last,c0,256,2312565
S2,test,India,last,fóundation,256,2312565
S2,test,India,last,fund,253,2312565
S2,test,India,last,housing,253,2312565
S2,test,India,last,network,253,2312565
S2,test,India,last,bakery,245,2312565
S2,test,India,last,leasing,245,2312565
S2,test,India,last,advisory,242,2312565
S2,test,India,last,provision,241,2312565
S2,test,India,last,hardware,240,2312565
S2,test,India,last,trade,238,2312565
S2,test,India,last,मोटर्स,235,2312565
S2,test,India,last,retail,232,2312565
S2,test,India,last,solar,230,2312565
S2,test,India,last,स्टोर्स,228,2312565
S2,test,India,last,ऑटोमोबाइल्स,225,2312565
S2,test,India,last,टेक्सटाइल्स,225,2312565
S2,test,India,last,प्रोविजन,225,2312565
S2,test,India,last,bróthers,224,2312565
S2,test,India,last,हार्डवेयर,224,2312565
S2,test,India,last,बेकरी,222,2312565
S2,test,India,last,स्वीट्स,222,2312565
S2,test,India,last,5ervice,221,2312565
S2,test,India,last,auto,219,2312565
S2,test,India,last,hóldings,218,2312565
S2,test,India,last,एजेंसीज,216,2312565
S2,test,India,last,फर्नीचर,214,2312565
S2,test,India,last,works,213,2312565
S2,test,India,last,जनरल,211,2312565
S2,test,India,last,फार्मेसी,210,2312565
S2,test,India,last,ज्वेलर्स,209,2312565
S2,test,India,last,होटल,209,2312565
S2,test,India,last,commercial,208,2312565
S2,test,India,last,ट्रेडर्स,206,2312565
S2,test,India,last,design,200,2312565
S2,test,US,first,llc,25074,1871330
S2,test,US,first,the,24755,1871330
S2,test,US,first,pediatric,18400,1871330
S2,test,US,first,inc,17858,1871330
S2,test,US,first,family,8082,1871330
S2,test,US,first,a,7078,1871330
S2,test,US,first,corp,6665,1871330
S2,test,US,first,primary,6323,1871330
S2,test,US,first,cardiology,6250,1871330
S2,test,US,first,ear,6217,1871330
S2,test,US,first,blue,6216,1871330
S2,test,US,first,surgical,6172,1871330
S2,test,US,first,foot,6163,1871330
S2,test,US,first,dermatology,6143,1871330
S2,test,US,first,behavioral,6139,1871330
S2,test,US,first,dental,6135,1871330
S2,test,US,first,eye,6125,1871330
S2,test,US,first,orthopedic,6041,1871330
S2,test,US,first,urgent,5991,1871330
S2,test,US,first,internal,5967,1871330
S2,test,US,first,womens,5967,1871330
S2,test,US,first,chiropractic,5925,1871330
S2,test,US,first,vision,5916,1871330
S2,test,US,first,group,5906,1871330
S2,test,US,first,co,5883,1871330
S2,test,US,first,physical,5786,1871330
S2,test,US,first,urology,5752,1871330
S2,test,US,first,oncology,5749,1871330
S2,test,US,first,holdings,5575,1871330
S2,test,US,first,fresh,5487,1871330
S2,test,US,first,bright,5398,1871330
S2,test,US,first,ltd,5380,1871330
S2,test,US,first,partners,5379,1871330
S2,test,US,first,silver,5358,1871330
S2,test,US,first,smith,5263,1871330
S2,test,US,first,regional,5198,1871330
S2,test,US,first,golden,5188,1871330
S2,test,US,first,cascade,4908,1871330
S2,test,US,first,atlantic,4838,1871330
S2,test,US,first,global,4755,1871330
S2,test,US,first,pacific,4721,1871330
S2,test,US,first,continental,4671,1871330
S2,test,US,first,l,4646,1871330
S2,test,US,first,heritage,4644,1871330
S2,test,US,first,summit,4604,1871330
S2,test,US,first,metropolitan,4592,1871330
S2,test,US,first,federal,4561,1871330
S2,test,US,first,interstate,4504,1871330
S2,test,US,first,allied,4430,1871330
S2,test,US,first,valley,4422,1871330
S2,test,US,first,national,4310,1871330
S2,test,US,first,first,4230,1871330
S2,test,US,first,johnson,4209,1871330
S2,test,US,first,highland,4205,1871330
S2,test,US,first,metro,4179,1871330
S2,test,US,first,liberty,4136,1871330
S2,test,US,first,harbor,4126,1871330
S2,test,US,first,piedmont,4120,1871330
S2,test,US,first,patriot,4117,1871330
S2,test,US,first,great,4112,1871330
S2,test,US,first,rocky,4107,1871330
S2,test,US,first,ridge,4039,1871330
S2,test,US,first,frontier,4031,1871330
S2,test,US,first,midwest,4029,1871330
S2,test,US,first,empire,4012,1871330
S2,test,US,first,capital,4006,1871330
S2,test,US,first,american,4004,1871330
S2,test,US,first,prairie,4003,1871330
S2,test,US,first,united,3982,1871330
S2,test,US,first,bay,3957,1871330
S2,test,US,first,tri,3956,1871330
S2,test,US,first,heartland,3945,1871330
S2,test,US,first,coastal,3929,1871330
S2,test,US,first,mountain,3917,1871330
S2,test,US,first,desert,3885,1871330
S2,test,US,first,premier,3880,1871330
S2,test,US,first,colonial,3864,1871330
S2,test,US,first,delta,3816,1871330
S2,test,US,first,gulf,3792,1871330
S2,test,US,first,green,3764,1871330
S2,test,US,first,strategic,3686,1871330
S2,test,US,first,center,3636,1871330
S2,test,US,first,integrated,3597,1871330
S2,test,US,first,cornerstone,3544,1871330
S2,test,US,first,dynamic,3512,1871330
S2,test,US,first,anchor,3501,1871330
S2,test,US,first,reliable,3501,1871330
S2,test,US,first,advanced,3480,1871330
S2,test,US,first,precision,3472,1871330
S2,test,US,first,keystone,3446,1871330
S2,test,US,first,williams,3431,1871330
S2,test,US,first,pinnacle,3428,1871330
S2,test,US,first,beacon,3418,1871330
S2,test,US,first,superior,3415,1871330
S2,test,US,first,vanguard,3412,1871330
S2,test,US,first,horizon,3403,1871330
S2,test,US,first,apex,3379,1871330
S2,test,US,first,unified,3366,1871330
S2,test,US,first,sterling,3289,1871330
S2,test,US,first,west,3197,1871330
S2,test,US,first,ace,3156,1871330
S2,test,US,first,custom,3118,1871330
S2,test,US,first,select,3104,1871330
S2,test,US,first,star,3091,1871330
S2,test,US,first,total,3087,1871330
S2,test,US,first,modern,3077,1871330
S2,test,US,first,value,3031,1871330
S2,test,US,first,creative,3030,1871330
S2,test,US,first,peak,3021,1871330
S2,test,US,first,clear,3010,1871330
S2,test,US,first,legacy,3001,1871330
S2,test,US,first,express,2998,1871330
S2,test,US,first,jones,2987,1871330
S2,test,US,first,quality,2984,1871330
S2,test,US,first,innovative,2983,1871330
S2,test,US,first,smart,2980,1871330
S2,test,US,first,clean,2975,1871330
S2,test,US,first,safe,2964,1871330
S2,test,US,first,all,2960,1871330
S2,test,US,first,grand,2957,1871330
S2,test,US,first,royal,2947,1871330
S2,test,US,first,brown,2945,1871330
S2,test,US,first,secure,2934,1871330
S2,test,US,first,better,2915,1871330
S2,test,US,first,rapid,2914,1871330
S2,test,US,first,platinum,2910,1871330
S2,test,US,first,east,2908,1871330
S2,test,US,first,classic,2906,1871330
S2,test,US,first,choice,2892,1871330
S2,test,US,first,certified,2881,1871330
S2,test,US,first,diamond,2880,1871330
S2,test,US,first,crystal,2869,1871330
S2,test,US,first,best,2862,1871330
S2,test,US,first,trusted,2845,1871330
S2,test,US,first,preferred,2839,1871330
S2,test,US,first,complete,2836,1871330
S2,test,US,first,direct,2835,1871330
S2,test,US,first,prime,2825,1871330
S2,test,US,first,signature,2815,1871330
S2,test,US,first,pioneer,2803,1871330
S2,test,US,first,optimal,2802,1871330
S2,test,US,first,big,2786,1871330
S2,test,US,first,upper,2758,1871330
S2,test,US,first,south,2752,1871330
S2,test,US,first,elite,2746,1871330
S2,test,US,first,supreme,2728,1871330
S2,test,US,first,garcia,2651,1871330
S2,test,US,first,little,2647,1871330
S2,test,US,first,southern,2646,1871330
S2,test,US,first,north,2640,1871330
S2,test,US,first,eastern,2618,1871330
S2,test,US,first,northern,2581,1871330
S2,test,US,first,western,2573,1871330
S2,test,US,first,lower,2563,1871330
S2,test,US,first,davis,2547,1871330
S2,test,US,first,main,2487,1871330
S2,test,US,first,urban,2463,1871330
S2,test,US,first,services,2458,1871330
S2,test,US,first,red,2390,1871330
S2,test,US,first,maid,2389,1871330
S2,test,US,first,straight,2387,1871330
S2,test,US,first,twisted,2381,1871330
S2,test,US,first,cure,2366,1871330
S2,test,US,first,miller,2361,1871330
S2,test,US,first,back,2345,1871330
S2,test,US,first,hernandez,2340,1871330
S2,test,US,first,downtown,2315,1871330
S2,test,US,first,corner,2293,1871330
S2,test,US,first,sweet,2279,1871330
S2,test,US,first,rev,2277,1871330
S2,test,US,first,cozy,2258,1871330
S2,test,US,first,happy,2253,1871330
S2,test,US,first,uptown,2239,1871330
S2,test,US,first,martinez,2206,1871330
S2,test,US,first,lucky,2178,1871330
S2,test,US,first,rodriguez,2163,1871330
S2,test,US,first,department,2138,1871330
S2,test,US,first,youth,2115,1871330
S2,test,US,first,community,2088,1871330
S2,test,US,first,p,2074,1871330
S2,test,US,first,office,2009,1871330
S2,test,US,first,board,1975,1871330
S2,test,US,first,commission,1964,1871330
S2,test,US,first,division,1923,1871330
S2,test,US,first,bureau,1921,1871330
S2,test,US,first,lopez,1917,1871330
S2,test,US,first,health,1772,1871330
S2,test,US,first,thomas,1718,1871330
S2,test,US,first,anderson,1679,1871330
S2,test,US,first,wilson,1661,1871330
S2,test,US,first,gonzalez,1658,1871330
S2,test,US,first,lee,1606,1871330
S2,test,US,first,taylor,1584,1871330
S2,test,US,first,interfaith,1535,1871330
S2,test,US,first,moore,1523,1871330
S2,test,US,first,perez,1518,1871330
S2,test,US,first,jackson,1508,1871330
S2,test,US,first,martin,1499,1871330
S2,test,US,first,housing,1487,1871330
S2,test,US,first,children,1483,1871330
S2,test,US,first,incorporated,1471,1871330
S2,test,US,first,white,1471,1871330
S2,test,US,first,heart,1449,1871330
S2,test,US,first,hunger,1433,1871330
S2,test,US,first,saint,1432,1871330
S2,test,US,first,education,1429,1871330
S2,test,US,first,human,1427,1871330
S2,test,US,first,asset,1423,1871330
S2,test,US,first,wildlife,1420,1871330
S2,test,US,first,scholarship,1401,1871330
S2,test,US,first,arts,1395,1871330
S2,test,US,first,memorial,1389,1871330
S2,test,US,first,veterans,1387,1871330
S2,test,US,first,new,1378,1871330
S2,test,US,first,cancer,1367,1871330
S2,test,US,first,autism,1361,1871330
S2,test,US,first,cultural,1353,1871330
S2,test,US,first,environmental,1348,1871330
S2,test,US,first,animal,1344,1871330
S2,test,US,first,st,1344,1871330
S2,test,US,first,economic,1326,1871330
S2,test,US,first,harris,1323,1871330
S2,test,US,first,literacy,1313,1871330
S2,test,US,first,thompson,1291,1871330
S2,test,US,first,beth,1283,1871330
S2,test,US,first,trinity,1257,1871330
S2,test,US,first,holy,1251,1871330
S2,test,US,first,grace,1246,1871330
S2,test,US,first,historical,1244,1871330
S2,test,US,first,sanchez,1243,1871330
S2,test,US,first,ramirez,1234,1871330
S2,test,US,first,temple,1226,1871330
S2,test,US,first,service,1224,1871330
S2,test,US,first,n,1208,1871330
S2,test,US,first,lewis,1198,1871330
S2,test,US,first,mount,1178,1871330
S2,test,US,first,q,1165,1871330
S2,test,US,first,clark,1162,1871330
S2,test,US,first,congregation,1162,1871330
S2,test,US,first,v,1159,1871330
S2,test,US,first,u,1156,1871330
S2,test,US,first,w,1149,1871330
S2,test,US,first,e,1146,1871330
S2,test,US,first,t,1142,1871330
S2,test,US,first,k,1141,1871330
S2,test,US,first,h,1137,1871330
S2,test,US,first,g,1132,1871330
S2,test,US,first,j,1130,1871330
S2,test,US,first,y,1114,1871330
S2,test,US,first,d,1111,1871330
S2,test,US,first,o,1096,1871330
S2,test,US,first,robinson,1091,1871330
S2,test,US,first,m,1089,1871330
S2,test,US,first,pc,1089,1871330
S2,test,US,first,r,1079,1871330
S2,test,US,first,walker,1078,1871330
S2,test,US,first,s,1077,1871330
S2,test,US,first,i,1076,1871330
S2,test,US,first,christ,1071,1871330
S2,test,US,first,king,1058,1871330
S2,test,US,first,z,1052,1871330
S2,test,US,first,pllc,1051,1871330
S2,test,US,first,young,1049,1871330
S2,test,US,first,b,1042,1871330
S2,test,US,first,f,1039,1871330
S2,test,US,first,c,1029,1871330
S2,test,US,first,meridian,1025,1871330
S2,test,US,first,allen,993,1871330
S2,test,US,first,hill,980,1871330
S2,test,US,first,torres,973,1871330
S2,test,US,first,wright,972,1871330
S2,test,US,first,x,948,1871330
S2,test,US,first,adams,912,1871330
S2,test,US,first,nguyen,912,1871330
S2,test,US,first,flores,903,1871330
S2,test,US,first,hall,895,1871330
S2,test,US,first,lp,894,1871330
S2,test,US,first,baker,886,1871330
S2,test,US,first,mitchell,876,1871330
S2,test,US,first,scott,874,1871330
S2,test,US,first,diaz,832,1871330
S2,test,US,first,carter,827,1871330
S2,test,US,first,nelson,825,1871330
S2,test,US,first,rivera,816,1871330
S2,test,US,first,vega,793,1871330
S2,test,US,first,credit,792,1871330
S2,test,US,first,central,789,1871330
S2,test,US,first,campbell,788,1871330
S2,test,US,first,phillips,777,1871330
S2,test,US,first,1,751,1871330
S2,test,US,first,evans,749,1871330
S2,test,US,first,gomez,741,1871330
S2,test,US,first,baptist,731,1871330
S2,test,US,first,stewart,725,1871330
S2,test,US,first,roberts,724,1871330
S2,test,US,first,turner,710,1871330
S2,test,US,first,business,708,1871330
S2,test,US,first,edwards,708,1871330
S2,test,US,first,diversified,707,1871330
S2,test,US,first,industrial,699,1871330
S2,test,US,first,applied,691,1871330
S2,test,US,first,digital,691,1871330
S2,test,US,first,morris,690,1871330
S2,test,US,first,aurora,689,1871330
S2,test,US,first,morgan,689,1871330
S2,test,US,first,mutual,686,1871330
S2,test,US,first,data,685,1871330
S2,test,US,first,electronic,682,1871330
S2,test,US,first,collins,672,1871330
S2,test,US,first,cooperative,672,1871330
S2,test,US,first,general,667,1871330
S2,test,US,first,ínc,660,1871330
S2,test,US,first,cruz,659,1871330
S2,test,US,first,reed,657,1871330
S2,test,US,first,associated,654,1871330
S2,test,US,first,standard,654,1871330
S2,test,US,first,parker,653,1871330
S2,test,US,first,international,641,1871330
S2,test,US,first,raven,641,1871330
S2,test,US,first,transcontinental,637,1871330
S2,test,US,first,corporate,633,1871330
S2,test,US,first,murphy,632,1871330
S2,test,US,first,ironclad,631,1871330
S2,test,US,first,rogers,631,1871330
S2,test,US,first,bailey,629,1871330
S2,test,US,first,gutierrez,629,1871330
S2,test,US,first,morales,626,1871330
S2,test,US,first,20,625,1871330
S2,test,US,first,universal,624,1871330
S2,test,US,first,automated,616,1871330
S2,test,US,first,falcon,610,1871330
S2,test,US,first,zephyr,608,1871330
S2,test,US,first,northwind,605,1871330
S2,test,US,first,brooks,603,1871330
S2,test,US,first,cooper,603,1871330
S2,test,US,first,solstice,596,1871330
S2,test,US,first,consolidated,595,1871330
S2,test,US,first,titan,594,1871330
S2,test,US,first,city,592,1871330
S2,test,US,first,kim,592,1871330
S2,test,US,first,flint,591,1871330
S2,test,US,first,ortiz,583,1871330
S2,test,US,first,cedar,581,1871330
S2,test,US,first,plumbers,581,1871330
S2,test,US,first,quartz,581,1871330
S2,test,US,first,redwood,580,1871330
S2,test,US,first,atlas,579,1871330
S2,test,US,first,peterson,578,1871330
S2,test,US,first,cinder,574,1871330
S2,test,US,first,sapphire,574,1871330
S2,test,US,first,lynx,571,1871330
S2,test,US,first,compass,570,1871330
S2,test,US,first,kelly,569,1871330
S2,test,US,first,james,565,1871330
S2,test,US,first,washington,565,1871330
S2,test,US,first,sanders,560,1871330
S2,test,US,first,sirius,559,1871330
S2,test,US,first,forge,556,1871330
S2,test,US,first,jasper,555,1871330
S2,test,US,first,ramos,553,1871330
S2,test,US,first,cook,548,1871330
S2,test,US,first,howard,548,1871330
S2,test,US,first,cobalt,547,1871330
S2,test,US,first,monarch,545,1871330
S2,test,US,first,reyes,545,1871330
S2,test,US,first,patterson,542,1871330
S2,test,US,first,slate,542,1871330
S2,test,US,first,myers,539,1871330
S2,test,US,first,professional,539,1871330
S2,test,US,first,willow,539,1871330
S2,test,US,first,cardinal,538,1871330
S2,test,US,first,carpenters,537,1871330
S2,test,US,first,electricians,537,1871330
S2,test,US,first,osprey,535,1871330
S2,test,US,first,vertex,535,1871330
S2,test,US,first,commercial,534,1871330
S2,test,US,first,gray,532,1871330
S2,test,US,first,patel,532,1871330
S2,test,US,first,cox,531,1871330
S2,test,US,first,wood,530,1871330
S2,test,US,first,powell,527,1871330
S2,test,US,first,stag,527,1871330
S2,test,US,first,gonzales,526,1871330
S2,test,US,first,basalt,525,1871330
S2,test,US,first,painters,523,1871330
S2,test,US,first,fisher,516,1871330
S2,test,US,first,kestrel,512,1871330
S2,test,US,first,ridgeline,512,1871330
S2,test,US,first,bison,509,1871330
S2,test,US,first,juniper,507,1871330
S2,test,US,first,everest,505,1871330
S2,test,US,first,24hr,504,1871330
S2,test,US,first,cypress,504,1871330
S2,test,US,first,zenith,504,1871330
S2,test,US,first,granite,503,1871330
S2,test,US,first,nova,502,1871330
S2,test,US,first,anvil,501,1871330
S2,test,US,first,ruiz,500,1871330
S2,test,US,first,longshoremen,498,1871330
S2,test,US,first,birch,495,1871330
S2,test,US,first,polaris,495,1871330
S2,test,US,first,halcyon,491,1871330
S2,test,US,first,bell,490,1871330
S2,test,US,first,ward,490,1871330
S2,test,US,first,amber,489,1871330
S2,test,US,first,coleman,489,1871330
S2,test,US,first,teamsters,489,1871330
S2,test,US,first,onyx,488,1871330
S2,test,US,first,watson,488,1871330
S2,test,US,first,ember,486,1871330
S2,test,US,first,emerald,485,1871330
S2,test,US,first,romero,484,1871330
S2,test,US,first,barnes,483,1871330
S2,test,US,first,super,480,1871330
S2,test,US,first,aguilar,479,1871330
S2,test,US,first,mcdonald,479,1871330
S2,test,US,first,richardson,479,1871330
S2,test,US,first,foundry,477,1871330
S2,test,US,first,lantern,476,1871330
S2,test,US,first,orion,476,1871330
S2,test,US,first,sullivan,476,1871330
S2,test,US,first,bricklayers,475,1871330
S2,test,US,first,henderson,475,1871330
S2,test,US,first,price,473,1871330
S2,test,US,first,jimenez,471,1871330
S2,test,US,first,bennett,469,1871330
S2,test,US,first,alvarez,467,1871330
S2,test,US,first,sequoia,467,1871330
S2,test,US,first,aspen,466,1871330
S2,test,US,first,ross,466,1871330
S2,test,US,first,bastion,465,1871330
S2,test,US,first,foster,465,1871330
S2,test,US,first,obsidian,465,1871330
S2,test,US,first,steelworkers,462,1871330
S2,test,US,first,jenkins,461,1871330
S2,test,US,first,helios,460,1871330
S2,test,US,first,lyra,460,1871330
S2,test,US,first,crestline,459,1871330
S2,test,US,first,hughes,458,1871330
S2,test,US,first,moreno,457,1871330
S2,test,US,first,chavez,454,1871330
S2,test,US,first,long,453,1871330
S2,test,US,first,hayes,452,1871330
S2,test,US,first,citadel,451,1871330
S2,test,US,first,ironworkers,447,1871330
S2,test,US,first,timber,447,1871330
S2,test,US,first,griffin,446,1871330
S2,test,US,first,town,445,1871330
S2,test,US,first,medina,441,1871330
S2,test,US,first,equinox,440,1871330
S2,test,US,first,machinists,437,1871330
S2,test,US,first,russell,437,1871330
S2,test,US,first,alexander,434,1871330
S2,test,US,first,perry,434,1871330
S2,test,US,first,butler,433,1871330
S2,test,US,first,snyder,433,1871330
S2,test,US,first,pipefitters,431,1871330
S2,test,US,first,cole,430,1871330
S2,test,US,first,vargas,430,1871330
S2,test,US,first,graham,429,1871330
S2,test,US,first,mendoza,428,1871330
S2,test,US,first,2,427,1871330
S2,test,US,first,firefighters,425,1871330
S2,test,US,first,ellis,422,1871330
S2,test,US,first,castillo,420,1871330
S2,test,US,first,studio,419,1871330
S2,test,US,first,laborers,418,1871330
S2,test,US,first,hamilton,411,1871330
S2,test,US,first,reynolds,411,1871330
S2,test,US,first,herrera,410,1871330
S2,test,US,first,guzman,407,1871330
S2,test,US,first,gibson,406,1871330
S2,test,US,first,wallace,405,1871330
S2,test,US,first,jordan,404,1871330
S2,test,US,first,mendez,402,1871330
S2,test,US,first,simmons,401,1871330
S2,test,US,first,corporation,400,1871330
S2,test,US,first,vasquez,396,1871330
S2,test,US,first,simpson,394,1871330
S2,test,US,first,6,393,1871330
S2,test,US,first,marshall,391,1871330
S2,test,US,first,webb,390,1871330
S2,test,US,first,route,389,1871330
S2,test,US,first,bryant,387,1871330
S2,test,US,first,crawford,386,1871330
S2,test,US,first,murray,385,1871330
S2,test,US,first,porter,385,1871330
S2,test,US,first,7,383,1871330
S2,test,US,first,dixon,383,1871330
S2,test,US,first,robertson,383,1871330
S2,test,US,first,rose,383,1871330
S2,test,US,first,operating,382,1871330
S2,test,US,first,5,380,1871330
S2,test,US,first,stevens,380,1871330
S2,test,US,first,stone,377,1871330
S2,test,US,first,ford,376,1871330
S2,test,US,first,3,375,1871330
S2,test,US,first,woods,374,1871330
S2,test,US,first,castro,373,1871330
S2,test,US,first,chen,370,1871330
S2,test,US,first,harrison,370,1871330
S2,test,US,first,care,365,1871330
S2,test,US,first,fox,360,1871330
S2,test,US,first,warren,360,1871330
S2,test,US,first,ray,356,1871330
S2,test,US,first,gardner,354,1871330
S2,test,US,first,gordon,354,1871330
S2,test,US,first,houston,352,1871330
S2,test,US,first,kennedy,352,1871330
S2,test,US,first,austin,351,1871330
S2,test,US,first,freeman,351,1871330
S2,test,US,first,wells,349,1871330
S2,test,US,first,fernandez,348,1871330
S2,test,US,first,henry,348,1871330
S2,test,US,first,spencer,347,1871330
S2,test,US,first,schmidt,345,1871330
S2,test,US,first,tucker,344,1871330
S2,test,US,first,boyd,342,1871330
S2,test,US,first,munoz,337,1871330
S2,test,US,first,owens,337,1871330
S2,test,US,first,palmer,337,1871330
S2,test,US,first,mills,333,1871330
S2,test,US,first,8,331,1871330
S2,test,US,first,tran,329,1871330
S2,test,US,first,4,326,1871330
S2,test,US,first,harper,326,1871330
S2,test,US,first,burns,325,1871330
S2,test,US,first,hunter,325,1871330
S2,test,US,first,peters,324,1871330
S2,test,US,first,lane,323,1871330
S2,test,US,first,park,322,1871330
S2,test,US,first,rice,320,1871330
S2,test,US,first,hicks,319,1871330
S2,test,US,first,hoffman,319,1871330
S2,test,US,first,silva,318,1871330
S2,test,US,first,9,317,1871330
S2,test,US,first,franklin,315,1871330
S2,test,US,first,meyer,315,1871330
S2,test,US,first,watkins,314,1871330
S2,test,US,first,shaw,313,1871330
S2,test,US,first,george,310,1871330
S2,test,US,first,olson,310,1871330
S2,test,US,first,of,309,1871330
S2,test,US,first,hawkins,308,1871330
S2,test,US,first,nunez,308,1871330
S2,test,US,first,duncan,307,1871330
S2,test,US,first,arnold,306,1871330
S2,test,US,first,rios,306,1871330
S2,test,US,first,salazar,305,1871330
S2,test,US,first,black,302,1871330
S2,test,US,first,elliott,302,1871330
S2,test,US,first,carroll,299,1871330
S2,test,US,first,hudson,299,1871330
S2,test,US,first,soto,299,1871330
S2,test,US,first,stephens,298,1871330
S2,test,US,first,ortega,297,1871330
S2,test,US,first,vazquez,297,1871330
S2,test,US,first,daniels,295,1871330
S2,test,US,first,may,294,1871330
S2,test,US,first,andrews,293,1871330
S2,test,US,first,pierce,292,1871330
S2,test,US,first,bradley,291,1871330
S2,test,US,first,village,291,1871330
S2,test,US,first,zion,289,1871330
S2,test,US,first,grant,287,1871330
S2,test,US,first,larson,286,1871330
S2,test,US,first,hunt,285,1871330
S2,test,US,first,mason,285,1871330
S2,test,US,first,montgomery,285,1871330
S2,test,US,first,nichols,285,1871330
S2,test,US,first,ryan,284,1871330
S2,test,US,first,hansen,283,1871330
S2,test,US,first,li,283,1871330
S2,test,US,first,armstrong,282,1871330
S2,test,US,first,carpenter,282,1871330
S2,test,US,first,pena,282,1871330
S2,test,US,first,chapman,280,1871330
S2,test,US,first,payne,280,1871330
S2,test,US,first,cunningham,279,1871330
S2,test,US,first,wagner,278,1871330
S2,test,US,first,perkins,277,1871330
S2,test,US,first,matthews,276,1871330
S2,test,US,first,ferguson,274,1871330
S2,test,US,first,johnston,274,1871330
S2,test,US,first,page,274,1871330
S2,test,US,first,weaver,274,1871330
S2,test,US,first,fort,272,1871330
S2,test,US,first,obrien,272,1871330
S2,test,US,first,burke,271,1871330
S2,test,US,first,garrett,271,1871330
S2,test,US,first,associates,270,1871330
S2,test,US,first,garza,269,1871330
S2,test,US,first,weber,269,1871330
S2,test,US,first,lawrence,268,1871330
S2,test,US,first,alvarado,267,1871330
S2,test,US,first,kelley,267,1871330
S2,test,US,first,valdez,267,1871330
S2,test,US,first,yang,267,1871330
S2,test,US,first,gilbert,266,1871330
S2,test,US,first,holmes,266,1871330
S2,test,US,first,le,264,1871330
S2,test,US,first,banks,263,1871330
S2,test,US,first,berry,262,1871330
S2,test,US,first,cortez,260,1871330
S2,test,US,first,leonard,259,1871330
S2,test,US,first,richards,259,1871330
S2,test,US,first,gill,258,1871330
S2,test,US,first,hart,258,1871330
S2,test,US,first,knight,258,1871330
S2,test,US,first,jacobs,257,1871330
S2,test,US,first,williamson,256,1871330
S2,test,US,first,maldonado,255,1871330
S2,test,US,first,wheeler,255,1871330
S2,test,US,first,dean,254,1871330
S2,test,US,first,newman,252,1871330
S2,test,US,first,haynes,251,1871330
S2,test,US,first,lara,250,1871330
S2,test,US,first,riley,250,1871330
S2,test,US,first,and,249,1871330
S2,test,US,first,greene,248,1871330
S2,test,US,first,miles,248,1871330
S2,test,US,first,schultz,248,1871330
S2,test,US,first,wang,248,1871330
S2,test,US,first,guerrero,247,1871330
S2,test,US,first,figueroa,246,1871330
S2,test,US,first,blair,244,1871330
S2,test,US,first,sandoval,244,1871330
S2,test,US,first,lin,242,1871330
S2,test,US,first,lowe,242,1871330
S2,test,US,first,estrada,240,1871330
S2,test,US,first,welch,240,1871330
S2,test,US,first,santiago,238,1871330
S2,test,US,first,willis,237,1871330
S2,test,US,first,dunn,236,1871330
S2,test,US,first,fuller,236,1871330
S2,test,US,first,lucas,236,1871330
S2,test,US,first,sims,236,1871330
S2,test,US,first,miranda,234,1871330
S2,test,US,first,phoenix,233,1871330
S2,test,US,first,santos,233,1871330
S2,test,US,first,reid,232,1871330
S2,test,US,first,schneider,232,1871330
S2,test,US,first,contreras,231,1871330
S2,test,US,first,duran,231,1871330
S2,test,US,first,moss,231,1871330
S2,test,US,first,shelton,231,1871330
S2,test,US,first,carlson,230,1871330
S2,test,US,first,holland,230,1871330
S2,test,US,first,parks,229,1871330
S2,test,US,first,delgado,228,1871330
S2,test,US,first,wong,227,1871330
S2,test,US,first,harvey,226,1871330
S2,test,US,first,pineda,226,1871330
S2,test,US,first,curtis,225,1871330
S2,test,US,first,fields,225,1871330
S2,test,US,first,graves,224,1871330
S2,test,US,first,cohen,223,1871330
S2,test,US,first,dominguez,223,1871330
S2,test,US,first,campos,221,1871330
S2,test,US,first,charlotte,220,1871330
S2,test,US,first,mccoy,220,1871330
S2,test,US,first,morrison,220,1871330
S2,test,US,first,day,218,1871330
S2,test,US,first,mejia,218,1871330
S2,test,US,first,bishop,217,1871330
S2,test,US,first,zimmerman,217,1871330
S2,test,US,first,walsh,216,1871330
S2,test,US,first,dawson,215,1871330
S2,test,US,first,singh,215,1871330
S2,test,US,first,wolfe,215,1871330
S2,test,US,first,burton,214,1871330
S2,test,US,first,lawson,213,1871330
S2,test,US,first,padilla,213,1871330
S2,test,US,first,bowman,212,1871330
S2,test,US,first,jensen,212,1871330
S2,test,US,first,lynch,212,1871330
S2,test,US,first,chambers,211,1871330
S2,test,US,first,barrett,210,1871330
S2,test,US,first,marquez,210,1871330
S2,test,US,first,carr,209,1871330
S2,test,US,first,clinic,208,1871330
S2,test,US,first,pearson,208,1871330
S2,test,US,first,vaughn,208,1871330
S2,test,US,first,wade,207,1871330
S2,test,US,first,benson,206,1871330
S2,test,US,first,mckinney,206,1871330
S2,test,US,first,chandler,205,1871330
S2,test,US,first,luna,205,1871330
S2,test,US,first,company,204,1871330
S2,test,US,first,davidson,204,1871330
S2,test,US,first,navarro,204,1871330
S2,test,US,first,webster,204,1871330
S2,test,US,first,espinoza,203,1871330
S2,test,US,first,hail,203,1871330
S2,test,US,first,moran,203,1871330
S2,test,US,first,avila,201,1871330
S2,test,US,first,beck,201,1871330
S2,test,US,first,frazier,201,1871330
S2,test,US,first,garner,201,1871330
S2,test,US,first,hopkins,201,1871330
S2,test,US,first,howell,201,1871330
S2,test,US,first,newton,200,1871330
S2,test,US,first,thornton,200,1871330
S2,test,US,last,llc,249678,1871330
S2,test,US,last,inc,200414,1871330
S2,test,US,last,corp,76231,1871330
S2,test,US,last,com,67183,1871330
S2,test,US,last,co,66201,1871330
S2,test,US,last,ltd,63985,1871330
S2,test,US,last,group,58060,1871330
S2,test,US,last,partners,57950,1871330
S2,test,US,last,center,55705,1871330
S2,test,US,last,holdings,48626,1871330
S2,test,US,last,c,44455,1871330
S2,test,US,last,services,35323,1871330
S2,test,US,last,lp,25283,1871330
S2,test,US,last,corporation,21230,1871330
S2,test,US,last,service,17030,1871330
S2,test,US,last,pc,13060,1871330
S2,test,US,last,incorporated,12994,1871330
S2,test,US,last,associates,10680,1871330
S2,test,US,last,pllc,10143,1871330
S2,test,US,last,care,9162,1871330
S2,test,US,last,clinic,6916,1871330
S2,test,US,last,ínc,6289,1871330
S2,test,US,last,summit,4995,1871330
S2,test,US,last,coastal,4886,1871330
S2,test,US,last,metro,4856,1871330
S2,test,US,last,valley,4803,1871330
S2,test,US,last,harbor,4750,1871330
S2,test,US,last,highland,4748,1871330
S2,test,US,last,west,4546,1871330
S2,test,US,last,north,4522,1871330
S2,test,US,last,east,4517,1871330
S2,test,US,last,westgate,4487,1871330
S2,test,US,last,uptown,4410,1871330
S2,test,US,last,south,4393,1871330
S2,test,US,last,health,4382,1871330
S2,test,US,last,central,4381,1871330
S2,test,US,last,downtown,4381,1871330
S2,test,US,last,lakeside,4338,1871330
S2,test,US,last,midtown,4327,1871330
S2,test,US,last,riverside,4326,1871330
S2,test,US,last,northside,4301,1871330
S2,test,US,last,greater,4273,1871330
S2,test,US,last,eastgate,4263,1871330
S2,test,US,last,southside,4220,1871330
S2,test,US,last,medicine,3770,1871330
S2,test,US,last,of,3718,1871330
S2,test,US,last,specialists,3089,1871330
S2,test,US,last,enterprises,3027,1871330
S2,test,US,last,company,3026,1871330
S2,test,US,last,d,2968,1871330
S2,test,US,last,trust,2848,1871330
S2,test,US,last,physicians,2807,1871330
S2,test,US,last,association,2632,1871330
S2,test,US,last,council,2221,1871330
S2,test,US,last,foundation,2200,1871330
S2,test,US,last,alliance,2185,1871330
S2,test,US,last,and,2098,1871330
S2,test,US,last,society,2079,1871330
S2,test,US,last,federation,2074,1871330
S2,test,US,last,church,2062,1871330
S2,test,US,last,works,2038,1871330
S2,test,US,last,ventures,1885,1871330
S2,test,US,last,industries,1764,1871330
S2,test,US,last,global,1733,1871330
S2,test,US,last,ministries,1733,1871330
S2,test,US,last,network,1663,1871330
S2,test,US,last,fellowship,1657,1871330
S2,test,US,last,capital,1599,1871330
S2,test,US,last,fund,1578,1871330
S2,test,US,last,solutions,1540,1871330
S2,test,US,last,institute,1524,1871330
S2,test,US,last,league,1453,1871330
S2,test,US,last,charities,1439,1871330
S2,test,US,last,program,1430,1871330
S2,test,US,last,s,1408,1871330
S2,test,US,last,worldwide,1408,1871330
S2,test,US,last,coalition,1400,1871330
S2,test,US,last,dds,1399,1871330
S2,test,US,last,initiative,1393,1871330
S2,test,US,last,cénter,1387,1871330
S2,test,US,last,project,1361,1871330
S2,test,US,last,committee,1355,1871330
S2,test,US,last,international,1345,1871330
S2,test,US,last,therapy,1345,1871330
S2,test,US,last,digital,1340,1871330
S2,test,US,last,academy,1336,1871330
S2,test,US,last,management,1323,1871330
S2,test,US,last,guild,1315,1871330
S2,test,US,last,studios,1248,1871330
S2,test,US,last,school,1246,1871330
S2,test,US,last,lnc,1243,1871330
S2,test,US,last,systems,1217,1871330
S2,test,US,last,networks,1210,1871330
S2,test,US,last,deli,1168,1871330
S2,test,US,last,cafe,1156,1871330
S2,test,US,last,technologies,1156,1871330
S2,test,US,last,seafood,1152,1871330
S2,test,US,last,massage,1143,1871330
S2,test,US,last,laboratories,1123,1871330
S2,test,US,last,consultants,1099,1871330
S2,test,US,last,bakery,1098,1871330
S2,test,US,last,pizza,1097,1871330
S2,test,US,last,grill,1083,1871330
S2,test,US,last,realty,1082,1871330
S2,test,US,last,dental,1072,1871330
S2,test,US,last,advisors,1050,1871330
S2,test,US,last,trading,1046,1871330
S2,test,US,last,union,1043,1871330
S2,test,US,last,investments,1017,1871330
S2,test,US,last,labs,942,1871330
S2,test,US,last,pub,939,1871330
S2,test,US,last,dynamics,938,1871330
S2,test,US,last,shop,919,1871330
S2,test,US,last,concepts,913,1871330
S2,test,US,last,studio,912,1871330
S2,test,US,last,medical,900,1871330
S2,test,US,last,innovations,899,1871330
S2,test,US,last,a,895,1871330
S2,test,US,last,properties,889,1871330
S2,test,US,last,brands,881,1871330
S2,test,US,last,practice,865,1871330
S2,test,US,last,w,853,1871330
S2,test,US,last,dmd,844,1871330
S2,test,US,last,tavern,844,1871330
S2,test,US,last,coffee,843,1871330
S2,test,US,last,collective,842,1871330
S2,test,US,last,products,842,1871330
S2,test,US,last,córp,827,1871330
S2,test,US,last,dpm,816,1871330
S2,test,US,last,diner,814,1871330
S2,test,US,last,md,802,1871330
S2,test,US,last,do,799,1871330
S2,test,US,last,esq,794,1871330
S2,test,US,last,commission,788,1871330
S2,test,US,last,pediatrics,788,1871330
S2,test,US,last,cardiology,785,1871330
S2,test,US,last,hypnosis,783,1871330
S2,test,US,last,endocrinology,781,1871330
S2,test,US,last,pilates,781,1871330
S2,test,US,last,board,780,1871330
S2,test,US,last,o,780,1871330
S2,test,US,last,gróup,777,1871330
S2,test,US,last,tattoo,774,1871330
S2,test,US,last,college,767,1871330
S2,test,US,last,yoga,758,1871330
S2,test,US,last,iii,755,1871330
S2,test,US,last,district,751,1871330
S2,test,US,last,cpa,750,1871330
S2,test,US,last,nails,749,1871330
S2,test,US,last,barbershop,729,1871330
S2,test,US,last,authority,728,1871330
S2,test,US,last,all,726,1871330
S2,test,US,last,cleaning,723,1871330
S2,test,US,last,family,720,1871330
S2,test,US,last,research,705,1871330
S2,test,US,last,transport,704,1871330
S2,test,US,last,auto,703,1871330
S2,test,US,last,hospital,701,1871330
S2,test,US,last,resources,691,1871330
S2,test,US,last,body,681,1871330
S2,test,US,last,development,681,1871330
S2,test,US,last,bistro,675,1871330
S2,test,US,last,wireless,675,1871330
S2,test,US,last,energy,674,1871330
S2,test,US,last,security,669,1871330
S2,test,US,last,supply,667,1871330
S2,test,US,last,retail,662,1871330
S2,test,US,last,store,661,1871330
S2,test,US,last,software,660,1871330
S2,test,US,last,technology,660,1871330
S2,test,US,last,data,658,1871330
S2,test,US,last,pártners,658,1871330
S2,test,US,last,creative,657,1871330
S2,test,US,last,electronics,657,1871330
S2,test,US,last,analytics,652,1871330
S2,test,US,last,media,649,1871330
S2,test,US,last,city,645,1871330
S2,test,US,last,assets,643,1871330
S2,test,US,last,financial,641,1871330
S2,test,US,last,construction,636,1871330
S2,test,US,last,sérvices,635,1871330
S2,test,US,last,engineering,634,1871330
S2,test,US,last,chemical,631,1871330
S2,test,US,last,companies,630,1871330
S2,test,US,last,insurance,629,1871330
S2,test,US,last,logistics,629,1871330
S2,test,US,last,mortgage,621,1871330
S2,test,US,last,hospitality,610,1871330
S2,test,US,last,office,607,1871330
S2,test,US,last,ii,603,1871330
S2,test,US,last,regional,597,1871330
S2,test,US,last,freight,596,1871330
S2,test,US,last,green,591,1871330
S2,test,US,last,wellness,587,1871330
S2,test,US,last,apex,585,1871330
S2,test,US,last,interests,584,1871330
S2,test,US,last,iv,582,1871330
S2,test,US,last,star,581,1871330
S2,test,US,last,innovative,578,1871330
S2,test,US,last,great,577,1871330
S2,test,US,last,bright,575,1871330
S2,test,US,last,v,573,1871330
S2,test,US,last,local,569,1871330
S2,test,US,last,sterling,568,1871330
S2,test,US,last,keystone,563,1871330
S2,test,US,last,first,561,1871330
S2,test,US,last,horizon,559,1871330
S2,test,US,last,fitness,555,1871330
S2,test,US,last,smith,554,1871330
S2,test,US,last,premier,548,1871330
S2,test,US,last,restaurant,548,1871330
S2,test,US,last,printing,544,1871330
S2,test,US,last,safe,543,1871330
S2,test,US,last,silver,543,1871330
S2,test,US,last,design,538,1871330
S2,test,US,last,pinnacle,537,1871330
S2,test,US,last,heritage,536,1871330
S2,test,US,last,lending,532,1871330
S2,test,US,last,manufacturing,531,1871330
S2,test,US,last,spa,531,1871330
S2,test,US,last,preferred,530,1871330
S2,test,US,last,fashion,529,1871330
S2,test,US,last,apparel,528,1871330
S2,test,US,last,vi,528,1871330
S2,test,US,last,farms,527,1871330
S2,test,US,last,best,526,1871330
S2,test,US,last,learning,523,1871330
S2,test,US,last,mountain,522,1871330
S2,test,US,last,national,522,1871330
S2,test,US,last,blue,518,1871330
S2,test,US,last,golden,518,1871330
S2,test,US,last,value,518,1871330
S2,test,US,last,cream,516,1871330
S2,test,US,last,ridge,516,1871330
S2,test,US,last,royal,516,1871330
S2,test,US,last,staffing,516,1871330
S2,test,US,last,diagnostics,513,1871330
S2,test,US,last,strategic,512,1871330
S2,test,US,last,integrated,511,1871330
S2,test,US,last,united,511,1871330
S2,test,US,last,equity,510,1871330
S2,test,US,last,federal,509,1871330
S2,test,US,last,cargo,507,1871330
S2,test,US,last,foods,507,1871330
S2,test,US,last,healthcare,506,1871330
S2,test,US,last,better,504,1871330
S2,test,US,last,communications,504,1871330
S2,test,US,last,direct,503,1871330
S2,test,US,last,quality,503,1871330
S2,test,US,last,education,502,1871330
S2,test,US,last,precision,502,1871330
S2,test,US,last,total,502,1871330
S2,test,US,last,dynamic,501,1871330
S2,test,US,last,motors,501,1871330
S2,test,US,last,elite,500,1871330
S2,test,US,last,liberty,500,1871330
S2,test,US,last,marketing,500,1871330
S2,test,US,last,biotech,497,1871330
S2,test,US,last,clean,496,1871330
S2,test,US,last,petroleum,496,1871330
S2,test,US,last,american,495,1871330
S2,test,US,last,automotive,494,1871330
S2,test,US,last,ássociates,494,1871330
S2,test,US,last,select,489,1871330
S2,test,US,last,state,489,1871330
S2,test,US,last,wholesale,489,1871330
S2,test,US,last,atlantic,487,1871330
S2,test,US,last,entertainment,487,1871330
S2,test,US,last,pacific,487,1871330
S2,test,US,last,electric,486,1871330
S2,test,US,last,llp,486,1871330
S2,test,US,last,choice,483,1871330
S2,test,US,last,rocky,483,1871330
S2,test,US,last,tax,483,1871330
S2,test,US,last,consulting,482,1871330
S2,test,US,last,prime,481,1871330
S2,test,US,last,c0m,480,1871330
S2,test,US,last,glass,480,1871330
S2,test,US,last,empire,478,1871330
S2,test,US,last,chiropractic,469,1871330
S2,test,US,last,street,468,1871330
S2,test,US,last,advanced,466,1871330
S2,test,US,last,express,465,1871330
S2,test,US,last,cáre,464,1871330
S2,test,US,last,johnson,461,1871330
S2,test,US,last,patriot,457,1871330
S2,test,US,last,smart,456,1871330
S2,test,US,last,environmental,454,1871330
S2,test,US,last,pharmaceuticals,452,1871330
S2,test,US,last,sciences,450,1871330
S2,test,US,last,superior,448,1871330
S2,test,US,last,charter,447,1871330
S2,test,US,last,platinum,446,1871330
S2,test,US,last,pioneer,439,1871330
S2,test,US,last,israel,437,1871330
S2,test,US,last,towing,436,1871330
S2,test,US,last,homecare,421,1871330
S2,test,US,last,trusted,419,1871330
S2,test,US,last,anchor,412,1871330
S2,test,US,last,cascade,411,1871330
S2,test,US,last,vanguard,407,1871330
S2,test,US,last,maintenance,404,1871330
S2,test,US,last,jewelers,401,1871330
S2,test,US,last,affairs,399,1871330
S2,test,US,last,williams,397,1871330
S2,test,US,last,unified,395,1871330
S2,test,US,last,cornerstone,393,1871330
S2,test,US,last,property,393,1871330
S2,test,US,last,textiles,393,1871330
S2,test,US,last,beacon,392,1871330
S2,test,US,last,dentistry,392,1871330
S2,test,US,last,apartments,391,1871330
S2,test,US,last,holding,389,1871330
S2,test,US,last,housing,387,1871330
S2,test,US,last,community,386,1871330
S2,test,US,last,couriers,386,1871330
S2,test,US,last,córporation,385,1871330
S2,test,US,last,delta,384,1871330
S2,test,US,last,legacy,384,1871330
S2,test,US,last,bay,383,1871330
S2,test,US,last,agriculture,382,1871330
S2,test,US,last,prairie,382,1871330
S2,test,US,last,classic,381,1871330
S2,test,US,last,hair,379,1871330
S2,test,US,last,appliance,378,1871330
S2,test,US,last,midwest,377,1871330
S2,test,US,last,grand,376,1871330
S2,test,US,last,boutique,375,1871330
S2,test,US,last,có,375,1871330
S2,test,US,last,contracting,373,1871330
S2,test,US,last,supreme,373,1871330
S2,test,US,last,finance,372,1871330
S2,test,US,last,metropolitan,371,1871330
S2,test,US,last,certified,370,1871330
S2,test,US,last,advertising,369,1871330
S2,test,US,last,clínic,368,1871330
S2,test,US,last,cosmetics,368,1871330
S2,test,US,last,rapid,367,1871330
S2,test,US,last,salon,367,1871330
S2,test,US,last,piedmont,366,1871330
S2,test,US,last,allied,365,1871330
S2,test,US,last,secure,365,1871330
S2,test,US,last,fresh,363,1871330
S2,test,US,last,produce,362,1871330
S2,test,US,last,jones,361,1871330
S2,test,US,last,painting,360,1871330
S2,test,US,last,couture,359,1871330
S2,test,US,last,grading,359,1871330
S2,test,US,last,landscaping,357,1871330
S2,test,US,last,advisory,356,1871330
S2,test,US,last,brewing,356,1871330
S2,test,US,last,5ervices,355,1871330
S2,test,US,last,continental,355,1871330
S2,test,US,last,productions,354,1871330
S2,test,US,last,desert,351,1871330
S2,test,US,last,fisheries,351,1871330
S2,test,US,last,peak,351,1871330
S2,test,US,last,electrical,350,1871330
S2,test,US,last,heartland,350,1871330
S2,test,US,last,brown,348,1871330
S2,test,US,last,consumer,348,1871330
S2,test,US,last,optimal,347,1871330
S2,test,US,last,ace,346,1871330
S2,test,US,last,recruiting,345,1871330
S2,test,US,last,interstate,344,1871330
S2,test,US,last,gulf,342,1871330
S2,test,US,last,interiors,342,1871330
S2,test,US,last,modern,342,1871330
S2,test,US,last,accounting,341,1871330
S2,test,US,last,clear,341,1871330
S2,test,US,last,liquor,341,1871330
S2,test,US,last,brokerage,340,1871330
S2,test,US,last,excavation,340,1871330
S2,test,US,last,repair,338,1871330
S2,test,US,last,roofing,338,1871330
S2,test,US,last,colonial,337,1871330
S2,test,US,last,signature,336,1871330
S2,test,US,last,graphics,335,1871330
S2,test,US,last,veterinary,334,1871330
S2,test,US,last,business,333,1871330
S2,test,US,last,county,333,1871330
S2,test,US,last,crystal,333,1871330
S2,test,US,last,diamond,332,1871330
S2,test,US,last,infrastructure,332,1871330
S2,test,US,last,catering,331,1871330
S2,test,US,last,reliable,331,1871330
S2,test,US,last,cathedral,329,1871330
S2,test,US,last,transportation,327,1871330
S2,test,US,last,custom,326,1871330
S2,test,US,last,architecture,325,1871330
S2,test,US,last,asset,324,1871330
S2,test,US,last,distribution,324,1871330
S2,test,US,last,detailing,323,1871330
S2,test,US,last,wealth,323,1871330
S2,test,US,last,home,322,1871330
S2,test,US,last,signs,322,1871330
S2,test,US,last,sérvice,322,1871330
S2,test,US,last,animal,321,1871330
S2,test,US,last,frontier,321,1871330
S2,test,US,last,marine,321,1871330
S2,test,US,last,investment,320,1871330
S2,test,US,last,publishing,320,1871330
S2,test,US,last,plumbing,319,1871330
S2,test,US,last,vision,319,1871330
S2,test,US,last,aerospace,317,1871330
S2,test,US,last,defense,316,1871330
S2,test,US,last,limited,316,1871330
S2,test,US,last,ankle,311,1871330
S2,test,US,last,biomedical,311,1871330
S2,test,US,last,zion,311,1871330
S2,test,US,last,installation,310,1871330
S2,test,US,last,complete,308,1871330
S2,test,US,last,physical,306,1871330
S2,test,US,last,montessori,304,1871330
S2,test,US,last,emanuel,301,1871330
S2,test,US,last,intelligence,300,1871330
S2,test,US,last,commercial,296,1871330
S2,test,US,last,industrial,296,1871330
S2,test,US,last,synagogue,296,1871330
S2,test,US,last,technical,296,1871330
S2,test,US,last,mobility,295,1871330
S2,test,US,last,meridian,292,1871330
S2,test,US,last,packaging,289,1871330
S2,test,US,last,chapel,287,1871330
S2,test,US,last,telecom,287,1871330
S2,test,US,last,cloud,286,1871330
S2,test,US,last,preparatory,286,1871330
S2,test,US,last,robotics,286,1871330
S2,test,US,last,throat,285,1871330
S2,test,US,last,semiconductor,284,1871330
S2,test,US,last,book,283,1871330
S2,test,US,last,life,283,1871330
S2,test,US,last,hill,282,1871330
S2,test,US,last,materials,278,1871330
S2,test,US,last,payment,278,1871330
S2,test,US,last,ice,275,1871330
S2,test,US,last,agricultural,274,1871330
S2,test,US,last,sales,268,1871330
S2,test,US,last,improvements,266,1871330
S2,test,US,last,martin,264,1871330
S2,test,US,last,phoenix,264,1871330
S2,test,US,last,jackson,256,1871330
S2,test,US,last,it,254,1871330
S2,test,US,last,bike,253,1871330
S2,test,US,last,willow,253,1871330
S2,test,US,last,hall,252,1871330
S2,test,US,last,iron,249,1871330
S2,test,US,last,edge,248,1871330
S2,test,US,last,park,248,1871330
S2,test,US,last,redwood,242,1871330
S2,test,US,last,centre,234,1871330
S2,test,US,last,dent,234,1871330
S2,test,US,last,drive,234,1871330
S2,test,US,last,titan,234,1871330
S2,test,US,last,ave,227,1871330
S2,test,US,last,compass,227,1871330
S2,test,US,last,king,227,1871330
S2,test,US,last,alley,226,1871330
S2,test,US,last,white,226,1871330
S2,test,US,last,boston,224,1871330
S2,test,US,last,james,224,1871330
S2,test,US,last,surgical,223,1871330
S2,test,US,last,lane,220,1871330
S2,test,US,last,motor,220,1871330
S2,test,US,last,metal,219,1871330
S2,test,US,last,osprey,219,1871330
S2,test,US,last,point,219,1871330
S2,test,US,last,spdr,219,1871330
S2,test,US,last,aurora,216,1871330
S2,test,US,last,vehicles,215,1871330
S2,test,US,last,gss,212,1871330
S2,test,US,last,héalth,212,1871330
S2,test,US,last,chicago,211,1871330
S2,test,US,last,columbus,210,1871330
S2,test,US,last,morgan,210,1871330
S2,test,US,last,baptist,209,1871330
S2,test,US,last,guaranty,209,1871330
S2,test,US,last,cea,208,1871330
S2,test,US,last,protection,208,1871330
S2,test,US,last,aspen,206,1871330
S2,test,US,last,atlas,206,1871330
S2,test,US,last,miller,204,1871330
S2,test,US,last,pmv,203,1871330
S2,test,US,last,rogers,203,1871330
S2,test,US,last,sim,203,1871330
S2,test,US,last,nova,201,1871330
S2,train,India,first,private,38669,2017799
S2,train,India,first,m,25793,2017799
S2,train,India,first,shri,25702,2017799
S2,train,India,first,dr,25670,2017799
S2,train,India,first,sri,25650,2017799
S2,train,India,first,smt,25473,2017799
S2,train,India,first,mr,25446,2017799
S2,train,India,first,limited,15040,2017799
S2,train,India,first,pvt,14080,2017799
S2,train,India,first,new,13330,2017799
S2,train,India,first,india,9989,2017799
S2,train,India,first,mumbai,9719,2017799
S2,train,India,first,services,8432,2017799
S2,train,India,first,shree,8069,2017799
S2,train,India,first,bangalore,7337,2017799
S2,train,India,first,ltd,7244,2017799
S2,train,India,first,solutions,6295,2017799
S2,train,India,first,delhi,5815,2017799
S2,train,India,first,kolkata,5701,2017799
S2,train,India,first,जय,5353,2017799
S2,train,India,first,श्री,5348,2017799
S2,train,India,first,pune,5337,2017799
S2,train,India,first,लक्ष्मी,5237,2017799
S2,train,India,first,llp,4519,2017799
S2,train,India,first,global,4369,2017799
S2,train,India,first,sai,4265,2017799
S2,train,India,first,technologies,4132,2017799
S2,train,India,first,hyderabad,4025,2017799
S2,train,India,first,green,3946,2017799
S2,train,India,first,chennai,3862,2017799
S2,train,India,first,tech,3744,2017799
S2,train,India,first,international,3429,2017799
S2,train,India,first,jai,3375,2017799
S2,train,India,first,om,3311,2017799
S2,train,India,first,public,3289,2017799
S2,train,India,first,maa,3250,2017799
S2,train,India,first,blue,3191,2017799
S2,train,India,first,golden,2989,2017799
S2,train,India,first,east,2881,2017799
S2,train,India,first,krishna,2868,2017799
S2,train,India,first,रॉयल,2862,2017799
S2,train,India,first,sree,2842,2017799
S2,train,India,first,royal,2806,2017799
S2,train,India,first,balaji,2800,2017799
S2,train,India,first,पायोनियर,2763,2017799
S2,train,India,first,होटल,2754,2017799
S2,train,India,first,इनोवेटिव,2749,2017799
S2,train,India,first,सदर्न,2746,2017799
S2,train,India,first,ईस्ट,2744,2017799
S2,train,India,first,डिजिटल,2733,2017799
S2,train,India,first,क्लासिक,2730,2017799
S2,train,India,first,स्टार,2726,2017799
S2,train,India,first,शक्ति,2724,2017799
S2,train,India,first,गोल्ड,2718,2017799
S2,train,India,first,indian,2717,2017799
S2,train,India,first,साउथ,2715,2017799
S2,train,India,first,बॉम्बे,2714,2017799
S2,train,India,first,इंडो,2713,2017799
S2,train,India,first,विजन,2712,2017799
S2,train,India,first,आदित्य,2711,2017799
S2,train,India,first,एस,2709,2017799
S2,train,India,first,अरिहंत,2708,2017799
S2,train,India,first,फ्यूचर,2708,2017799
S2,train,India,first,star,2705,2017799
S2,train,India,first,बेस्ट,2704,2017799
S2,train,India,first,ब्लू,2703,2017799
S2,train,India,first,ईस्टर्न,2702,2017799
S2,train,India,first,डायनामिक,2702,2017799
S2,train,India,first,सुपर,2699,2017799
S2,train,India,first,गैलेक्सी,2689,2017799
S2,train,India,first,प्रीमियर,2686,2017799
S2,train,India,first,हाई,2683,2017799
S2,train,India,first,बालाजी,2681,2017799
S2,train,India,first,सेवन,2679,2017799
S2,train,India,first,बिग,2670,2017799
S2,train,India,first,शिवा,2669,2017799
S2,train,India,first,united,2668,2017799
S2,train,India,first,स्मार्ट,2664,2017799
S2,train,India,first,लोटस,2659,2017799
S2,train,India,first,यूनिक,2657,2017799
S2,train,India,first,लाइफ,2651,2017799
S2,train,India,first,हरि,2650,2017799
S2,train,India,first,बाबा,2649,2017799
S2,train,India,first,इंडियन,2648,2017799
S2,train,India,first,अल,2647,2017799
S2,train,India,first,फॉर्च्यून,2647,2017799
S2,train,India,first,ग्लोबल,2645,2017799
S2,train,India,first,आनंद,2642,2017799
S2,train,India,first,गुरु,2640,2017799
S2,train,India,first,गुजरात,2633,2017799
S2,train,India,first,टेक,2632,2017799
S2,train,India,first,जैन,2630,2017799
S2,train,India,first,शिवम,2630,2017799
S2,train,India,first,तिरुपति,2629,2017799
S2,train,India,first,अल्फा,2628,2017799
S2,train,India,first,सिल्वर,2627,2017799
S2,train,India,first,मॉडर्न,2625,2017799
S2,train,India,first,राम,2624,2017799
S2,train,India,first,यूनिवर्सल,2623,2017799
S2,train,India,first,सन,2623,2017799
S2,train,India,first,सिटी,2622,2017799
S2,train,India,first,रियल,2621,2017799
S2,train,India,first,सनराइज,2620,2017799
S2,train,India,first,एपेक्स,2618,2017799
S2,train,India,first,व्हाइट,2616,2017799
S2,train,India,first,ग्रीन,2615,2017799
S2,train,India,first,नॉर्थ,2611,2017799
S2,train,India,first,raj,2610,2017799
S2,train,India,first,ड्रीम,2608,2017799
S2,train,India,first,भारत,2608,2017799
S2,train,India,first,वन,2607,2017799
S2,train,India,first,sun,2606,2017799
S2,train,India,first,super,2603,2017799
S2,train,India,first,अर्बन,2600,2017799
S2,train,India,first,राज,2595,2017799
S2,train,India,first,shiv,2590,2017799
S2,train,India,first,ब्राइट,2587,2017799
S2,train,India,first,गुड,2584,2017799
S2,train,India,first,श्याम,2584,2017799
S2,train,India,first,शिव,2581,2017799
S2,train,India,first,न्यू,2580,2017799
S2,train,India,first,unique,2579,2017799
S2,train,India,first,ब्लैक,2579,2017799
S2,train,India,first,रेड,2570,2017799
S2,train,India,first,परफेक्ट,2567,2017799
S2,train,India,first,माय,2558,2017799
S2,train,India,first,इंटरनेशनल,2556,2017799
S2,train,India,first,हाईटेक,2553,2017799
S2,train,India,first,स्काई,2551,2017799
S2,train,India,first,ग्रेट,2548,2017799
S2,train,India,first,यूनाइटेड,2547,2017799
S2,train,India,first,प्राइम,2538,2017799
S2,train,India,first,white,2528,2017799
S2,train,India,first,फर्स्ट,2522,2017799
S2,train,India,first,prime,2520,2017799
S2,train,India,first,ऑल,2515,2017799
S2,train,India,first,स्वस्तिक,2514,2017799
S2,train,India,first,ram,2511,2017799
S2,train,India,first,क्रिएटिव,2510,2017799
S2,train,India,first,tirupati,2506,2017799
S2,train,India,first,city,2505,2017799
S2,train,India,first,सुप्रीम,2500,2017799
S2,train,India,first,विजय,2498,2017799
S2,train,India,first,गोल्डन,2496,2017799
S2,train,India,first,jay,2495,2017799
S2,train,India,first,एसएस,2494,2017799
S2,train,India,first,aditya,2491,2017799
S2,train,India,first,lakshmi,2489,2017799
S2,train,India,first,al,2483,2017799
S2,train,India,first,silver,2458,2017799
S2,train,India,first,south,2457,2017799
S2,train,India,first,hotel,2453,2017799
S2,train,India,first,real,2446,2017799
S2,train,India,first,future,2442,2017799
S2,train,India,first,jaipur,2427,2017799
S2,train,India,first,bharat,2422,2017799
S2,train,India,first,dream,2406,2017799
S2,train,India,first,surya,2405,2017799
S2,train,India,first,smart,2397,2017799
S2,train,India,first,apex,2385,2017799
S2,train,India,first,anand,2381,2017799
S2,train,India,first,north,2373,2017799
S2,train,India,first,first,2369,2017799
S2,train,India,first,red,2360,2017799
S2,train,India,first,life,2358,2017799
S2,train,India,first,my,2358,2017799
S2,train,India,first,ace,2350,2017799
S2,train,India,first,perfect,2345,2017799
S2,train,India,first,seven,2340,2017799
S2,train,India,first,guru,2335,2017799
S2,train,India,first,jain,2335,2017799
S2,train,India,first,laxmi,2334,2017799
S2,train,India,first,premier,2326,2017799
S2,train,India,first,eastern,2315,2017799
S2,train,India,first,one,2311,2017799
S2,train,India,first,digital,2309,2017799
S2,train,India,first,developers,2303,2017799
S2,train,India,first,sky,2299,2017799
S2,train,India,first,gold,2298,2017799
S2,train,India,first,shiva,2296,2017799
S2,train,India,first,hari,2291,2017799
S2,train,India,first,vision,2290,2017799
S2,train,India,first,baba,2280,2017799
S2,train,India,first,foundation,2277,2017799
S2,train,India,first,thane,2270,2017799
S2,train,India,first,creative,2269,2017799
S2,train,India,first,black,2267,2017799
S2,train,India,first,ss,2262,2017799
S2,train,India,first,innovative,2257,2017799
S2,train,India,first,industries,2254,2017799
S2,train,India,first,all,2236,2017799
S2,train,India,first,southern,2229,2017799
S2,train,India,first,urban,2220,2017799
S2,train,India,first,sunrise,2219,2017799
S2,train,India,first,vijay,2218,2017799
S2,train,India,first,galaxy,2216,2017799
S2,train,India,first,arihant,2215,2017799
S2,train,India,first,universal,2215,2017799
S2,train,India,first,bombay,2213,2017799
S2,train,India,first,indo,2205,2017799
S2,train,India,first,best,2204,2017799
S2,train,India,first,high,2200,2017799
S2,train,India,first,modern,2200,2017799
S2,train,India,first,dynamic,2199,2017799
S2,train,India,first,gujarat,2196,2017799
S2,train,India,first,shyam,2190,2017799
S2,train,India,first,bright,2187,2017799
S2,train,India,first,classic,2187,2017799
S2,train,India,first,shivam,2178,2017799
S2,train,India,first,swastik,2178,2017799
S2,train,India,first,big,2177,2017799
S2,train,India,first,shakti,2174,2017799
S2,train,India,first,pioneer,2171,2017799
S2,train,India,first,marketing,2170,2017799
S2,train,India,first,supreme,2165,2017799
S2,train,India,first,good,2160,2017799
S2,train,India,first,lotus,2145,2017799
S2,train,India,first,alpha,2124,2017799
S2,train,India,first,hitech,2112,2017799
S2,train,India,first,fortune,2104,2017799
S2,train,India,first,great,2085,2017799
S2,train,India,first,ahmedabad,2032,2017799
S2,train,India,first,agro,2019,2017799
S2,train,India,first,enterprises,2016,2017799
S2,train,India,first,lucknow,1981,2017799
S2,train,India,first,the,1965,2017799
S2,train,India,first,engineering,1866,2017799
S2,train,India,first,trading,1805,2017799
S2,train,India,first,infra,1751,2017799
S2,train,India,first,noida,1702,2017799
S2,train,India,first,co,1650,2017799
S2,train,India,first,producer,1640,2017799
S2,train,India,first,management,1630,2017799
S2,train,India,first,ventures,1603,2017799
S2,train,India,first,foods,1533,2017799
S2,train,India,first,center,1506,2017799
S2,train,India,first,finance,1483,2017799
S2,train,India,first,consultants,1456,2017799
S2,train,India,first,energy,1454,2017799
S2,train,India,first,products,1454,2017799
S2,train,India,first,systems,1442,2017799
S2,train,India,first,technology,1439,2017799
S2,train,India,first,साई,1415,2017799
S2,train,India,first,consultancy,1407,2017799
S2,train,India,first,कृष्ण,1365,2017799
S2,train,India,first,सूर्य,1364,2017799
S2,train,India,first,l,1363,2017799
S2,train,India,first,सूर्या,1361,2017799
S2,train,India,first,कृष्णा,1359,2017799
S2,train,India,first,ओम,1339,2017799
S2,train,India,first,माँ,1337,2017799
S2,train,India,first,साईं,1329,2017799
S2,train,India,first,मां,1315,2017799
S2,train,India,first,builders,1312,2017799
S2,train,India,first,projects,1306,2017799
S2,train,India,first,construction,1301,2017799
S2,train,India,first,media,1288,2017799
S2,train,India,first,infrastructure,1278,2017799
S2,train,India,first,indore,1271,2017799
S2,train,India,first,ॐ,1266,2017799
S2,train,India,first,ghaziabad,1221,2017799
S2,train,India,first,properties,1209,2017799
S2,train,India,first,software,1202,2017799
S2,train,India,first,consulting,1193,2017799
S2,train,India,first,prívate,1165,2017799
S2,train,India,first,surat,1158,2017799
S2,train,India,first,nagpur,1149,2017799
S2,train,India,first,exports,1123,2017799
S2,train,India,first,gurgaon,1119,2017799
S2,train,India,first,healthcare,1094,2017799
S2,train,India,first,coimbatore,1089,2017799
S2,train,India,first,bhubaneswar,976,2017799
S2,train,India,first,corp,941,2017799
S2,train,India,first,corporation,927,2017799
S2,train,India,first,patna,917,2017799
S2,train,India,first,ernakulam,877,2017799
S2,train,India,first,company,855,2017799
S2,train,India,first,ahmadabad,844,2017799
S2,train,India,first,సన్,789,2017799
S2,train,India,first,ಸನ್,785,2017799
S2,train,India,first,జై,774,2017799
S2,train,India,first,ಶ್ರೀ,752,2017799
S2,train,India,first,ಲಕ್ಷ್ಮಿ,744,2017799
S2,train,India,first,శ్రీ,738,2017799
S2,train,India,first,navi,689,2017799
S2,train,India,first,ஜெய்,685,2017799
S2,train,India,first,vadodara,683,2017799
S2,train,India,first,લક્ષ્મી,674,2017799
S2,train,India,first,faridabad,657,2017799
S2,train,India,first,জয়,646,2017799
S2,train,India,first,ஸ்ரீ,646,2017799
S2,train,India,first,haveli,634,2017799
S2,train,India,first,thiruvananthapuram,622,2017799
S2,train,India,first,শ্রী,615,2017799
S2,train,India,first,aurangabad,614,2017799
S2,train,India,first,লক্ষ্মী,614,2017799
S2,train,India,first,જય,614,2017799
S2,train,India,first,nashik,612,2017799
S2,train,India,first,শিব,588,2017799
S2,train,India,first,bengaluru,586,2017799
S2,train,India,first,secunderabad,586,2017799
S2,train,India,first,શ્રી,582,2017799
S2,train,India,first,rajkot,579,2017799
S2,train,India,first,service,561,2017799
S2,train,India,first,malappuram,560,2017799
S2,train,India,first,partners,546,2017799
S2,train,India,first,visakhapatnam,533,2017799
S2,train,India,first,varanasi,507,2017799
S2,train,India,first,kozhikode,481,2017799
S2,train,India,first,agra,469,2017799
S2,train,India,first,అరిహంత్,458,2017799
S2,train,India,first,லக்ஷ்மி,455,2017799
S2,train,India,first,లైఫ్,449,2017799
S2,train,India,first,શિવ,448,2017799
S2,train,India,first,kalyan,446,2017799
S2,train,India,first,tirumalagiri,446,2017799
S2,train,India,first,group,440,2017799
S2,train,India,first,డ్రీమ్,432,2017799
S2,train,India,first,మోడర్న్,432,2017799
S2,train,India,first,rk,431,2017799
S2,train,India,first,గుజరాత్,430,2017799
S2,train,India,first,రెడ్,430,2017799
S2,train,India,first,స్టార్,428,2017799
S2,train,India,first,హై,426,2017799
S2,train,India,first,kanpur,424,2017799
S2,train,India,first,వన్,424,2017799
S2,train,India,first,గ్రేట్,423,2017799
S2,train,India,first,శక్తి,423,2017799
S2,train,India,first,నార్త్,422,2017799
S2,train,India,first,స్వస్తిక్,422,2017799
S2,train,India,first,ಡ್ರೀಮ್,422,2017799
S2,train,India,first,యూనిక్,421,2017799
S2,train,India,first,límited,418,2017799
S2,train,India,first,సెవెన్,418,2017799
S2,train,India,first,madras,414,2017799
S2,train,India,first,shaikpet,412,2017799
S2,train,India,first,ప్రీమియర్,412,2017799
S2,train,India,first,మై,412,2017799
S2,train,India,first,ಸದರ್ನ್,412,2017799
S2,train,India,first,true,411,2017799
S2,train,India,first,west,411,2017799
S2,train,India,first,బాలాజీ,411,2017799
S2,train,India,first,హైటెక్,410,2017799
S2,train,India,first,bhopal,409,2017799
S2,train,India,first,ஸ்மார்ட்,409,2017799
S2,train,India,first,ಹೋಟೆಲ್,409,2017799
S2,train,India,first,venus,407,2017799
S2,train,India,first,ఆదిత్య,407,2017799
S2,train,India,first,ಗುಜರಾತ್,407,2017799
S2,train,India,first,ಟೆಕ್,407,2017799
S2,train,India,first,ganesh,406,2017799
S2,train,India,first,గెలాక్సీ,406,2017799
S2,train,India,first,గోల్డ్,406,2017799
S2,train,India,first,న్యూ,406,2017799
S2,train,India,first,సుప్రీమ్,406,2017799
S2,train,India,first,சிவா,404,2017799
S2,train,India,first,ಗ್ಯಾಲಕ್ಸಿ,403,2017799
S2,train,India,first,ಸೂರ್ಯ,403,2017799
S2,train,India,first,டிரீம்,400,2017799
S2,train,India,first,శివం,399,2017799
S2,train,India,first,ತಿರುಪತಿ,399,2017799
S2,train,India,first,sr,398,2017799
S2,train,India,first,ఫ్యూచర్,398,2017799
S2,train,India,first,బెస్ట్,398,2017799
S2,train,India,first,la,397,2017799
S2,train,India,first,రామ్,397,2017799
S2,train,India,first,ಗುರು,397,2017799
S2,train,India,first,diamond,396,2017799
S2,train,India,first,divine,396,2017799
S2,train,India,first,పర్,396,2017799
S2,train,India,first,బాబా,396,2017799
S2,train,India,first,ఫార్చూన్,395,2017799
S2,train,India,first,బ్రైట్,395,2017799
S2,train,India,first,యునైటెడ్,395,2017799
S2,train,India,first,విజయ్,395,2017799
S2,train,India,first,ಕ್ಲಾಸಿಕ್,395,2017799
S2,train,India,first,ಬೆಸ್ಟ್,395,2017799
S2,train,India,first,gurugram,394,2017799
S2,train,India,first,indus,394,2017799
S2,train,India,first,ఆల్,394,2017799
S2,train,India,first,ಮೈ,394,2017799
S2,train,India,first,సాయి,392,2017799
S2,train,India,first,ಗುಡ್,392,2017799
S2,train,India,first,ಯುನೀಕ್,392,2017799
S2,train,India,first,పయనీర్,391,2017799
S2,train,India,first,హరి,391,2017799
S2,train,India,first,ಒನ್,391,2017799
S2,train,India,first,ರಿಯಲ್,391,2017799
S2,train,India,first,சக்தி,390,2017799
S2,train,India,first,ఇంటర్నేషనల్,390,2017799
S2,train,India,first,వైట్,390,2017799
S2,train,India,first,ಜೈ,390,2017799
S2,train,India,first,mysore,389,2017799
S2,train,India,first,జైన్,389,2017799
S2,train,India,first,విజన్,389,2017799
S2,train,India,first,ಶಕ್ತಿ,389,2017799
S2,train,India,first,ಸ್ಟಾರ್,389,2017799
S2,train,India,first,సిటీ,388,2017799
S2,train,India,first,ಈಸ್ಟರ್ನ್,387,2017799
S2,train,India,first,ವಿಜಯ್,387,2017799
S2,train,India,first,sea,386,2017799
S2,train,India,first,sk,386,2017799
S2,train,India,first,yash,386,2017799
S2,train,India,first,ஈஸ்ட்,386,2017799
S2,train,India,first,అర్బన్,386,2017799
S2,train,India,first,తిరుపతి,386,2017799
S2,train,India,first,ಬಾಬಾ,386,2017799
S2,train,India,first,రియల్,385,2017799
S2,train,India,first,సూర్య,385,2017799
S2,train,India,first,గ్రీన్,384,2017799
S2,train,India,first,గ్లోబల్,384,2017799
S2,train,India,first,స్కై,384,2017799
S2,train,India,first,ಪರ್ಫೆಕ್ಟ್,384,2017799
S2,train,India,first,ರಾಮ್,384,2017799
S2,train,India,first,ludhiana,383,2017799
S2,train,India,first,ಫ್ಯೂಚರ್,383,2017799
S2,train,India,first,ఆనంద్,382,2017799
S2,train,India,first,ಅಪೆಕ್ಸ್,382,2017799
S2,train,India,first,ನಾರ್ತ್,382,2017799
S2,train,India,first,சில்வர்,381,2017799
S2,train,India,first,ఇండో,381,2017799
S2,train,India,first,యూనివర్సల్,381,2017799
S2,train,India,first,శివ్,381,2017799
S2,train,India,first,power,380,2017799
S2,train,India,first,ஹை,380,2017799
S2,train,India,first,రాయల్,380,2017799
S2,train,India,first,సూపర్,380,2017799
S2,train,India,first,ಓಂ,380,2017799
S2,train,India,first,ಸಿಟಿ,380,2017799
S2,train,India,first,elite,379,2017799
S2,train,India,first,ಪ್ರೈಮ್,379,2017799
S2,train,India,first,பிரீமியர்,378,2017799
S2,train,India,first,సదర్న్,378,2017799
S2,train,India,first,డైనమిక్,376,2017799
S2,train,India,first,ಡೈನಾಮಿಕ್,376,2017799
S2,train,India,first,ಗೋಲ್ಡನ್,375,2017799
S2,train,India,first,ಬಾಲಾಜಿ,375,2017799
S2,train,India,first,ಸೌತ್,375,2017799
S2,train,India,first,care,374,2017799
S2,train,India,first,అల్,374,2017799
S2,train,India,first,ಆನಂದ್,374,2017799
S2,train,India,first,ನ್ಯೂ,374,2017799
S2,train,India,first,கோல்டு,373,2017799
S2,train,India,first,హోటల్,373,2017799
S2,train,India,first,ಕ್ರಿಯೇಟಿವ್,373,2017799
S2,train,India,first,four,372,2017799
S2,train,India,first,ఏస్,372,2017799
S2,train,India,first,డిజిటల్,372,2017799
S2,train,India,first,ಶಿವ,372,2017799
S2,train,India,first,ఏపెక్స్,371,2017799
S2,train,India,first,happy,370,2017799
S2,train,India,first,ಏಸ್,370,2017799
S2,train,India,first,ಮಾ,370,2017799
S2,train,India,first,sunshine,369,2017799
S2,train,India,first,thrissur,369,2017799
S2,train,India,first,ಅರಿಹಂತ್,369,2017799
S2,train,India,first,ಇನೋವೇಟಿವ್,369,2017799
S2,train,India,first,பயனியர்,368,2017799
S2,train,India,first,బ్లాక్,368,2017799
S2,train,India,first,స్మార్ట్,368,2017799
S2,train,India,first,గురు,367,2017799
S2,train,India,first,బిగ్,367,2017799
S2,train,India,first,ಸೂಪರ್,367,2017799
S2,train,India,first,ಹೈ,367,2017799
S2,train,India,first,ms,366,2017799
S2,train,India,first,சூப்பர்,366,2017799
S2,train,India,first,ரியல்,366,2017799
S2,train,India,first,ఫస్ట్,366,2017799
S2,train,India,first,సౌత్,366,2017799
S2,train,India,first,ಇಂಡಿಯನ್,366,2017799
S2,train,India,first,vijayawada,365,2017799
S2,train,India,first,ஏஸ்,365,2017799
S2,train,India,first,ఇండియన్,365,2017799
S2,train,India,first,లక్ష్మీ,365,2017799
S2,train,India,first,లోటస్,365,2017799
S2,train,India,first,ಬ್ಲೂ,365,2017799
S2,train,India,first,ಸ್ಕೈ,365,2017799
S2,train,India,first,ಬ್ಲ್ಯಾಕ್,363,2017799
S2,train,India,first,வொயிட்,362,2017799
S2,train,India,first,ప్రైమ్,362,2017799
S2,train,India,first,సిల్వర్,362,2017799
S2,train,India,first,ટેક,361,2017799
S2,train,India,first,ಇಂಡೋ,361,2017799
S2,train,India,first,vasai,360,2017799
S2,train,India,first,ಜೈನ್,360,2017799
S2,train,India,first,ശ്രീ,360,2017799
S2,train,India,first,ganga,359,2017799
S2,train,India,first,ક્લાસિક,359,2017799
S2,train,India,first,శ్యామ్,359,2017799
S2,train,India,first,ಅರ್ಬನ್,359,2017799
S2,train,India,first,ಕೃಷ್ಣ,359,2017799
S2,train,India,first,ಸ್ವಸ್ತಿಕ್,359,2017799
S2,train,India,first,ലക്ഷ്മി,359,2017799
S2,train,India,first,overseas,358,2017799
S2,train,India,first,નોર્થ,358,2017799
S2,train,India,first,டைனமிக்,358,2017799
S2,train,India,first,ఈస్ట్,358,2017799
S2,train,India,first,ಇಂಟರ್,358,2017799
S2,train,India,first,ಸಾಯಿ,358,2017799
S2,train,India,first,ஷ்யாம்,356,2017799
S2,train,India,first,ಪ್ರೀಮಿಯರ್,356,2017799
S2,train,India,first,ಶಿವ್,356,2017799
S2,train,India,first,madurai,355,2017799
S2,train,India,first,square,355,2017799
S2,train,India,first,బ్లూ,355,2017799
S2,train,India,first,hindustan,354,2017799
S2,train,India,first,ஃபர்ஸ்ட்,354,2017799
S2,train,India,first,ஃபியூச்சர்,354,2017799
S2,train,India,first,கிருஷ்ணா,354,2017799
S2,train,India,first,ರೆಡ್,354,2017799
S2,train,India,first,ಹೈಟೆಕ್,354,2017799
S2,train,India,first,ফিউচার,353,2017799
S2,train,India,first,టెక్,353,2017799
S2,train,India,first,ಈಸ್ಟ್,353,2017799
S2,train,India,first,ಸ್ಮಾರ್ಟ್,353,2017799
S2,train,India,first,நியூ,352,2017799
S2,train,India,first,గుడ్,352,2017799
S2,train,India,first,గోల్డెన్,352,2017799
S2,train,India,first,మా,352,2017799
S2,train,India,first,rainbow,351,2017799
S2,train,India,first,சிவம்,351,2017799
S2,train,India,first,ಆದಿತ್ಯ,351,2017799
S2,train,India,first,ಡಿಜಿಟಲ್,351,2017799
S2,train,India,first,ಬಿಗ್,351,2017799
S2,train,India,first,শিবম,350,2017799
S2,train,India,first,ગોલ્ડન,350,2017799
S2,train,India,first,క్లాసిక్,350,2017799
S2,train,India,first,ಶ್ಯಾಮ್,350,2017799
S2,train,India,first,ಸೆವೆನ್,350,2017799
S2,train,India,first,কৃষ্ণ,349,2017799
S2,train,India,first,క్రియేటివ్,349,2017799
S2,train,India,first,భారత్,349,2017799
S2,train,India,first,ಮಾಡರ್ನ್,349,2017799
S2,train,India,first,sp,348,2017799
S2,train,India,first,ಲೋಟಸ್,348,2017799
S2,train,India,first,ವೈಟ್,348,2017799
S2,train,India,first,রাম,347,2017799
S2,train,India,first,டெக்,347,2017799
S2,train,India,first,விஷன்,347,2017799
S2,train,India,first,ఎస్,347,2017799
S2,train,India,first,రాజ్,346,2017799
S2,train,India,first,ಅಲ್,346,2017799
S2,train,India,first,satya,345,2017799
S2,train,India,first,গোল্ডেন,345,2017799
S2,train,India,first,யுனிக்,345,2017799
S2,train,India,first,లక్ష్మి,345,2017799
S2,train,India,first,ಗ್ರೇಟ್,345,2017799
S2,train,India,first,ಫಾರ್ಚೂನ್,345,2017799
S2,train,India,first,asian,344,2017799
S2,train,India,first,વિજય,344,2017799
S2,train,India,first,சதர்ன்,344,2017799
S2,train,India,first,স্টার,343,2017799
S2,train,India,first,হাই,343,2017799
S2,train,India,first,ஜைன்,343,2017799
S2,train,India,first,ఆల్ఫా,343,2017799
S2,train,India,first,ಬ್ರೈಟ್,343,2017799
S2,train,India,first,ರಾಯಲ್,343,2017799
S2,train,India,first,bengal,342,2017799
S2,train,India,first,আল,342,2017799
S2,train,India,first,ઇનોવેટિવ,342,2017799
S2,train,India,first,બ્લૂ,342,2017799
S2,train,India,first,சவுத்,342,2017799
S2,train,India,first,விஜய்,342,2017799
S2,train,India,first,బాంబే,342,2017799
S2,train,India,first,ಹರಿ,342,2017799
S2,train,India,first,ஆதித்யா,341,2017799
S2,train,India,first,ஆல்ஃபா,341,2017799
S2,train,India,first,பம்பாய்,341,2017799
S2,train,India,first,western,340,2017799
S2,train,India,first,இண்டோ,340,2017799
S2,train,India,first,ఈస్టర్న్,340,2017799
S2,train,India,first,eco,339,2017799
S2,train,India,first,গুরু,339,2017799
S2,train,India,first,বেস্ট,339,2017799
S2,train,India,first,சாய்,339,2017799
S2,train,India,first,ಆಲ್ಫಾ,339,2017799
S2,train,India,first,ರಾಜ್,339,2017799
S2,train,India,first,gupta,338,2017799
S2,train,India,first,rudra,338,2017799
S2,train,India,first,পারফেক্ট,338,2017799
S2,train,India,first,ગ્રેટ,338,2017799
S2,train,India,first,સધર્ન,338,2017799
S2,train,India,first,பிரைட்,338,2017799
S2,train,India,first,டிஜிட்டல்,337,2017799
S2,train,India,first,ಭಾರತ್,337,2017799
S2,train,India,first,সানরাইজ,336,2017799
S2,train,India,first,ಗೋಲ್ಡ್,336,2017799
S2,train,India,first,ar,335,2017799
S2,train,India,first,industrial,335,2017799
S2,train,India,first,three,335,2017799
S2,train,India,first,পায়োনিয়ার,335,2017799
S2,train,India,first,ઈસ્ટ,335,2017799
S2,train,India,first,சன்ரைஸ்,335,2017799
S2,train,India,first,ಆಲ್,335,2017799
S2,train,India,first,pragati,334,2017799
S2,train,India,first,ವಿಷನ್,334,2017799
S2,train,India,first,টেক,333,2017799
S2,train,India,first,ஒன்,333,2017799
S2,train,India,first,சன்,333,2017799
S2,train,India,first,சூர்யா,333,2017799
S2,train,India,first,ராம்,333,2017799
S2,train,India,first,capital,332,2017799
S2,train,India,first,durga,332,2017799
S2,train,India,first,techno,332,2017799
S2,train,India,first,বিগ,332,2017799
S2,train,India,first,ક્રિએટિવ,332,2017799
S2,train,India,first,ജയ്,332,2017799
S2,train,India,first,gandhinagar,331,2017799
S2,train,India,first,radha,331,2017799
S2,train,India,first,shreeji,331,2017799
S2,train,India,first,সান,331,2017799
S2,train,India,first,ગેલેક્સી,331,2017799
S2,train,India,first,கேலக்ஸி,331,2017799
S2,train,India,first,பர்ஃபெக்ட்,331,2017799
S2,train,India,first,ఇన్నోవేటివ్,331,2017799
S2,train,India,first,ಬಾಂಬೆ,331,2017799
S2,train,India,first,মডার্ন,330,2017799
S2,train,India,first,திருப்பதி,330,2017799
S2,train,India,first,இந்தியன்,329,2017799
S2,train,India,first,பாபா,329,2017799
S2,train,India,first,மை,329,2017799
S2,train,India,first,ಪಯೊನೀರ್,329,2017799
S2,train,India,first,ಯುನಿವರ್ಸಲ್,329,2017799
S2,train,India,first,ডায়নামিক,328,2017799
S2,train,India,first,સ્કાય,328,2017799
S2,train,India,first,லைஃப்,328,2017799
S2,train,India,first,allahabad,327,2017799
S2,train,India,first,crystal,327,2017799
S2,train,India,first,સાઉથ,327,2017799
S2,train,India,first,ஆல்,327,2017799
S2,train,India,first,யுனிவர்சல்,327,2017799
S2,train,India,first,ಲೈಫ್,327,2017799
S2,train,India,first,ಸುಪ್ರೀಮ್,327,2017799
S2,train,India,first,પ્રાઇમ,326,2017799
S2,train,India,first,સૂર્ય,326,2017799
S2,train,India,first,delta,325,2017799
S2,train,India,first,বাবা,325,2017799
S2,train,India,first,ડ્રીમ,325,2017799
S2,train,India,first,மா,325,2017799
S2,train,India,first,லோட்டஸ்,325,2017799
S2,train,India,first,associates,324,2017799
S2,train,India,first,குஜராத்,324,2017799
S2,train,India,first,ஹரி,324,2017799
S2,train,India,first,বোম্বে,323,2017799
S2,train,India,first,அபெக்ஸ்,323,2017799
S2,train,India,first,இன்டர்நேஷனல்,323,2017799
S2,train,India,first,சிட்டி,323,2017799
S2,train,India,first,பிரைம்,323,2017799
S2,train,India,first,holdings,322,2017799
S2,train,India,first,লাইফ,322,2017799
S2,train,India,first,সাই,322,2017799
S2,train,India,first,হাইটেক,322,2017799
S2,train,India,first,meerut,321,2017799
S2,train,India,first,প্রিমিয়ার,321,2017799
S2,train,India,first,ಫಸ್ಟ್,321,2017799
S2,train,India,first,punjab,320,2017799
S2,train,India,first,right,320,2017799
S2,train,India,first,sagar,320,2017799
S2,train,India,first,எஸ்எஸ்,320,2017799
S2,train,India,first,கிரீன்,320,2017799
S2,train,India,first,பாலாஜி,320,2017799
S2,train,India,first,ஸ்டார்,320,2017799
S2,train,India,first,ಗ್ರೀನ್,320,2017799
S2,train,India,first,rs,319,2017799
S2,train,India,first,সেভেন,319,2017799
S2,train,India,first,યુનિવર્સલ,319,2017799
S2,train,India,first,સિટી,319,2017799
S2,train,India,first,கோல்டன்,319,2017799
S2,train,India,first,ராயல்,319,2017799
S2,train,India,first,dev,318,2017799
S2,train,India,first,ideal,318,2017799
S2,train,India,first,மாடர்ன்,318,2017799
S2,train,India,first,ஹைடெக்,318,2017799
S2,train,India,first,grand,317,2017799
S2,train,India,first,গোল্ড,317,2017799
S2,train,India,first,ગુરુ,317,2017799
S2,train,India,first,அல்,317,2017799
S2,train,India,first,கிரேட்,317,2017799
S2,train,India,first,ಸಿಲ್ವರ್,317,2017799
S2,train,India,first,হরি,316,2017799
S2,train,India,first,ગુજરાત,316,2017799
S2,train,India,first,યુનિક,316,2017799
S2,train,India,first,વ્હાઇટ,316,2017799
S2,train,India,first,સ્માર્ટ,316,2017799
S2,train,India,first,ரெட்,316,2017799
S2,train,India,first,તિરુપતિ,315,2017799
S2,train,India,first,લોટસ,315,2017799
S2,train,India,first,ஹோட்டல்,315,2017799
S2,train,India,first,deep,314,2017799
S2,train,India,first,প্রাইম,314,2017799
S2,train,India,first,સિલ્વર,314,2017799
S2,train,India,first,સેવન,314,2017799
S2,train,India,first,ಶಿವಂ,314,2017799
S2,train,India,first,એસ,313,2017799
S2,train,India,first,રોયલ,313,2017799
S2,train,India,first,பிளாக்,313,2017799
S2,train,India,first,புளூ,313,2017799
S2,train,India,first,siddhi,312,2017799
S2,train,India,first,આદિત્ય,312,2017799
S2,train,India,first,ઇન્ડિયન,312,2017799
S2,train,India,first,જૈન,312,2017799
S2,train,India,first,લાઇફ,312,2017799
S2,train,India,first,સ્વસ્તિક,312,2017799
S2,train,India,first,பிக்,312,2017799
S2,train,India,first,অ্যাপেক্স,311,2017799
S2,train,India,first,ওম,311,2017799
S2,train,India,first,ব্রাইট,311,2017799
S2,train,India,first,integrated,310,2017799
S2,train,India,first,ফরচুন,310,2017799
S2,train,India,first,স্কাই,310,2017799
S2,train,India,first,શક્તિ,310,2017799
S2,train,India,first,கிளாசிக்,310,2017799
S2,train,India,first,குட்,310,2017799
S2,train,India,first,சுப்ரீம்,310,2017799
S2,train,India,first,அர்பன்,309,2017799
S2,train,India,first,ஈஸ்டர்ன்,309,2017799
S2,train,India,first,লোটাস,308,2017799
S2,train,India,first,ઈસ્ટર્ન,308,2017799
S2,train,India,first,હાઇટેક,308,2017799
S2,train,India,first,ராஜ்,308,2017799
S2,train,India,first,ইনোভেটিভ,307,2017799
S2,train,India,first,হোয়াইট,307,2017799
S2,train,India,first,મા,307,2017799
S2,train,India,first,વિઝન,307,2017799
S2,train,India,first,ஓம்,307,2017799
S2,train,India,first,குளோபல்,307,2017799
S2,train,India,first,செவன்,307,2017799
S2,train,India,first,நார்த்,307,2017799
S2,train,India,first,யுனைடெட்,307,2017799
S2,train,India,first,ಎಸ್ಎಸ್,307,2017799
S2,train,India,first,ಯುನೈಟೆಡ್,307,2017799
S2,train,India,first,sm,306,2017799
S2,train,India,first,uttar,306,2017799
S2,train,India,first,সূর্য,306,2017799
S2,train,India,first,howrah,305,2017799
S2,train,India,first,ஸ்கை,305,2017799
S2,train,India,first,ಗ್ಲೋಬಲ್,305,2017799
S2,train,India,first,আনন্দ,304,2017799
S2,train,India,first,ইন্টারন্যাশনাল,304,2017799
S2,train,India,first,ડાયનેમિક,304,2017799
S2,train,India,first,ক্লাসিক,303,2017799
S2,train,India,first,স্বস্তিক,303,2017799
S2,train,India,first,હરિ,303,2017799
S2,train,India,first,mega,302,2017799
S2,train,India,first,শক্তি,302,2017799
S2,train,India,first,সুপ্রিম,302,2017799
S2,train,India,first,રેડ,302,2017799
S2,train,India,first,சிவ்,302,2017799
S2,train,India,first,panvel,301,2017799
S2,train,India,first,সিলভার,301,2017799
S2,train,India,first,ફ્યુચર,301,2017799
S2,train,India,first,સુપર,301,2017799
S2,train,India,first,பாரத்,301,2017799
S2,train,India,first,advance,300,2017799
S2,train,India,first,next,300,2017799
S2,train,India,first,ক্রিয়েটিভ,300,2017799
S2,train,India,first,গ্রেট,300,2017799
S2,train,India,first,ব্লু,300,2017799
S2,train,India,first,রিয়েল,300,2017799
S2,train,India,first,সিটি,300,2017799
S2,train,India,first,પરફેક્ટ,300,2017799
S2,train,India,first,অল,299,2017799
S2,train,India,first,গুড,299,2017799
S2,train,India,first,બ્લેક,299,2017799
S2,train,India,first,શિવમ,299,2017799
S2,train,India,first,shanti,298,2017799
S2,train,India,first,ভারত,298,2017799
S2,train,India,first,আলফা,297,2017799
S2,train,India,first,આલ્ફા,297,2017799
S2,train,India,first,બિગ,297,2017799
S2,train,India,first,હાઇ,297,2017799
S2,train,India,first,ஃபார்ச்சூன்,297,2017799
S2,train,India,first,neo,296,2017799
S2,train,India,first,সুপার,296,2017799
S2,train,India,first,ગુડ,296,2017799
S2,train,India,first,રાજ,296,2017799
S2,train,India,first,as,295,2017799
S2,train,India,first,jodhpur,295,2017799
S2,train,India,first,ravi,295,2017799
S2,train,India,first,metro,294,2017799
S2,train,India,first,team,294,2017799
S2,train,India,first,ગ્રીન,294,2017799
S2,train,India,first,av,293,2017799
S2,train,India,first,reliance,293,2017799
S2,train,India,first,ইন্ডিয়ান,293,2017799
S2,train,India,first,হোটেল,293,2017799
S2,train,India,first,અલ,293,2017799
S2,train,India,first,મોડર્ન,293,2017799
S2,train,India,first,அரிஹந்த்,293,2017799
S2,train,India,first,reliable,292,2017799
S2,train,India,first,ইস্ট,292,2017799
S2,train,India,first,রাজ,292,2017799
S2,train,India,first,ગોલ્ડ,292,2017799
S2,train,India,first,am,291,2017799
S2,train,India,first,dlf,291,2017799
S2,train,India,first,home,291,2017799
S2,train,India,first,ইউনিক,291,2017799
S2,train,India,first,রয়্যাল,291,2017799
S2,train,India,first,ગ્લોબલ,291,2017799
S2,train,India,first,રામ,291,2017799
S2,train,India,first,ஆனந்த்,291,2017799
S2,train,India,first,quality,290,2017799
S2,train,India,first,rama,290,2017799
S2,train,India,first,st,290,2017799
S2,train,India,first,world,290,2017799
S2,train,India,first,ইন্দো,290,2017799
S2,train,India,first,બોમ્બે,290,2017799
S2,train,India,first,பெஸ்ட்,290,2017799
S2,train,India,first,excel,289,2017799
S2,train,India,first,ফার্স্ট,289,2017799
S2,train,India,first,બ્રાઇટ,289,2017799
S2,train,India,first,கிரியேட்டிவ்,289,2017799
S2,train,India,first,ak,288,2017799
S2,train,India,first,aryan,288,2017799
S2,train,India,first,গ্যালাক্সি,288,2017799
S2,train,India,first,બાલાજી,288,2017799
S2,train,India,first,বালাজি,287,2017799
S2,train,India,first,ફોર્ચ્યુન,287,2017799
S2,train,India,first,vinayak,286,2017799
S2,train,India,first,গ্লোবাল,286,2017799
S2,train,India,first,ભારત,286,2017799
S2,train,India,first,phoenix,285,2017799
S2,train,India,first,પાયોનિયર,285,2017799
S2,train,India,first,માય,285,2017799
S2,train,India,first,યુનાઇટેડ,285,2017799
S2,train,India,first,le,284,2017799
S2,train,India,first,divya,283,2017799
S2,train,India,first,ஸ்வஸ்திக்,283,2017799
S2,train,India,first,radiant,282,2017799
S2,train,India,first,সাউথ,282,2017799
S2,train,India,first,બાબા,282,2017799
S2,train,India,first,વન,282,2017799
S2,train,India,first,સન,282,2017799
S2,train,India,first,இன்னோவேட்டிவ்,282,2017799
S2,train,India,first,குரு,282,2017799
S2,train,India,first,advanced,281,2017799
S2,train,India,first,health,281,2017799
S2,train,India,first,hi,281,2017799
S2,train,India,first,ইস্টার্ন,281,2017799
S2,train,India,first,અર્બન,281,2017799
S2,train,India,first,એપેક્સ,281,2017799
S2,train,India,first,paras,280,2017799
S2,train,India,first,vishal,280,2017799
S2,train,India,first,এসএস,280,2017799
S2,train,India,first,নর্থ,280,2017799
S2,train,India,first,ડિજિટલ,280,2017799
S2,train,India,first,alliance,279,2017799
S2,train,India,first,daskroi,279,2017799
S2,train,India,first,jyoti,279,2017799
S2,train,India,first,pearl,279,2017799
S2,train,India,first,singh,279,2017799
S2,train,India,first,অরিহন্ত,279,2017799
S2,train,India,first,মাই,279,2017799
S2,train,India,first,রেড,279,2017799
S2,train,India,first,eagle,278,2017799
S2,train,India,first,orion,278,2017799
S2,train,India,first,space,278,2017799
S2,train,India,first,synergy,277,2017799
S2,train,India,first,গুজরাট,277,2017799
S2,train,India,first,তিরুপতি,277,2017799
S2,train,India,first,ভিশন,277,2017799
S2,train,India,first,ન્યૂ,277,2017799
S2,train,India,first,સનરાઇઝ,277,2017799
S2,train,India,first,ইউনিভার্সাল,276,2017799
S2,train,India,first,আরবান,275,2017799
S2,train,India,first,micro,274,2017799
S2,train,India,first,shubham,274,2017799
S2,train,India,first,એસએસ,274,2017799
S2,train,India,first,ઓલ,274,2017799
S2,train,India,first,kay,273,2017799
S2,train,India,first,ocean,273,2017799
S2,train,India,first,standard,273,2017799
S2,train,India,first,এইস,273,2017799
S2,train,India,first,પ્રીમિયર,273,2017799
S2,train,India,first,રિયલ,273,2017799
S2,train,India,first,মা,272,2017799
S2,train,India,first,malad,271,2017799
S2,train,India,first,ব্ল্যাক,271,2017799
S2,train,India,first,জৈন,270,2017799
S2,train,India,first,ab,269,2017799
S2,train,India,first,ad,269,2017799
S2,train,India,first,স্মার্ট,269,2017799
S2,train,India,first,ઇન્ટરનેશનલ,269,2017799
S2,train,India,first,ઇન્ડો,269,2017799
S2,train,India,first,infinity,268,2017799
S2,train,India,first,kolhapur,267,2017799
S2,train,India,first,huzur,266,2017799
S2,train,India,first,nature,266,2017799
S2,train,India,first,સુપ્રીમ,266,2017799
S2,train,India,first,સ્ટાર,266,2017799
S2,train,India,first,precision,265,2017799
S2,train,India,first,trinity,264,2017799
S2,train,India,first,vikas,264,2017799
S2,train,India,first,ড্রিম,263,2017799
S2,train,India,first,clean,262,2017799
S2,train,India,first,orbit,262,2017799
S2,train,India,first,আদিত্য,262,2017799
S2,train,India,first,kumar,261,2017799
S2,train,India,first,orange,260,2017799
S2,train,India,first,ps,260,2017799
S2,train,India,first,ওয়ান,260,2017799
S2,train,India,first,earth,259,2017799
S2,train,India,first,ns,259,2017799
S2,train,India,first,pure,259,2017799
S2,train,India,first,shah,259,2017799
S2,train,India,first,শ্যাম,259,2017799
S2,train,India,first,અરિહંત,259,2017799
S2,train,India,first,ફર્સ્ટ,259,2017799
S2,train,India,first,શ્યામ,259,2017799
S2,train,India,first,agarwal,258,2017799
S2,train,India,first,rangareddy,258,2017799
S2,train,India,first,sg,257,2017799
S2,train,India,first,গ্রীন,257,2017799
S2,train,India,first,go,256,2017799
S2,train,India,first,ma,256,2017799
S2,train,India,first,s,256,2017799
S2,train,India,first,বিজয়,256,2017799
S2,train,India,first,business,255,2017799
S2,train,India,first,goregaon,255,2017799
S2,train,India,first,sv,255,2017799
S2,train,India,first,gautam,254,2017799
S2,train,India,first,kochi,254,2017799
S2,train,India,first,rajasthan,254,2017799
S2,train,India,first,নিউ,254,2017799
S2,train,India,first,steel,253,2017799
S2,train,India,first,ডিজিটাল,253,2017799
S2,train,India,first,corporate,252,2017799
S2,train,India,first,guntur,252,2017799
S2,train,India,first,ইউনাইটেড,252,2017799
S2,train,India,first,હોટેલ,252,2017799
S2,train,India,first,magic,251,2017799
S2,train,India,first,sterling,251,2017799
S2,train,India,first,pr,250,2017799
S2,train,India,first,associated,249,2017799
S2,train,India,first,jeevan,249,2017799
S2,train,India,first,trust,249,2017799
S2,train,India,first,vs,249,2017799
S2,train,India,first,multi,248,2017799
S2,train,India,first,ashoka,247,2017799
S2,train,India,first,mahalaxmi,247,2017799
S2,train,India,first,salem,247,2017799
S2,train,India,first,zenith,247,2017799
S2,train,India,first,બેસ્ટ,247,2017799
S2,train,India,first,auto,245,2017799
S2,train,India,first,quantum,245,2017799
S2,train,India,first,সাউদার্ন,245,2017799
S2,train,India,first,kk,244,2017799
S2,train,India,first,pacific,244,2017799
S2,train,India,first,progressive,244,2017799
S2,train,India,first,sadar,244,2017799
S2,train,India,first,js,243,2017799
S2,train,India,first,trans,243,2017799
S2,train,India,first,fine,242,2017799
S2,train,India,first,jk,242,2017799
S2,train,India,first,max,242,2017799
S2,train,India,first,allied,241,2017799
S2,train,India,first,sigma,240,2017799
S2,train,India,first,travel,240,2017799
S2,train,India,first,ap,239,2017799
S2,train,India,first,ബാബ,239,2017799
S2,train,India,first,ks,238,2017799
S2,train,India,first,arya,237,2017799
S2,train,India,first,it,237,2017799
S2,train,India,first,jupiter,237,2017799
S2,train,India,first,greater,236,2017799
S2,train,India,first,institute,236,2017799
S2,train,India,first,nextgen,236,2017799
S2,train,India,first,aman,235,2017799
S2,train,India,first,anant,235,2017799
S2,train,India,first,deccan,235,2017799
S2,train,India,first,house,235,2017799
S2,train,India,first,hr,235,2017799
S2,train,India,first,imperial,235,2017799
S2,train,India,first,kailash,235,2017799
S2,train,India,first,സ്മാർട്ട്,235,2017799
S2,train,India,first,de,234,2017799
S2,train,India,first,jm,234,2017799
S2,train,India,first,patel,234,2017799
S2,train,India,first,rj,234,2017799
S2,train,India,first,vr,234,2017799
S2,train,India,first,adarsh,233,2017799
S2,train,India,first,evergreen,232,2017799
S2,train,India,first,grace,231,2017799
S2,train,India,first,haryana,231,2017799
S2,train,India,first,up,231,2017799
S2,train,India,first,kp,230,2017799
S2,train,India,first,trident,230,2017799
S2,train,India,first,deepak,229,2017799
S2,train,India,first,gayatri,229,2017799
S2,train,India,first,prakash,229,2017799
S2,train,India,first,raja,229,2017799
S2,train,India,first,cochin,228,2017799
S2,train,India,first,genesis,228,2017799
S2,train,India,first,maruti,228,2017799
S2,train,India,first,bansal,227,2017799
S2,train,India,first,gs,227,2017799
S2,train,India,first,kandivali,227,2017799
S2,train,India,first,mm,227,2017799
S2,train,India,first,nav,227,2017799
S2,train,India,first,studio,227,2017799
S2,train,India,first,design,226,2017799
S2,train,India,first,phulwari,226,2017799
S2,train,India,first,rapid,226,2017799
S2,train,India,first,top,226,2017799
S2,train,India,first,infinite,225,2017799
S2,train,India,first,mayur,225,2017799
S2,train,India,first,noble,225,2017799
S2,train,India,first,rr,225,2017799
S2,train,India,first,shubh,225,2017799
S2,train,India,first,harsh,224,2017799
S2,train,India,first,paramount,224,2017799
S2,train,India,first,saraswati,224,2017799
S2,train,India,first,crown,223,2017799
S2,train,India,first,friends,223,2017799
S2,train,India,first,rising,223,2017799
S2,train,India,first,amar,222,2017799
S2,train,India,first,brothers,222,2017799
S2,train,India,first,natural,222,2017799
S2,train,India,first,pinnacle,222,2017799
S2,train,India,first,rohini,222,2017799
S2,train,India,first,ജൈൻ,222,2017799
S2,train,India,first,സിറ്റി,222,2017799
S2,train,India,first,gorakhpur,221,2017799
S2,train,India,first,mohan,221,2017799
S2,train,India,first,prince,221,2017799
S2,train,India,first,mark,219,2017799
S2,train,India,first,paradise,219,2017799
S2,train,India,first,prem,219,2017799
S2,train,India,first,rm,219,2017799
S2,train,India,first,ഡൈനാമിക്,219,2017799
S2,train,India,first,mehta,218,2017799
S2,train,India,first,horizon,217,2017799
S2,train,India,first,mind,217,2017799
S2,train,India,first,air,216,2017799
S2,train,India,first,magnum,216,2017799
S2,train,India,first,mahesh,216,2017799
S2,train,India,first,quick,216,2017799
S2,train,India,first,samarth,216,2017799
S2,train,India,first,spectrum,216,2017799
S2,train,India,first,andheri,215,2017799
S2,train,India,first,angel,215,2017799
S2,train,India,first,az,215,2017799
S2,train,India,first,cosmos,215,2017799
S2,train,India,first,oriental,215,2017799
S2,train,India,first,ഈസ്റ്റേൺ,215,2017799
S2,train,India,first,dk,214,2017799
S2,train,India,first,dolphin,214,2017799
S2,train,India,first,vijaya,214,2017799
S2,train,India,first,യൂണിവേഴ്സൽ,214,2017799
S2,train,India,first,aj,213,2017799
S2,train,India,first,ambika,213,2017799
S2,train,India,first,pc,213,2017799
S2,train,India,first,swami,213,2017799
S2,train,India,first,vishnu,213,2017799
S2,train,India,first,excellent,212,2017799
S2,train,India,first,mk,212,2017799
S2,train,India,first,pooja,212,2017799
S2,train,India,first,we,212,2017799
S2,train,India,first,accurate,211,2017799
S2,train,India,first,jd,211,2017799
S2,train,India,first,keshav,211,2017799
S2,train,India,first,planet,211,2017799
S2,train,India,first,mars,210,2017799
S2,train,India,first,mohali,210,2017799
S2,train,India,first,എസ്എസ്,210,2017799
S2,train,India,first,ajmer,209,2017799
S2,train,India,first,bhagwati,209,2017799
S2,train,India,first,kota,209,2017799
S2,train,India,first,leo,209,2017799
S2,train,India,first,nova,209,2017799
S2,train,India,first,satyam,209,2017799
S2,train,India,first,ബാലാജി,209,2017799
S2,train,India,first,axis,208,2017799
S2,train,India,first,ganpati,208,2017799
S2,train,India,first,maha,208,2017799
S2,train,India,first,master,208,2017799
S2,train,India,first,mp,208,2017799
S2,train,India,first,pro,208,2017799
S2,train,India,first,ന്യൂ,208,2017799
S2,train,India,first,br,207,2017799
S2,train,India,first,jalandhar,207,2017799
S2,train,India,first,sa,207,2017799
S2,train,India,first,ಜೇ,207,2017799
S2,train,India,first,റിയൽ,207,2017799
S2,train,India,first,mahavir,206,2017799
S2,train,India,first,omega,206,2017799
S2,train,India,first,safe,206,2017799
S2,train,India,first,serilingampally,206,2017799
S2,train,India,first,skyline,206,2017799
S2,train,India,first,വിഷൻ,206,2017799
S2,train,India,first,സെവൻ,206,2017799
S2,train,India,first,andhra,205,2017799
S2,train,India,first,aura,205,2017799
S2,train,India,first,matrix,205,2017799
S2,train,India,first,suraj,205,2017799
S2,train,India,first,ബ്ലാക്ക്,205,2017799
S2,train,India,first,രാജ്,205,2017799
S2,train,India,first,bareilly,204,2017799
S2,train,India,first,jp,204,2017799
S2,train,India,first,sn,204,2017799
S2,train,India,first,ടെക്,204,2017799
S2,train,India,first,asha,203,2017799
S2,train,India,first,hind,203,2017799
S2,train,India,first,kg,203,2017799
S2,train,India,first,triveni,203,2017799
S2,train,India,first,శివా,203,2017799
S2,train,India,first,ഗുഡ്,203,2017799
S2,train,India,first,century,202,2017799
S2,train,India,first,ഹൈ,202,2017799
S2,train,India,first,atul,201,2017799
S2,train,India,first,infratech,201,2017799
S2,train,India,first,to,201,2017799
S2,train,India,first,gee,200,2017799
S2,train,India,first,national,200,2017799
S2,train,India,first,orissa,200,2017799
S2,train,India,first,sangam,200,2017799
S2,train,India,first,sector,200,2017799
S2,train,India,first,solar,200,2017799
S2,train,India,last,limited,422056,2017799
S2,train,India,last,ltd,269479,2017799
S2,train,India,last,लिमिटेड,190091,2017799
S2,train,India,last,private,118875,2017799
S2,train,India,last,com,67825,2017799
S2,train,India,last,center,49908,2017799
S2,train,India,last,llp,48890,2017799
S2,train,India,last,services,38330,2017799
S2,train,India,last,pvt,37040,2017799
S2,train,India,last,लि,35416,2017799
S2,train,India,last,లిమిటెడ్,33008,2017799
S2,train,India,last,ಲಿಮಿಟೆಡ್,31320,2017799
S2,train,India,last,லிமிடெட்,28346,2017799
S2,train,India,last,co,27517,2017799
S2,train,India,last,লিমিটেড,25814,2017799
S2,train,India,last,લિમિટેડ,21800,2017799
S2,train,India,last,company,17740,2017799
S2,train,India,last,corporation,17466,2017799
S2,train,India,last,corp,17115,2017799
S2,train,India,last,service,16587,2017799
S2,train,India,last,partners,15919,2017799
S2,train,India,last,ലിമിറ്റഡ്,15859,2017799
S2,train,India,last,एलएलपी,15684,2017799
S2,train,India,last,límited,12821,2017799
S2,train,India,last,p,11084,2017799
S2,train,India,last,group,10859,2017799
S2,train,India,last,india,10264,2017799
S2,train,India,last,holdings,8317,2017799
S2,train,India,last,enterprises,7792,2017799
S2,train,India,last,industries,7285,2017799
S2,train,India,last,ventures,6900,2017799
S2,train,India,last,ଲିମିଟେଡ୍,6209,2017799
S2,train,India,last,exports,5946,2017799
S2,train,India,last,infratech,5392,2017799
S2,train,India,last,overseas,5221,2017799
S2,train,India,last,ਲਿਮਟਿਡ,4640,2017799
S2,train,India,last,brothers,4582,2017799
S2,train,India,last,trust,4546,2017799
S2,train,India,last,trading,4106,2017799
S2,train,India,last,લિ,4003,2017799
S2,train,India,last,solutions,3951,2017799
S2,train,India,last,clinic,3266,2017799
S2,train,India,last,foundation,3124,2017799
S2,train,India,last,associates,3042,2017799
S2,train,India,last,traders,3005,2017799
S2,train,India,last,care,2886,2017799
S2,train,India,last,technologies,2880,2017799
S2,train,India,last,society,2806,2017799
S2,train,India,last,consultants,2346,2017799
S2,train,India,last,public,2310,2017799
S2,train,India,last,technology,2281,2017799
S2,train,India,last,పీ,2258,2017799
S2,train,India,last,school,2252,2017799
S2,train,India,last,sons,2224,2017799
S2,train,India,last,consultancy,2196,2017799
S2,train,India,last,ಪಿ,2078,2017799
S2,train,India,last,institute,1850,2017799
S2,train,India,last,எல்எல்பி,1842,2017799
S2,train,India,last,sangh,1761,2017799
S2,train,India,last,એલએલપી,1741,2017799
S2,train,India,last,এলএলপি,1701,2017799
S2,train,India,last,international,1652,2017799
S2,train,India,last,developers,1601,2017799
S2,train,India,last,marketing,1581,2017799
S2,train,India,last,academy,1544,2017799
S2,train,India,last,prívate,1528,2017799
S2,train,India,last,engineering,1514,2017799
S2,train,India,last,hospital,1502,2017799
S2,train,India,last,vidyalaya,1469,2017799
S2,train,India,last,polytechnic,1424,2017799
S2,train,India,last,agro,1406,2017799
S2,train,India,last,centre,1403,2017799
S2,train,India,last,foods,1401,2017799
S2,train,India,last,college,1380,2017799
S2,train,India,last,advisors,1350,2017799
S2,train,India,last,management,1329,2017799
S2,train,India,last,home,1315,2017799
S2,train,India,last,có,1312,2017799
S2,train,India,last,samiti,1306,2017799
S2,train,India,last,producer,1292,2017799
S2,train,India,last,products,1282,2017799
S2,train,India,last,systems,1278,2017799
S2,train,India,last,infra,1217,2017799
S2,train,India,last,projects,1196,2017799
S2,train,India,last,global,1194,2017799
S2,train,India,last,finance,1167,2017799
S2,train,India,last,constructions,1146,2017799
S2,train,India,last,energy,1135,2017799
S2,train,India,last,software,1115,2017799
S2,train,India,last,tech,1115,2017799
S2,train,India,last,consulting,1114,2017799
S2,train,India,last,healthcare,1111,2017799
S2,train,India,last,media,1066,2017799
S2,train,India,last,infrastructure,1057,2017799
S2,train,India,last,എൽഎൽപി,1049,2017799
S2,train,India,last,builders,1038,2017799
S2,train,India,last,construction,1031,2017799
S2,train,India,last,business,1008,2017799
S2,train,India,last,it,1003,2017799
S2,train,India,last,infotech,996,2017799
S2,train,India,last,properties,987,2017799
S2,train,India,last,impex,958,2017799
S2,train,India,last,logistics,947,2017799
S2,train,India,last,hospitality,940,2017799
S2,train,India,last,power,919,2017799
S2,train,India,last,ਲਿ,912,2017799
S2,train,India,last,investment,911,2017799
S2,train,India,last,cénter,909,2017799
S2,train,India,last,estate,895,2017799
S2,train,India,last,food,876,2017799
S2,train,India,last,investments,870,2017799
S2,train,India,last,chambers,786,2017799
S2,train,India,last,welfare,784,2017799
S2,train,India,last,educational,783,2017799
S2,train,India,last,sérvices,697,2017799
S2,train,India,last,memorial,683,2017799
S2,train,India,last,c0m,682,2017799
S2,train,India,last,seva,665,2017799
S2,train,India,last,charitable,627,2017799
S2,train,India,last,medical,607,2017799
S2,train,India,last,delhi,589,2017799
S2,train,India,last,companies,577,2017799
S2,train,India,last,of,571,2017799
S2,train,India,last,इंजीनियरिंग,554,2017799
S2,train,India,last,कंस्ट्रक्शंस,553,2017799
S2,train,India,last,nursing,543,2017799
S2,train,India,last,इंडस्ट्रीज,530,2017799
S2,train,India,last,टेक्नोलॉजीज,529,2017799
S2,train,India,last,ट्रेडिंग,517,2017799
S2,train,India,last,एंटरप्राइजेज,515,2017799
S2,train,India,last,सॉल्यूशंस,492,2017799
S2,train,India,last,फूड्स,483,2017799
S2,train,India,last,5ervices,472,2017799
S2,train,India,last,हेल्थकेयर,470,2017799
S2,train,India,last,cómpany,467,2017799
S2,train,India,last,इंफ्रास्ट्रक्चर,462,2017799
S2,train,India,last,एग्रो,461,2017799
S2,train,India,last,córp,456,2017799
S2,train,India,last,हॉस्पिटैलिटी,449,2017799
S2,train,India,last,लॉजिस्टिक्स,437,2017799
S2,train,India,last,ପି,436,2017799
S2,train,India,last,डेवलपर्स,432,2017799
S2,train,India,last,इन्वेस्टमेंट्स,428,2017799
S2,train,India,last,आईटी,426,2017799
S2,train,India,last,córporation,425,2017799
S2,train,India,last,फाउंडेशन,424,2017799
S2,train,India,last,एनर्जी,422,2017799
S2,train,India,last,ग्लोबल,419,2017799
S2,train,India,last,इंटरनेशनल,418,2017799
S2,train,India,last,कंसल्टिंग,416,2017799
S2,train,India,last,law,415,2017799
S2,train,India,last,इंफ्रा,415,2017799
S2,train,India,last,पावर,411,2017799
S2,train,India,last,एक्सपोर्ट्स,406,2017799
S2,train,India,last,health,405,2017799
S2,train,India,last,प्रॉपर्टीज,405,2017799
S2,train,India,last,इंफोटेक,404,2017799
S2,train,India,last,कंसल्टेंसी,404,2017799
S2,train,India,last,मीडिया,403,2017799
S2,train,India,last,कंस्ट्रक्शन,400,2017799
S2,train,India,last,बिल्डर्स,399,2017799
S2,train,India,last,टेक्नोलॉजी,396,2017799
S2,train,India,last,मार्केटिंग,395,2017799
S2,train,India,last,मैनेजमेंट,395,2017799
S2,train,India,last,सर्विसेज,394,2017799
S2,train,India,last,एस्टेट,392,2017799
S2,train,India,last,फाइनेंस,391,2017799
S2,train,India,last,प्रोड्यूसर,388,2017799
S2,train,India,last,बिजनेस,387,2017799
S2,train,India,last,कंसल्टेंट्स,386,2017799
S2,train,India,last,इन्वेस्टमेंट,385,2017799
S2,train,India,last,केयर,385,2017799
S2,train,India,last,फूड,384,2017799
S2,train,India,last,steel,382,2017799
S2,train,India,last,pártners,381,2017799
S2,train,India,last,प्रोडक्ट्स,381,2017799
S2,train,India,last,वेंचर्स,381,2017799
S2,train,India,last,realty,374,2017799
S2,train,India,last,प्रोजेक्ट्स,374,2017799
S2,train,India,last,solution,372,2017799
S2,train,India,last,ਐਲਐਲਪੀ,371,2017799
S2,train,India,last,टेक,364,2017799
S2,train,India,last,trúst,358,2017799
S2,train,India,last,índia,357,2017799
S2,train,India,last,सॉफ्टवेयर,357,2017799
S2,train,India,last,estates,353,2017799
S2,train,India,last,farmer,352,2017799
S2,train,India,last,इम्पेक्स,352,2017799
S2,train,India,last,real,351,2017799
S2,train,India,last,education,341,2017799
S2,train,India,last,electronics,341,2017799
S2,train,India,last,chemicals,340,2017799
S2,train,India,last,engineers,340,2017799
S2,train,India,last,सिस्टम्स,339,2017799
S2,train,India,last,security,336,2017799
S2,train,India,last,hotels,335,2017799
S2,train,India,last,agencies,333,2017799
S2,train,India,last,research,332,2017799
S2,train,India,last,gróup,328,2017799
S2,train,India,last,financial,327,2017799
S2,train,India,last,farms,321,2017799
S2,train,India,last,textiles,321,2017799
S2,train,India,last,pharmaceuticals,318,2017799
S2,train,India,last,travels,309,2017799
S2,train,India,last,mills,299,2017799
S2,train,India,last,exim,294,2017799
S2,train,India,last,digital,291,2017799
S2,train,India,last,development,286,2017799
S2,train,India,last,chit,283,2017799
S2,train,India,last,life,282,2017799
S2,train,India,last,chits,279,2017799
S2,train,India,last,city,278,2017799
S2,train,India,last,hotel,277,2017799
S2,train,India,last,entertainment,276,2017799
S2,train,India,last,nidhi,275,2017799
S2,train,India,last,resorts,272,2017799
S2,train,India,last,motors,269,2017799
S2,train,India,last,buildcon,263,2017799
S2,train,India,last,clínic,262,2017799
S2,train,India,last,green,259,2017799
S2,train,India,last,pharma,257,2017799
S2,train,India,last,labs,256,2017799
S2,train,India,last,farmers,254,2017799
S2,train,India,last,fóundation,253,2017799
S2,train,India,last,housing,251,2017799
S2,train,India,last,innovations,251,2017799
S2,train,India,last,solar,248,2017799
S2,train,India,last,ássociates,248,2017799
S2,train,India,last,sales,247,2017799
S2,train,India,last,capital,244,2017799
S2,train,India,last,garments,242,2017799
S2,train,India,last,advisory,240,2017799
S2,train,India,last,c0,240,2017799
S2,train,India,last,1imited,238,2017799
S2,train,India,last,network,237,2017799
S2,train,India,last,securities,237,2017799
S2,train,India,last,sérvice,237,2017799
S2,train,India,last,bróthers,234,2017799
S2,train,India,last,homes,234,2017799
S2,train,India,last,realtors,233,2017799
S2,train,India,last,fund,228,2017799
S2,train,India,last,mumbai,223,2017799
S2,train,India,last,jewellers,209,2017799
S2,train,India,last,retail,208,2017799
S2,train,India,last,general,207,2017799
S2,train,India,last,leasing,206,2017799
S2,train,India,last,works,206,2017799
S2,train,India,last,hóldings,201,2017799
S2,train,US,first,the,40352,3016817
S2,train,US,first,llc,40294,3016817
S2,train,US,first,pediatric,29328,3016817
S2,train,US,first,inc,27645,3016817
S2,train,US,first,family,12772,3016817
S2,train,US,first,a,11509,3016817
S2,train,US,first,eye,10126,3016817
S2,train,US,first,blue,10058,3016817
S2,train,US,first,ear,9996,3016817
S2,train,US,first,physical,9941,3016817
S2,train,US,first,dental,9893,3016817
S2,train,US,first,foot,9874,3016817
S2,train,US,first,primary,9857,3016817
S2,train,US,first,cardiology,9800,3016817
S2,train,US,first,dermatology,9746,3016817
S2,train,US,first,womens,9614,3016817
S2,train,US,first,vision,9581,3016817
S2,train,US,first,chiropractic,9517,3016817
S2,train,US,first,behavioral,9513,3016817
S2,train,US,first,surgical,9369,3016817
S2,train,US,first,urgent,9359,3016817
S2,train,US,first,internal,9240,3016817
S2,train,US,first,orthopedic,9233,3016817
S2,train,US,first,oncology,9232,3016817
S2,train,US,first,urology,9078,3016817
S2,train,US,first,fresh,8795,3016817
S2,train,US,first,regional,8647,3016817
S2,train,US,first,silver,8630,3016817
S2,train,US,first,golden,8529,3016817
S2,train,US,first,bright,8315,3016817
S2,train,US,first,smith,8229,3016817
S2,train,US,first,corp,7980,3016817
S2,train,US,first,l,7756,3016817
S2,train,US,first,summit,7660,3016817
S2,train,US,first,global,7581,3016817
S2,train,US,first,pacific,7570,3016817
S2,train,US,first,cascade,7492,3016817
S2,train,US,first,interstate,7481,3016817
S2,train,US,first,metropolitan,7462,3016817
S2,train,US,first,atlantic,7461,3016817
S2,train,US,first,allied,7450,3016817
S2,train,US,first,continental,7432,3016817
S2,train,US,first,national,7395,3016817
S2,train,US,first,heritage,7222,3016817
S2,train,US,first,federal,7083,3016817
S2,train,US,first,valley,6935,3016817
S2,train,US,first,american,6820,3016817
S2,train,US,first,first,6797,3016817
S2,train,US,first,rocky,6796,3016817
S2,train,US,first,highland,6719,3016817
S2,train,US,first,tri,6716,3016817
S2,train,US,first,harbor,6683,3016817
S2,train,US,first,metro,6657,3016817
S2,train,US,first,liberty,6655,3016817
S2,train,US,first,johnson,6653,3016817
S2,train,US,first,empire,6617,3016817
S2,train,US,first,capital,6610,3016817
S2,train,US,first,co,6554,3016817
S2,train,US,first,great,6548,3016817
S2,train,US,first,colonial,6525,3016817
S2,train,US,first,piedmont,6524,3016817
S2,train,US,first,frontier,6500,3016817
S2,train,US,first,coastal,6497,3016817
S2,train,US,first,ridge,6482,3016817
S2,train,US,first,united,6443,3016817
S2,train,US,first,delta,6434,3016817
S2,train,US,first,group,6415,3016817
S2,train,US,first,prairie,6405,3016817
S2,train,US,first,midwest,6376,3016817
S2,train,US,first,desert,6360,3016817
S2,train,US,first,bay,6335,3016817
S2,train,US,first,patriot,6324,3016817
S2,train,US,first,premier,6244,3016817
S2,train,US,first,gulf,6201,3016817
S2,train,US,first,partners,6123,3016817
S2,train,US,first,green,6112,3016817
S2,train,US,first,mountain,6105,3016817
S2,train,US,first,heartland,6076,3016817
S2,train,US,first,superior,5883,3016817
S2,train,US,first,advanced,5870,3016817
S2,train,US,first,holdings,5811,3016817
S2,train,US,first,anchor,5796,3016817
S2,train,US,first,vanguard,5792,3016817
S2,train,US,first,center,5791,3016817
S2,train,US,first,ltd,5755,3016817
S2,train,US,first,unified,5750,3016817
S2,train,US,first,pinnacle,5734,3016817
S2,train,US,first,dynamic,5706,3016817
S2,train,US,first,horizon,5670,3016817
S2,train,US,first,integrated,5643,3016817
S2,train,US,first,precision,5622,3016817
S2,train,US,first,strategic,5600,3016817
S2,train,US,first,sterling,5596,3016817
S2,train,US,first,cornerstone,5540,3016817
S2,train,US,first,apex,5519,3016817
S2,train,US,first,keystone,5512,3016817
S2,train,US,first,reliable,5427,3016817
S2,train,US,first,beacon,5413,3016817
S2,train,US,first,williams,5333,3016817
S2,train,US,first,west,5327,3016817
S2,train,US,first,safe,5071,3016817
S2,train,US,first,select,5007,3016817
S2,train,US,first,legacy,5005,3016817
S2,train,US,first,ace,4966,3016817
S2,train,US,first,smart,4944,3016817
S2,train,US,first,prime,4910,3016817
S2,train,US,first,total,4901,3016817
S2,train,US,first,quality,4874,3016817
S2,train,US,first,best,4863,3016817
S2,train,US,first,optimal,4835,3016817
S2,train,US,first,platinum,4834,3016817
S2,train,US,first,choice,4829,3016817
S2,train,US,first,certified,4824,3016817
S2,train,US,first,creative,4812,3016817
S2,train,US,first,modern,4793,3016817
S2,train,US,first,peak,4773,3016817
S2,train,US,first,custom,4756,3016817
S2,train,US,first,express,4750,3016817
S2,train,US,first,grand,4735,3016817
S2,train,US,first,star,4735,3016817
S2,train,US,first,secure,4723,3016817
S2,train,US,first,clean,4713,3016817
S2,train,US,first,direct,4713,3016817
S2,train,US,first,crystal,4712,3016817
S2,train,US,first,classic,4709,3016817
S2,train,US,first,preferred,4703,3016817
S2,train,US,first,complete,4698,3016817
S2,train,US,first,jones,4697,3016817
S2,train,US,first,better,4686,3016817
S2,train,US,first,rapid,4682,3016817
S2,train,US,first,clear,4672,3016817
S2,train,US,first,value,4662,3016817
S2,train,US,first,signature,4659,3016817
S2,train,US,first,innovative,4656,3016817
S2,train,US,first,pioneer,4648,3016817
S2,train,US,first,east,4637,3016817
S2,train,US,first,brown,4612,3016817
S2,train,US,first,trusted,4600,3016817
S2,train,US,first,all,4569,3016817
S2,train,US,first,big,4548,3016817
S2,train,US,first,royal,4515,3016817
S2,train,US,first,diamond,4508,3016817
S2,train,US,first,elite,4498,3016817
S2,train,US,first,supreme,4440,3016817
S2,train,US,first,north,4371,3016817
S2,train,US,first,little,4309,3016817
S2,train,US,first,south,4306,3016817
S2,train,US,first,western,4186,3016817
S2,train,US,first,upper,4140,3016817
S2,train,US,first,northern,4102,3016817
S2,train,US,first,cure,4022,3016817
S2,train,US,first,services,4015,3016817
S2,train,US,first,eastern,4011,3016817
S2,train,US,first,garcia,4003,3016817
S2,train,US,first,twisted,3999,3016817
S2,train,US,first,rev,3967,3016817
S2,train,US,first,davis,3956,3016817
S2,train,US,first,southern,3955,3016817
S2,train,US,first,sweet,3934,3016817
S2,train,US,first,main,3913,3016817
S2,train,US,first,urban,3907,3016817
S2,train,US,first,lucky,3893,3016817
S2,train,US,first,cozy,3883,3016817
S2,train,US,first,maid,3881,3016817
S2,train,US,first,lower,3867,3016817
S2,train,US,first,miller,3860,3016817
S2,train,US,first,corner,3843,3016817
S2,train,US,first,happy,3808,3016817
S2,train,US,first,red,3797,3016817
S2,train,US,first,uptown,3733,3016817
S2,train,US,first,straight,3716,3016817
S2,train,US,first,downtown,3702,3016817
S2,train,US,first,hernandez,3690,3016817
S2,train,US,first,back,3664,3016817
S2,train,US,first,p,3629,3016817
S2,train,US,first,martinez,3617,3016817
S2,train,US,first,rodriguez,3573,3016817
S2,train,US,first,youth,3417,3016817
S2,train,US,first,community,3412,3016817
S2,train,US,first,office,3344,3016817
S2,train,US,first,commission,3243,3016817
S2,train,US,first,department,3178,3016817
S2,train,US,first,board,3170,3016817
S2,train,US,first,bureau,3125,3016817
S2,train,US,first,division,2914,3016817
S2,train,US,first,gonzalez,2862,3016817
S2,train,US,first,lopez,2737,3016817
S2,train,US,first,health,2704,3016817
S2,train,US,first,anderson,2656,3016817
S2,train,US,first,incorporated,2646,3016817
S2,train,US,first,taylor,2633,3016817
S2,train,US,first,thomas,2526,3016817
S2,train,US,first,martin,2519,3016817
S2,train,US,first,heart,2510,3016817
S2,train,US,first,wilson,2498,3016817
S2,train,US,first,interfaith,2471,3016817
S2,train,US,first,jackson,2439,3016817
S2,train,US,first,white,2430,3016817
S2,train,US,first,lee,2429,3016817
S2,train,US,first,scholarship,2429,3016817
S2,train,US,first,perez,2425,3016817
S2,train,US,first,moore,2415,3016817
S2,train,US,first,veterans,2395,3016817
S2,train,US,first,housing,2392,3016817
S2,train,US,first,cancer,2380,3016817
S2,train,US,first,literacy,2376,3016817
S2,train,US,first,human,2362,3016817
S2,train,US,first,asset,2361,3016817
S2,train,US,first,children,2360,3016817
S2,train,US,first,hunger,2337,3016817
S2,train,US,first,arts,2294,3016817
S2,train,US,first,wildlife,2278,3016817
S2,train,US,first,education,2277,3016817
S2,train,US,first,autism,2262,3016817
S2,train,US,first,historical,2255,3016817
S2,train,US,first,environmental,2223,3016817
S2,train,US,first,economic,2219,3016817
S2,train,US,first,cultural,2204,3016817
S2,train,US,first,memorial,2194,3016817
S2,train,US,first,saint,2166,3016817
S2,train,US,first,new,2162,3016817
S2,train,US,first,animal,2143,3016817
S2,train,US,first,sanchez,2136,3016817
S2,train,US,first,thompson,2119,3016817
S2,train,US,first,harris,2103,3016817
S2,train,US,first,st,2075,3016817
S2,train,US,first,trinity,2044,3016817
S2,train,US,first,n,2005,3016817
S2,train,US,first,grace,2002,3016817
S2,train,US,first,v,2002,3016817
S2,train,US,first,m,1979,3016817
S2,train,US,first,h,1963,3016817
S2,train,US,first,beth,1961,3016817
S2,train,US,first,temple,1930,3016817
S2,train,US,first,d,1921,3016817
S2,train,US,first,o,1916,3016817
S2,train,US,first,pc,1909,3016817
S2,train,US,first,mount,1904,3016817
S2,train,US,first,service,1898,3016817
S2,train,US,first,lewis,1875,3016817
S2,train,US,first,pllc,1858,3016817
S2,train,US,first,j,1846,3016817
S2,train,US,first,clark,1842,3016817
S2,train,US,first,holy,1838,3016817
S2,train,US,first,c,1834,3016817
S2,train,US,first,f,1816,3016817
S2,train,US,first,z,1815,3016817
S2,train,US,first,w,1814,3016817
S2,train,US,first,e,1799,3016817
S2,train,US,first,t,1793,3016817
S2,train,US,first,g,1789,3016817
S2,train,US,first,christ,1786,3016817
S2,train,US,first,q,1776,3016817
S2,train,US,first,y,1771,3016817
S2,train,US,first,b,1766,3016817
S2,train,US,first,ramirez,1760,3016817
S2,train,US,first,robinson,1754,3016817
S2,train,US,first,congregation,1737,3016817
S2,train,US,first,k,1723,3016817
S2,train,US,first,i,1699,3016817
S2,train,US,first,r,1692,3016817
S2,train,US,first,s,1685,3016817
S2,train,US,first,young,1670,3016817
S2,train,US,first,wright,1639,3016817
S2,train,US,first,u,1631,3016817
S2,train,US,first,king,1624,3016817
S2,train,US,first,x,1613,3016817
S2,train,US,first,meridian,1584,3016817
S2,train,US,first,walker,1555,3016817
S2,train,US,first,allen,1546,3016817
S2,train,US,first,lp,1538,3016817
S2,train,US,first,adams,1524,3016817
S2,train,US,first,torres,1521,3016817
S2,train,US,first,nguyen,1426,3016817
S2,train,US,first,flores,1377,3016817
S2,train,US,first,hill,1374,3016817
S2,train,US,first,campbell,1359,3016817
S2,train,US,first,nelson,1349,3016817
S2,train,US,first,baker,1318,3016817
S2,train,US,first,scott,1306,3016817
S2,train,US,first,carter,1295,3016817
S2,train,US,first,rivera,1289,3016817
S2,train,US,first,mitchell,1258,3016817
S2,train,US,first,diaz,1253,3016817
S2,train,US,first,hall,1249,3016817
S2,train,US,first,evans,1219,3016817
S2,train,US,first,data,1195,3016817
S2,train,US,first,ínc,1194,3016817
S2,train,US,first,turner,1171,3016817
S2,train,US,first,gomez,1150,3016817
S2,train,US,first,cruz,1147,3016817
S2,train,US,first,central,1140,3016817
S2,train,US,first,rogers,1139,3016817
S2,train,US,first,roberts,1138,3016817
S2,train,US,first,industrial,1128,3016817
S2,train,US,first,associated,1126,3016817
S2,train,US,first,international,1126,3016817
S2,train,US,first,collins,1123,3016817
S2,train,US,first,vega,1123,3016817
S2,train,US,first,morris,1122,3016817
S2,train,US,first,parker,1112,3016817
S2,train,US,first,morgan,1111,3016817
S2,train,US,first,universal,1101,3016817
S2,train,US,first,mutual,1090,3016817
S2,train,US,first,business,1089,3016817
S2,train,US,first,automated,1083,3016817
S2,train,US,first,stewart,1068,3016817
S2,train,US,first,baptist,1065,3016817
S2,train,US,first,general,1065,3016817
S2,train,US,first,cedar,1055,3016817
S2,train,US,first,digital,1054,3016817
S2,train,US,first,phillips,1053,3016817
S2,train,US,first,edwards,1028,3016817
S2,train,US,first,credit,1024,3016817
S2,train,US,first,kim,1011,3016817
S2,train,US,first,electronic,1008,3016817
S2,train,US,first,diversified,1006,3016817
S2,train,US,first,murphy,1005,3016817
S2,train,US,first,applied,1003,3016817
S2,train,US,first,james,1001,3016817
S2,train,US,first,1,1000,3016817
S2,train,US,first,corporate,991,3016817
S2,train,US,first,cook,988,3016817
S2,train,US,first,ortiz,988,3016817
S2,train,US,first,sapphire,978,3016817
S2,train,US,first,transcontinental,977,3016817
S2,train,US,first,standard,976,3016817
S2,train,US,first,raven,968,3016817
S2,train,US,first,aurora,956,3016817
S2,train,US,first,consolidated,956,3016817
S2,train,US,first,reyes,956,3016817
S2,train,US,first,wood,956,3016817
S2,train,US,first,commercial,954,3016817
S2,train,US,first,cooperative,952,3016817
S2,train,US,first,lynx,950,3016817
S2,train,US,first,richardson,944,3016817
S2,train,US,first,reed,943,3016817
S2,train,US,first,kelly,935,3016817
S2,train,US,first,professional,935,3016817
S2,train,US,first,stag,935,3016817
S2,train,US,first,helios,933,3016817
S2,train,US,first,atlas,931,3016817
S2,train,US,first,falcon,926,3016817
S2,train,US,first,20,925,3016817
S2,train,US,first,morales,920,3016817
S2,train,US,first,cooper,919,3016817
S2,train,US,first,gutierrez,916,3016817
S2,train,US,first,peterson,916,3016817
S2,train,US,first,patel,913,3016817
S2,train,US,first,cox,911,3016817
S2,train,US,first,watson,910,3016817
S2,train,US,first,jasper,899,3016817
S2,train,US,first,washington,896,3016817
S2,train,US,first,kestrel,890,3016817
S2,train,US,first,bailey,889,3016817
S2,train,US,first,cardinal,888,3016817
S2,train,US,first,ridgeline,887,3016817
S2,train,US,first,redwood,886,3016817
S2,train,US,first,steelworkers,883,3016817
S2,train,US,first,howard,882,3016817
S2,train,US,first,ironclad,877,3016817
S2,train,US,first,myers,874,3016817
S2,train,US,first,slate,874,3016817
S2,train,US,first,brooks,872,3016817
S2,train,US,first,halcyon,868,3016817
S2,train,US,first,ember,866,3016817
S2,train,US,first,aspen,865,3016817
S2,train,US,first,price,864,3016817
S2,train,US,first,basalt,863,3016817
S2,train,US,first,ward,860,3016817
S2,train,US,first,cinder,859,3016817
S2,train,US,first,amber,852,3016817
S2,train,US,first,forge,849,3016817
S2,train,US,first,gray,848,3016817
S2,train,US,first,zenith,845,3016817
S2,train,US,first,zephyr,844,3016817
S2,train,US,first,sequoia,843,3016817
S2,train,US,first,northwind,842,3016817
S2,train,US,first,birch,839,3016817
S2,train,US,first,granite,839,3016817
S2,train,US,first,cobalt,837,3016817
S2,train,US,first,ironworkers,836,3016817
S2,train,US,first,plumbers,835,3016817
S2,train,US,first,lyra,834,3016817
S2,train,US,first,hughes,832,3016817
S2,train,US,first,willow,831,3016817
S2,train,US,first,onyx,828,3016817
S2,train,US,first,city,827,3016817
S2,train,US,first,medina,826,3016817
S2,train,US,first,cypress,825,3016817
S2,train,US,first,crestline,820,3016817
S2,train,US,first,sullivan,819,3016817
S2,train,US,first,vertex,819,3016817
S2,train,US,first,chavez,818,3016817
S2,train,US,first,jimenez,818,3016817
S2,train,US,first,lantern,818,3016817
S2,train,US,first,ruiz,818,3016817
S2,train,US,first,solstice,818,3016817
S2,train,US,first,bastion,817,3016817
S2,train,US,first,24hr,815,3016817
S2,train,US,first,electricians,814,3016817
S2,train,US,first,emerald,813,3016817
S2,train,US,first,everest,812,3016817
S2,train,US,first,sirius,812,3016817
S2,train,US,first,sanders,811,3016817
S2,train,US,first,titan,811,3016817
S2,train,US,first,ross,807,3016817
S2,train,US,first,flint,802,3016817
S2,train,US,first,longshoremen,802,3016817
S2,train,US,first,painters,802,3016817
S2,train,US,first,teamsters,798,3016817
S2,train,US,first,citadel,796,3016817
S2,train,US,first,hamilton,796,3016817
S2,train,US,first,carpenters,794,3016817
S2,train,US,first,perry,794,3016817
S2,train,US,first,nova,792,3016817
S2,train,US,first,osprey,792,3016817
S2,train,US,first,compass,786,3016817
S2,train,US,first,aguilar,784,3016817
S2,train,US,first,patterson,784,3016817
S2,train,US,first,equinox,783,3016817
S2,train,US,first,bricklayers,782,3016817
S2,train,US,first,romero,782,3016817
S2,train,US,first,alvarez,781,3016817
S2,train,US,first,juniper,781,3016817
S2,train,US,first,quartz,781,3016817
S2,train,US,first,houston,780,3016817
S2,train,US,first,orion,780,3016817
S2,train,US,first,long,777,3016817
S2,train,US,first,anvil,774,3016817
S2,train,US,first,ramos,774,3016817
S2,train,US,first,monarch,772,3016817
S2,train,US,first,bell,769,3016817
S2,train,US,first,powell,766,3016817
S2,train,US,first,russell,760,3016817
S2,train,US,first,firefighters,749,3016817
S2,train,US,first,foundry,743,3016817
S2,train,US,first,operating,740,3016817
S2,train,US,first,simmons,732,3016817
S2,train,US,first,machinists,729,3016817
S2,train,US,first,timber,729,3016817
S2,train,US,first,bennett,726,3016817
S2,train,US,first,coleman,724,3016817
S2,train,US,first,henderson,723,3016817
S2,train,US,first,obsidian,721,3016817
S2,train,US,first,super,716,3016817
S2,train,US,first,gonzales,708,3016817
S2,train,US,first,mendoza,708,3016817
S2,train,US,first,polaris,706,3016817
S2,train,US,first,moreno,698,3016817
S2,train,US,first,cole,695,3016817
S2,train,US,first,corporation,693,3016817
S2,train,US,first,jordan,691,3016817
S2,train,US,first,6,690,3016817
S2,train,US,first,studio,689,3016817
S2,train,US,first,pipefitters,685,3016817
S2,train,US,first,vasquez,685,3016817
S2,train,US,first,2,682,3016817
S2,train,US,first,foster,681,3016817
S2,train,US,first,fisher,672,3016817
S2,train,US,first,alexander,670,3016817
S2,train,US,first,castillo,667,3016817
S2,train,US,first,jenkins,665,3016817
S2,train,US,first,dixon,664,3016817
S2,train,US,first,bryant,661,3016817
S2,train,US,first,laborers,658,3016817
S2,train,US,first,bison,656,3016817
S2,train,US,first,graham,654,3016817
S2,train,US,first,barnes,651,3016817
S2,train,US,first,herrera,651,3016817
S2,train,US,first,mendez,649,3016817
S2,train,US,first,care,648,3016817
S2,train,US,first,3,646,3016817
S2,train,US,first,austin,644,3016817
S2,train,US,first,castro,644,3016817
S2,train,US,first,reynolds,643,3016817
S2,train,US,first,wallace,641,3016817
S2,train,US,first,mcdonald,640,3016817
S2,train,US,first,ellis,636,3016817
S2,train,US,first,route,633,3016817
S2,train,US,first,town,633,3016817
S2,train,US,first,murray,626,3016817
S2,train,US,first,ford,625,3016817
S2,train,US,first,vargas,622,3016817
S2,train,US,first,woods,621,3016817
S2,train,US,first,griffin,619,3016817
S2,train,US,first,butler,618,3016817
S2,train,US,first,5,614,3016817
S2,train,US,first,harrison,614,3016817
S2,train,US,first,gibson,613,3016817
S2,train,US,first,marshall,612,3016817
S2,train,US,first,fernandez,610,3016817
S2,train,US,first,8,609,3016817
S2,train,US,first,hicks,606,3016817
S2,train,US,first,schmidt,598,3016817
S2,train,US,first,tran,598,3016817
S2,train,US,first,9,594,3016817
S2,train,US,first,hayes,593,3016817
S2,train,US,first,rose,589,3016817
S2,train,US,first,snyder,588,3016817
S2,train,US,first,wells,588,3016817
S2,train,US,first,7,582,3016817
S2,train,US,first,fox,579,3016817
S2,train,US,first,porter,579,3016817
S2,train,US,first,warren,578,3016817
S2,train,US,first,crawford,572,3016817
S2,train,US,first,shaw,571,3016817
S2,train,US,first,meyer,569,3016817
S2,train,US,first,kennedy,567,3016817
S2,train,US,first,munoz,563,3016817
S2,train,US,first,ryan,558,3016817
S2,train,US,first,4,554,3016817
S2,train,US,first,nichols,554,3016817
S2,train,US,first,owens,548,3016817
S2,train,US,first,grant,547,3016817
S2,train,US,first,simpson,544,3016817
S2,train,US,first,guzman,542,3016817
S2,train,US,first,armstrong,537,3016817
S2,train,US,first,chen,537,3016817
S2,train,US,first,palmer,535,3016817
S2,train,US,first,mills,534,3016817
S2,train,US,first,stevens,534,3016817
S2,train,US,first,mason,532,3016817
S2,train,US,first,tucker,532,3016817
S2,train,US,first,silva,531,3016817
S2,train,US,first,freeman,528,3016817
S2,train,US,first,of,528,3016817
S2,train,US,first,burns,527,3016817
S2,train,US,first,olson,524,3016817
S2,train,US,first,ray,521,3016817
S2,train,US,first,cunningham,514,3016817
S2,train,US,first,holmes,512,3016817
S2,train,US,first,webb,512,3016817
S2,train,US,first,weaver,511,3016817
S2,train,US,first,wagner,509,3016817
S2,train,US,first,may,508,3016817
S2,train,US,first,guerrero,506,3016817
S2,train,US,first,henry,504,3016817
S2,train,US,first,lane,504,3016817
S2,train,US,first,johnston,502,3016817
S2,train,US,first,robertson,500,3016817
S2,train,US,first,harper,499,3016817
S2,train,US,first,kelley,496,3016817
S2,train,US,first,rice,495,3016817
S2,train,US,first,hunter,493,3016817
S2,train,US,first,hunt,492,3016817
S2,train,US,first,and,488,3016817
S2,train,US,first,black,488,3016817
S2,train,US,first,soto,487,3016817
S2,train,US,first,stone,483,3016817
S2,train,US,first,lawrence,478,3016817
S2,train,US,first,boyd,477,3016817
S2,train,US,first,gordon,474,3016817
S2,train,US,first,franklin,473,3016817
S2,train,US,first,vazquez,467,3016817
S2,train,US,first,carroll,464,3016817
S2,train,US,first,pierce,462,3016817
S2,train,US,first,zion,460,3016817
S2,train,US,first,gardner,459,3016817
S2,train,US,first,peters,459,3016817
S2,train,US,first,montgomery,458,3016817
S2,train,US,first,village,458,3016817
S2,train,US,first,andrews,457,3016817
S2,train,US,first,arnold,456,3016817
S2,train,US,first,larson,456,3016817
S2,train,US,first,hawkins,455,3016817
S2,train,US,first,richards,455,3016817
S2,train,US,first,stephens,455,3016817
S2,train,US,first,berry,454,3016817
S2,train,US,first,greene,454,3016817
S2,train,US,first,burke,453,3016817
S2,train,US,first,hoffman,452,3016817
S2,train,US,first,associates,450,3016817
S2,train,US,first,hart,450,3016817
S2,train,US,first,perkins,450,3016817
S2,train,US,first,elliott,449,3016817
S2,train,US,first,payne,449,3016817
S2,train,US,first,burton,448,3016817
S2,train,US,first,ferguson,447,3016817
S2,train,US,first,george,447,3016817
S2,train,US,first,nunez,446,3016817
S2,train,US,first,duncan,445,3016817
S2,train,US,first,rios,443,3016817
S2,train,US,first,chapman,441,3016817
S2,train,US,first,park,439,3016817
S2,train,US,first,le,437,3016817
S2,train,US,first,daniels,436,3016817
S2,train,US,first,knight,434,3016817
S2,train,US,first,lucas,432,3016817
S2,train,US,first,salazar,431,3016817
S2,train,US,first,spencer,430,3016817
S2,train,US,first,dunn,428,3016817
S2,train,US,first,obrien,426,3016817
S2,train,US,first,willis,424,3016817
S2,train,US,first,sandoval,423,3016817
S2,train,US,first,hudson,422,3016817
S2,train,US,first,valdez,421,3016817
S2,train,US,first,carpenter,420,3016817
S2,train,US,first,bradley,419,3016817
S2,train,US,first,miranda,416,3016817
S2,train,US,first,wheeler,416,3016817
S2,train,US,first,fields,415,3016817
S2,train,US,first,yang,413,3016817
S2,train,US,first,matthews,412,3016817
S2,train,US,first,riley,411,3016817
S2,train,US,first,day,410,3016817
S2,train,US,first,santos,410,3016817
S2,train,US,first,harvey,407,3016817
S2,train,US,first,lara,404,3016817
S2,train,US,first,oliver,404,3016817
S2,train,US,first,phoenix,404,3016817
S2,train,US,first,hansen,403,3016817
S2,train,US,first,figueroa,402,3016817
S2,train,US,first,watkins,402,3016817
S2,train,US,first,gilbert,401,3016817
S2,train,US,first,singh,400,3016817
S2,train,US,first,garza,397,3016817
S2,train,US,first,solis,397,3016817
S2,train,US,first,wade,397,3016817
S2,train,US,first,lawson,396,3016817
S2,train,US,first,estrada,393,3016817
S2,train,US,first,ortega,393,3016817
S2,train,US,first,lynch,392,3016817
S2,train,US,first,weber,391,3016817
S2,train,US,first,maldonado,390,3016817
S2,train,US,first,miles,390,3016817
S2,train,US,first,company,387,3016817
S2,train,US,first,delgado,387,3016817
S2,train,US,first,fuller,387,3016817
S2,train,US,first,jensen,382,3016817
S2,train,US,first,santiago,382,3016817
S2,train,US,first,schultz,380,3016817
S2,train,US,first,pena,375,3016817
S2,train,US,first,carlson,374,3016817
S2,train,US,first,sims,373,3016817
S2,train,US,first,williamson,373,3016817
S2,train,US,first,fort,370,3016817
S2,train,US,first,contreras,367,3016817
S2,train,US,first,hanson,367,3016817
S2,train,US,first,brewer,366,3016817
S2,train,US,first,chambers,366,3016817
S2,train,US,first,jacobs,366,3016817
S2,train,US,first,padilla,365,3016817
S2,train,US,first,dominguez,364,3016817
S2,train,US,first,earnosethroat,361,3016817
S2,train,US,first,haynes,358,3016817
S2,train,US,first,garrett,356,3016817
S2,train,US,first,powers,356,3016817
S2,train,US,first,gill,354,3016817
S2,train,US,first,rojas,353,3016817
S2,train,US,first,walsh,353,3016817
S2,train,US,first,banks,352,3016817
S2,train,US,first,duran,350,3016817
S2,train,US,first,schneider,350,3016817
S2,train,US,first,fleming,348,3016817
S2,train,US,first,reid,348,3016817
S2,train,US,first,chandler,346,3016817
S2,train,US,first,luna,346,3016817
S2,train,US,first,bishop,345,3016817
S2,train,US,first,cohen,345,3016817
S2,train,US,first,dean,345,3016817
S2,train,US,first,bates,344,3016817
S2,train,US,first,fowler,344,3016817
S2,train,US,first,morrison,343,3016817
S2,train,US,first,page,343,3016817
S2,train,US,first,pearson,342,3016817
S2,train,US,first,holland,341,3016817
S2,train,US,first,welch,341,3016817
S2,train,US,first,dawson,339,3016817
S2,train,US,first,vaughn,337,3016817
S2,train,US,first,davidson,336,3016817
S2,train,US,first,newton,336,3016817
S2,train,US,first,chicago,335,3016817
S2,train,US,first,douglas,335,3016817
S2,train,US,first,li,335,3016817
S2,train,US,first,becker,334,3016817
S2,train,US,first,ayala,332,3016817
S2,train,US,first,wu,332,3016817
S2,train,US,first,caldwell,331,3016817
S2,train,US,first,espinoza,331,3016817
S2,train,US,first,carr,330,3016817
S2,train,US,first,leonard,330,3016817
S2,train,US,first,mann,330,3016817
S2,train,US,first,shelton,330,3016817
S2,train,US,first,barker,327,3016817
S2,train,US,first,webster,327,3016817
S2,train,US,first,hail,326,3016817
S2,train,US,first,keller,325,3016817
S2,train,US,first,jo,324,3016817
S2,train,US,first,charlotte,323,3016817
S2,train,US,first,hopkins,323,3016817
S2,train,US,first,joseph,321,3016817
S2,train,US,first,norris,321,3016817
S2,train,US,first,alvarado,320,3016817
S2,train,US,first,walters,319,3016817
S2,train,US,first,warner,317,3016817
S2,train,US,first,lambert,316,3016817
S2,train,US,first,newman,316,3016817
S2,train,US,first,campos,315,3016817
S2,train,US,first,howell,315,3016817
S2,train,US,first,molina,315,3016817
S2,train,US,first,parks,315,3016817
S2,train,US,first,wong,315,3016817
S2,train,US,first,bowman,314,3016817
S2,train,US,first,doyle,314,3016817
S2,train,US,first,horton,314,3016817
S2,train,US,first,lin,314,3016817
S2,train,US,first,navarro,314,3016817
S2,train,US,first,curtis,313,3016817
S2,train,US,first,erickson,312,3016817
S2,train,US,first,vu,312,3016817
S2,train,US,first,wang,311,3016817
S2,train,US,first,cabrera,310,3016817
S2,train,US,first,beck,309,3016817
S2,train,US,first,zimmerman,309,3016817
S2,train,US,first,24,308,3016817
S2,train,US,first,leon,306,3016817
S2,train,US,first,mccoy,306,3016817
S2,train,US,first,juarez,304,3016817
S2,train,US,first,schwartz,304,3016817
S2,train,US,first,baldwin,303,3016817
S2,train,US,first,fletcher,302,3016817
S2,train,US,first,acosta,301,3016817
S2,train,US,first,barrett,300,3016817
S2,train,US,first,ramsey,300,3016817
S2,train,US,first,barnett,299,3016817
S2,train,US,first,graves,299,3016817
S2,train,US,first,lindsey,299,3016817
S2,train,US,first,hale,298,3016817
S2,train,US,first,hampton,298,3016817
S2,train,US,first,oconnor,298,3016817
S2,train,US,first,avila,296,3016817
S2,train,US,first,clinic,296,3016817
S2,train,US,first,dallas,295,3016817
S2,train,US,first,moss,295,3016817
S2,train,US,first,thornton,295,3016817
S2,train,US,first,deleon,293,3016817
S2,train,US,first,griffith,293,3016817
S2,train,US,first,reeves,293,3016817
S2,train,US,first,rhodes,292,3016817
S2,train,US,first,sherman,292,3016817
S2,train,US,first,cardenas,291,3016817
S2,train,US,first,potter,291,3016817
S2,train,US,first,waters,291,3016817
S2,train,US,first,blair,290,3016817
S2,train,US,first,garner,290,3016817
S2,train,US,first,lowe,289,3016817
S2,train,US,first,terry,287,3016817
S2,train,US,first,moran,286,3016817
S2,train,US,first,patton,285,3016817
S2,train,US,first,sutton,284,3016817
S2,train,US,first,boston,283,3016817
S2,train,US,first,paul,283,3016817
S2,train,US,first,robles,283,3016817
S2,train,US,first,watts,283,3016817
S2,train,US,first,hammond,282,3016817
S2,train,US,first,la,282,3016817
S2,train,US,first,mejia,282,3016817
S2,train,US,first,craig,281,3016817
S2,train,US,first,columbus,280,3016817
S2,train,US,first,cortez,280,3016817
S2,train,US,first,lake,278,3016817
S2,train,US,first,mcdaniel,278,3016817
S2,train,US,first,neal,278,3016817
S2,train,US,first,wolfe,278,3016817
S2,train,US,first,lu,276,3016817
S2,train,US,first,marquez,276,3016817
S2,train,US,first,mckinney,275,3016817
S2,train,US,first,sharp,275,3016817
S2,train,US,first,york,275,3016817
S2,train,US,first,fami1y,273,3016817
S2,train,US,first,robbins,273,3016817
S2,train,US,first,aguirre,272,3016817
S2,train,US,first,frazier,272,3016817
S2,train,US,first,yu,272,3016817
S2,train,US,first,bush,271,3016817
S2,train,US,first,hardy,271,3016817
S2,train,US,first,norman,270,3016817
S2,train,US,first,pham,270,3016817
S2,train,US,first,steele,268,3016817
S2,train,US,first,blake,267,3016817
S2,train,US,first,wolf,267,3016817
S2,train,US,first,cervantes,266,3016817
S2,train,US,first,fuentes,266,3016817
S2,train,US,first,hines,266,3016817
S2,train,US,first,delacruz,265,3016817
S2,train,US,first,francis,265,3016817
S2,train,US,first,home,265,3016817
S2,train,US,first,lyons,264,3016817
S2,train,US,first,velasquez,264,3016817
S2,train,US,first,benson,263,3016817
S2,train,US,first,quinn,262,3016817
S2,train,US,first,andrade,261,3016817
S2,train,US,first,shah,261,3016817
S2,train,US,first,nava,260,3016817
S2,train,US,first,richmond,260,3016817
S2,train,US,first,stevenson,260,3016817
S2,train,US,first,valencia,260,3016817
S2,train,US,first,french,259,3016817
S2,train,US,first,farmer,257,3016817
S2,train,US,first,ochoa,257,3016817
S2,train,US,first,gallagher,256,3016817
S2,train,US,first,byrd,255,3016817
S2,train,US,first,logan,255,3016817
S2,train,US,first,serrano,255,3016817
S2,train,US,first,shannon,255,3016817
S2,train,US,first,swanson,255,3016817
S2,train,US,first,12,254,3016817
S2,train,US,first,chan,254,3016817
S2,train,US,first,durham,254,3016817
S2,train,US,first,hodges,254,3016817
S2,train,US,first,ingram,254,3016817
S2,train,US,first,prince,254,3016817
S2,train,US,first,stanley,254,3016817
S2,train,US,first,cleveland,253,3016817
S2,train,US,first,cross,253,3016817
S2,train,US,first,harmon,253,3016817
S2,train,US,first,tate,253,3016817
S2,train,US,first,trujillo,252,3016817
S2,train,US,first,walton,252,3016817
S2,train,US,first,camacho,251,3016817
S2,train,US,first,guerra,251,3016817
S2,train,US,first,floyd,250,3016817
S2,train,US,first,gallegos,250,3016817
S2,train,US,first,stokes,250,3016817
S2,train,US,first,ho,249,3016817
S2,train,US,first,bauer,248,3016817
S2,train,US,first,curry,248,3016817
S2,train,US,first,lang,248,3016817
S2,train,US,first,clayton,247,3016817
S2,train,US,first,fitzgerald,247,3016817
S2,train,US,first,gross,247,3016817
S2,train,US,first,ibarra,247,3016817
S2,train,US,first,tapia,247,3016817
S2,train,US,first,bowen,245,3016817
S2,train,US,first,carey,245,3016817
S2,train,US,first,chang,245,3016817
S2,train,US,first,foley,245,3016817
S2,train,US,first,kent,245,3016817
S2,train,US,first,mclaughlin,245,3016817
S2,train,US,first,rangel,245,3016817
S2,train,US,first,roman,245,3016817
S2,train,US,first,gregory,244,3016817
S2,train,US,first,klein,242,3016817
S2,train,US,first,yates,242,3016817
S2,train,US,first,church,241,3016817
S2,train,US,first,gibbs,241,3016817
S2,train,US,first,reese,241,3016817
S2,train,US,first,saunders,241,3016817
S2,train,US,first,marsh,240,3016817
S2,train,US,first,phelps,240,3016817
S2,train,US,first,gates,239,3016817
S2,train,US,first,suarez,239,3016817
S2,train,US,first,tyler,239,3016817
S2,train,US,first,burgess,238,3016817
S2,train,US,first,cannon,238,3016817
S2,train,US,first,simon,238,3016817
S2,train,US,first,anna,237,3016817
S2,train,US,first,monroe,237,3016817
S2,train,US,first,conley,236,3016817
S2,train,US,first,lynn,236,3016817
S2,train,US,first,rivas,236,3016817
S2,train,US,first,township,236,3016817
S2,train,US,first,pacheco,235,3016817
S2,train,US,first,allison,234,3016817
S2,train,US,first,lloyd,234,3016817
S2,train,US,first,mercado,234,3016817
S2,train,US,first,roth,234,3016817
S2,train,US,first,hartman,233,3016817
S2,train,US,first,manning,233,3016817
S2,train,US,first,montoya,233,3016817
S2,train,US,first,cummings,232,3016817
S2,train,US,first,dennis,232,3016817
S2,train,US,first,calderon,231,3016817
S2,train,US,first,castaneda,231,3016817
S2,train,US,first,frank,231,3016817
S2,train,US,first,jefferson,231,3016817
S2,train,US,first,owen,231,3016817
S2,train,US,first,zhang,231,3016817
S2,train,US,first,higgins,230,3016817
S2,train,US,first,kirby,230,3016817
S2,train,US,first,liu,230,3016817
S2,train,US,first,barber,229,3016817
S2,train,US,first,chir0practic,229,3016817
S2,train,US,first,malone,229,3016817
S2,train,US,first,mckenzie,229,3016817
S2,train,US,first,pope,229,3016817
S2,train,US,first,ali,228,3016817
S2,train,US,first,mack,228,3016817
S2,train,US,first,mcguire,228,3016817
S2,train,US,first,ponce,228,3016817
S2,train,US,first,rowe,228,3016817
S2,train,US,first,villarreal,228,3016817
S2,train,US,first,collier,226,3016817
S2,train,US,first,casey,225,3016817
S2,train,US,first,clarke,225,3016817
S2,train,US,first,fischer,225,3016817
S2,train,US,first,lozano,225,3016817
S2,train,US,first,mcbride,225,3016817
S2,train,US,first,visi0n,225,3016817
S2,train,US,first,christian,224,3016817
S2,train,US,first,galvan,224,3016817
S2,train,US,first,mccarthy,224,3016817
S2,train,US,first,pineda,224,3016817
S2,train,US,first,ballard,223,3016817
S2,train,US,first,nashville,223,3016817
S2,train,US,first,person,223,3016817
S2,train,US,first,petersen,223,3016817
S2,train,US,first,72,222,3016817
S2,train,US,first,flowers,222,3016817
S2,train,US,first,jennings,222,3016817
S2,train,US,first,love,222,3016817
S2,train,US,first,mueller,222,3016817
S2,train,US,first,carrillo,221,3016817
S2,train,US,first,cobb,221,3016817
S2,train,US,first,fairfax,221,3016817
S2,train,US,first,goodman,221,3016817
S2,train,US,first,virginia,221,3016817
S2,train,US,first,khan,220,3016817
S2,train,US,first,sacramento,220,3016817
S2,train,US,first,indianapolis,219,3016817
S2,train,US,first,maxwell,219,3016817
S2,train,US,first,mora,219,3016817
S2,train,US,first,parsons,219,3016817
S2,train,US,first,brooklyn,218,3016817
S2,train,US,first,daniel,218,3016817
S2,train,US,first,rosales,218,3016817
S2,train,US,first,springfield,218,3016817
S2,train,US,first,barton,217,3016817
S2,train,US,first,colon,217,3016817
S2,train,US,first,heath,217,3016817
S2,train,US,first,macias,217,3016817
S2,train,US,first,cain,216,3016817
S2,train,US,first,conner,216,3016817
S2,train,US,first,meyers,216,3016817
S2,train,US,first,nicholson,216,3016817
S2,train,US,first,rodgers,216,3016817
S2,train,US,first,mesa,215,3016817
S2,train,US,first,nolan,215,3016817
S2,train,US,first,arias,214,3016817
S2,train,US,first,hubbard,214,3016817
S2,train,US,first,morton,214,3016817
S2,train,US,first,townsend,214,3016817
S2,train,US,first,trevino,214,3016817
S2,train,US,first,dunlap,213,3016817
S2,train,US,first,huang,213,3016817
S2,train,US,first,olsen,213,3016817
S2,train,US,first,shaffer,213,3016817
S2,train,US,first,ventura,212,3016817
S2,train,US,first,drake,211,3016817
S2,train,US,first,greer,211,3016817
S2,train,US,first,whitney,211,3016817
S2,train,US,first,haley,210,3016817
S2,train,US,first,mathis,210,3016817
S2,train,US,first,boone,209,3016817
S2,train,US,first,velez,209,3016817
S2,train,US,first,cochran,208,3016817
S2,train,US,first,physica1,208,3016817
S2,train,US,first,santana,208,3016817
S2,train,US,first,sloan,208,3016817
S2,train,US,first,sosa,208,3016817
S2,train,US,first,cuevas,207,3016817
S2,train,US,first,mcgee,206,3016817
S2,train,US,first,osborne,206,3016817
S2,train,US,first,bautista,205,3016817
S2,train,US,first,pratt,205,3016817
S2,train,US,first,davenport,204,3016817
S2,train,US,first,frederick,204,3016817
S2,train,US,first,harrington,204,3016817
S2,train,US,first,hess,204,3016817
S2,train,US,first,holloway,204,3016817
S2,train,US,first,holt,204,3016817
S2,train,US,first,moody,204,3016817
S2,train,US,first,salinas,204,3016817
S2,train,US,first,anthony,203,3016817
S2,train,US,first,briggs,203,3016817
S2,train,US,first,strickland,203,3016817
S2,train,US,first,velazquez,203,3016817
S2,train,US,first,48,202,3016817
S2,train,US,first,ashley,202,3016817
S2,train,US,first,beil,202,3016817
S2,train,US,first,glenn,202,3016817
S2,train,US,first,nash,202,3016817
S2,train,US,first,shepherd,202,3016817
S2,train,US,first,acevedo,201,3016817
S2,train,US,first,buchanan,201,3016817
S2,train,US,first,burnett,201,3016817
S2,train,US,first,cline,201,3016817
S2,train,US,first,wise,201,3016817
S2,train,US,first,090,200,3016817
S2,train,US,first,bryan,200,3016817
S2,train,US,first,huff,200,3016817
S2,train,US,first,norton,200,3016817
S2,train,US,first,whitaker,200,3016817
S2,train,US,last,llc,410501,3016817
S2,train,US,last,inc,319145,3016817
S2,train,US,last,com,131185,3016817
S2,train,US,last,corp,100382,3016817
S2,train,US,last,center,95802,3016817
S2,train,US,last,co,83555,3016817
S2,train,US,last,ltd,78693,3016817
S2,train,US,last,c,78345,3016817
S2,train,US,last,partners,75536,3016817
S2,train,US,last,group,69579,3016817
S2,train,US,last,services,59689,3016817
S2,train,US,last,holdings,52316,3016817
S2,train,US,last,lp,42578,3016817
S2,train,US,last,corporation,36904,3016817
S2,train,US,last,service,28921,3016817
S2,train,US,last,incorporated,23165,3016817
S2,train,US,last,pc,22771,3016817
S2,train,US,last,associates,19617,3016817
S2,train,US,last,pllc,17321,3016817
S2,train,US,last,care,16213,3016817
S2,train,US,last,clinic,12429,3016817
S2,train,US,last,ínc,11153,3016817
S2,train,US,last,health,8006,3016817
S2,train,US,last,medicine,7164,3016817
S2,train,US,last,of,7042,3016817
S2,train,US,last,d,5891,3016817
S2,train,US,last,specialists,5655,3016817
S2,train,US,last,company,5524,3016817
S2,train,US,last,enterprises,5505,3016817
S2,train,US,last,harbor,5236,3016817
S2,train,US,last,coastal,5230,3016817
S2,train,US,last,valley,5192,3016817
S2,train,US,last,metro,5162,3016817
S2,train,US,last,summit,5108,3016817
S2,train,US,last,physicians,5105,3016817
S2,train,US,last,highland,5103,3016817
S2,train,US,last,trust,5011,3016817
S2,train,US,last,association,4737,3016817
S2,train,US,last,north,4551,3016817
S2,train,US,last,east,4491,3016817
S2,train,US,last,west,4438,3016817
S2,train,US,last,south,4391,3016817
S2,train,US,last,central,4333,3016817
S2,train,US,last,greater,4288,3016817
S2,train,US,last,downtown,4286,3016817
S2,train,US,last,midtown,4257,3016817
S2,train,US,last,westgate,4241,3016817
S2,train,US,last,southside,4239,3016817
S2,train,US,last,eastgate,4193,3016817
S2,train,US,last,uptown,4185,3016817
S2,train,US,last,alliance,4184,3016817
S2,train,US,last,riverside,4150,3016817
S2,train,US,last,northside,4132,3016817
S2,train,US,last,lakeside,4101,3016817
S2,train,US,last,and,3987,3016817
S2,train,US,last,church,3805,3016817
S2,train,US,last,council,3770,3016817
S2,train,US,last,federation,3639,3016817
S2,train,US,last,foundation,3626,3016817
S2,train,US,last,society,3626,3016817
S2,train,US,last,works,3486,3016817
S2,train,US,last,global,3292,3016817
S2,train,US,last,ventures,3273,3016817
S2,train,US,last,industries,3109,3016817
S2,train,US,last,network,3050,3016817
S2,train,US,last,ministries,3036,3016817
S2,train,US,last,fellowship,2935,3016817
S2,train,US,last,fund,2821,3016817
S2,train,US,last,capital,2818,3016817
S2,train,US,last,dds,2730,3016817
S2,train,US,last,solutions,2728,3016817
S2,train,US,last,institute,2652,3016817
S2,train,US,last,international,2622,3016817
S2,train,US,last,worldwide,2557,3016817
S2,train,US,last,league,2549,3016817
S2,train,US,last,program,2536,3016817
S2,train,US,last,coalition,2523,3016817
S2,train,US,last,charities,2515,3016817
S2,train,US,last,guild,2509,3016817
S2,train,US,last,academy,2490,3016817
S2,train,US,last,initiative,2482,3016817
S2,train,US,last,cénter,2467,3016817
S2,train,US,last,digital,2445,3016817
S2,train,US,last,s,2437,3016817
S2,train,US,last,project,2383,3016817
S2,train,US,last,therapy,2380,3016817
S2,train,US,last,committee,2368,3016817
S2,train,US,last,management,2321,3016817
S2,train,US,last,lnc,2279,3016817
S2,train,US,last,school,2247,3016817
S2,train,US,last,networks,2222,3016817
S2,train,US,last,laboratories,2161,3016817
S2,train,US,last,studios,2152,3016817
S2,train,US,last,technologies,2151,3016817
S2,train,US,last,systems,2108,3016817
S2,train,US,last,massage,2107,3016817
S2,train,US,last,seafood,2055,3016817
S2,train,US,last,union,2034,3016817
S2,train,US,last,deli,2027,3016817
S2,train,US,last,pizza,2015,3016817
S2,train,US,last,cafe,2014,3016817
S2,train,US,last,advisors,1942,3016817
S2,train,US,last,grill,1942,3016817
S2,train,US,last,dental,1938,3016817
S2,train,US,last,bakery,1897,3016817
S2,train,US,last,consultants,1888,3016817
S2,train,US,last,trading,1868,3016817
S2,train,US,last,investments,1836,3016817
S2,train,US,last,realty,1830,3016817
S2,train,US,last,medical,1694,3016817
S2,train,US,last,md,1676,3016817
S2,train,US,last,dynamics,1674,3016817
S2,train,US,last,products,1670,3016817
S2,train,US,last,a,1664,3016817
S2,train,US,last,studio,1661,3016817
S2,train,US,last,shop,1656,3016817
S2,train,US,last,pub,1651,3016817
S2,train,US,last,labs,1633,3016817
S2,train,US,last,w,1631,3016817
S2,train,US,last,coffee,1617,3016817
S2,train,US,last,innovations,1607,3016817
S2,train,US,last,dpm,1575,3016817
S2,train,US,last,brands,1561,3016817
S2,train,US,last,córp,1551,3016817
S2,train,US,last,practice,1550,3016817
S2,train,US,last,hypnosis,1535,3016817
S2,train,US,last,concepts,1534,3016817
S2,train,US,last,cpa,1534,3016817
S2,train,US,last,collective,1532,3016817
S2,train,US,last,dmd,1529,3016817
S2,train,US,last,properties,1524,3016817
S2,train,US,last,diner,1522,3016817
S2,train,US,last,o,1501,3016817
S2,train,US,last,tavern,1486,3016817
S2,train,US,last,do,1485,3016817
S2,train,US,last,gróup,1481,3016817
S2,train,US,last,pediatrics,1474,3016817
S2,train,US,last,barbershop,1471,3016817
S2,train,US,last,cardiology,1464,3016817
S2,train,US,last,tattoo,1439,3016817
S2,train,US,last,nails,1431,3016817
S2,train,US,last,esq,1428,3016817
S2,train,US,last,family,1415,3016817
S2,train,US,last,all,1403,3016817
S2,train,US,last,bistro,1400,3016817
S2,train,US,last,hospital,1399,3016817
S2,train,US,last,endocrinology,1395,3016817
S2,train,US,last,college,1392,3016817
S2,train,US,last,yoga,1389,3016817
S2,train,US,last,auto,1374,3016817
S2,train,US,last,pilates,1336,3016817
S2,train,US,last,technology,1325,3016817
S2,train,US,last,pártners,1282,3016817
S2,train,US,last,district,1279,3016817
S2,train,US,last,iii,1260,3016817
S2,train,US,last,security,1257,3016817
S2,train,US,last,body,1242,3016817
S2,train,US,last,commission,1242,3016817
S2,train,US,last,cleaning,1239,3016817
S2,train,US,last,board,1211,3016817
S2,train,US,last,companies,1210,3016817
S2,train,US,last,assets,1204,3016817
S2,train,US,last,creative,1198,3016817
S2,train,US,last,resources,1193,3016817
S2,train,US,last,authority,1191,3016817
S2,train,US,last,store,1188,3016817
S2,train,US,last,electronics,1163,3016817
S2,train,US,last,engineering,1162,3016817
S2,train,US,last,research,1150,3016817
S2,train,US,last,apex,1144,3016817
S2,train,US,last,construction,1143,3016817
S2,train,US,last,development,1143,3016817
S2,train,US,last,financial,1141,3016817
S2,train,US,last,city,1136,3016817
S2,train,US,last,insurance,1136,3016817
S2,train,US,last,sterling,1136,3016817
S2,train,US,last,pinnacle,1134,3016817
S2,train,US,last,supply,1127,3016817
S2,train,US,last,retail,1124,3016817
S2,train,US,last,media,1121,3016817
S2,train,US,last,analytics,1116,3016817
S2,train,US,last,mortgage,1114,3016817
S2,train,US,last,sérvices,1111,3016817
S2,train,US,last,wireless,1111,3016817
S2,train,US,last,wellness,1107,3016817
S2,train,US,last,data,1105,3016817
S2,train,US,last,software,1103,3016817
S2,train,US,last,hospitality,1095,3016817
S2,train,US,last,v,1093,3016817
S2,train,US,last,energy,1090,3016817
S2,train,US,last,star,1087,3016817
S2,train,US,last,freight,1077,3016817
S2,train,US,last,local,1077,3016817
S2,train,US,last,logistics,1074,3016817
S2,train,US,last,regional,1063,3016817
S2,train,US,last,horizon,1056,3016817
S2,train,US,last,transport,1054,3016817
S2,train,US,last,iv,1051,3016817
S2,train,US,last,heritage,1050,3016817
S2,train,US,last,green,1044,3016817
S2,train,US,last,cream,1043,3016817
S2,train,US,last,ridge,1040,3016817
S2,train,US,last,chemical,1033,3016817
S2,train,US,last,integrated,1018,3016817
S2,train,US,last,vi,1017,3016817
S2,train,US,last,american,1013,3016817
S2,train,US,last,first,1006,3016817
S2,train,US,last,premier,1004,3016817
S2,train,US,last,atlantic,999,3016817
S2,train,US,last,silver,995,3016817
S2,train,US,last,smith,993,3016817
S2,train,US,last,strategic,993,3016817
S2,train,US,last,office,992,3016817
S2,train,US,last,express,989,3016817
S2,train,US,last,ii,989,3016817
S2,train,US,last,keystone,986,3016817
S2,train,US,last,fitness,985,3016817
S2,train,US,last,ássociates,983,3016817
S2,train,US,last,better,982,3016817
S2,train,US,last,interests,982,3016817
S2,train,US,last,innovative,973,3016817
S2,train,US,last,liberty,971,3016817
S2,train,US,last,mountain,971,3016817
S2,train,US,last,pioneer,971,3016817
S2,train,US,last,golden,969,3016817
S2,train,US,last,prime,966,3016817
S2,train,US,last,state,965,3016817
S2,train,US,last,safe,963,3016817
S2,train,US,last,select,963,3016817
S2,train,US,last,federal,959,3016817
S2,train,US,last,dynamic,955,3016817
S2,train,US,last,best,950,3016817
S2,train,US,last,education,948,3016817
S2,train,US,last,bright,947,3016817
S2,train,US,last,blue,945,3016817
S2,train,US,last,empire,945,3016817
S2,train,US,last,llp,937,3016817
S2,train,US,last,preferred,923,3016817
S2,train,US,last,total,923,3016817
S2,train,US,last,direct,922,3016817
S2,train,US,last,choice,919,3016817
S2,train,US,last,elite,917,3016817
S2,train,US,last,pacific,916,3016817
S2,train,US,last,spa,910,3016817
S2,train,US,last,royal,904,3016817
S2,train,US,last,healthcare,901,3016817
S2,train,US,last,value,901,3016817
S2,train,US,last,quality,899,3016817
S2,train,US,last,advanced,897,3016817
S2,train,US,last,c0m,895,3016817
S2,train,US,last,great,895,3016817
S2,train,US,last,patriot,893,3016817
S2,train,US,last,street,891,3016817
S2,train,US,last,equity,890,3016817
S2,train,US,last,precision,890,3016817
S2,train,US,last,platinum,889,3016817
S2,train,US,last,environmental,888,3016817
S2,train,US,last,smart,886,3016817
S2,train,US,last,cargo,883,3016817
S2,train,US,last,national,883,3016817
S2,train,US,last,printing,883,3016817
S2,train,US,last,clean,881,3016817
S2,train,US,last,united,874,3016817
S2,train,US,last,motors,873,3016817
S2,train,US,last,charter,865,3016817
S2,train,US,last,marketing,862,3016817
S2,train,US,last,fashion,858,3016817
S2,train,US,last,automotive,848,3016817
S2,train,US,last,design,843,3016817
S2,train,US,last,rocky,839,3016817
S2,train,US,last,chiropractic,833,3016817
S2,train,US,last,johnson,831,3016817
S2,train,US,last,superior,831,3016817
S2,train,US,last,israel,830,3016817
S2,train,US,last,staffing,829,3016817
S2,train,US,last,sciences,825,3016817
S2,train,US,last,lending,822,3016817
S2,train,US,last,wholesale,822,3016817
S2,train,US,last,consulting,820,3016817
S2,train,US,last,diagnostics,820,3016817
S2,train,US,last,foods,820,3016817
S2,train,US,last,learning,817,3016817
S2,train,US,last,cascade,810,3016817
S2,train,US,last,anchor,808,3016817
S2,train,US,last,farms,808,3016817
S2,train,US,last,apparel,804,3016817
S2,train,US,last,communications,802,3016817
S2,train,US,last,restaurant,802,3016817
S2,train,US,last,biotech,794,3016817
S2,train,US,last,entertainment,794,3016817
S2,train,US,last,electric,793,3016817
S2,train,US,last,manufacturing,789,3016817
S2,train,US,last,córporation,786,3016817
S2,train,US,last,pharmaceuticals,774,3016817
S2,train,US,last,vanguard,767,3016817
S2,train,US,last,cornerstone,758,3016817
S2,train,US,last,hair,754,3016817
S2,train,US,last,petroleum,751,3016817
S2,train,US,last,tax,747,3016817
S2,train,US,last,williams,743,3016817
S2,train,US,last,beacon,742,3016817
S2,train,US,last,cáre,742,3016817
S2,train,US,last,affairs,730,3016817
S2,train,US,last,community,726,3016817
S2,train,US,last,jones,722,3016817
S2,train,US,last,glass,719,3016817
S2,train,US,last,supreme,717,3016817
S2,train,US,last,complete,712,3016817
S2,train,US,last,có,709,3016817
S2,train,US,last,dentistry,708,3016817
S2,train,US,last,property,707,3016817
S2,train,US,last,apartments,704,3016817
S2,train,US,last,custom,700,3016817
S2,train,US,last,brown,699,3016817
S2,train,US,last,allied,696,3016817
S2,train,US,last,peak,696,3016817
S2,train,US,last,clínic,695,3016817
S2,train,US,last,fresh,695,3016817
S2,train,US,last,reliable,694,3016817
S2,train,US,last,holding,693,3016817
S2,train,US,last,diamond,687,3016817
S2,train,US,last,continental,686,3016817
S2,train,US,last,unified,686,3016817
S2,train,US,last,towing,677,3016817
S2,train,US,last,certified,676,3016817
S2,train,US,last,desert,672,3016817
S2,train,US,last,midwest,669,3016817
S2,train,US,last,trusted,669,3016817
S2,train,US,last,signature,666,3016817
S2,train,US,last,prairie,664,3016817
S2,train,US,last,delta,663,3016817
S2,train,US,last,bay,661,3016817
S2,train,US,last,homecare,661,3016817
S2,train,US,last,crystal,660,3016817
S2,train,US,last,metropolitan,660,3016817
S2,train,US,last,classic,658,3016817
S2,train,US,last,rapid,658,3016817
S2,train,US,last,transportation,652,3016817
S2,train,US,last,frontier,649,3016817
S2,train,US,last,legacy,648,3016817
S2,train,US,last,heartland,646,3016817
S2,train,US,last,secure,645,3016817
S2,train,US,last,home,644,3016817
S2,train,US,last,modern,644,3016817
S2,train,US,last,animal,643,3016817
S2,train,US,last,clear,643,3016817
S2,train,US,last,finance,643,3016817
S2,train,US,last,5ervices,642,3016817
S2,train,US,last,gulf,640,3016817
S2,train,US,last,technical,637,3016817
S2,train,US,last,consumer,636,3016817
S2,train,US,last,robotics,634,3016817
S2,train,US,last,piedmont,631,3016817
S2,train,US,last,optimal,630,3016817
S2,train,US,last,interstate,626,3016817
S2,train,US,last,asset,621,3016817
S2,train,US,last,zion,621,3016817
S2,train,US,last,marine,618,3016817
S2,train,US,last,housing,617,3016817
S2,train,US,last,colonial,616,3016817
S2,train,US,last,appliance,614,3016817
S2,train,US,last,infrastructure,613,3016817
S2,train,US,last,ace,609,3016817
S2,train,US,last,grand,609,3016817
S2,train,US,last,defense,605,3016817
S2,train,US,last,materials,603,3016817
S2,train,US,last,mobility,600,3016817
S2,train,US,last,salon,593,3016817
S2,train,US,last,intelligence,591,3016817
S2,train,US,last,county,590,3016817
S2,train,US,last,grading,590,3016817
S2,train,US,last,landscaping,590,3016817
S2,train,US,last,painting,586,3016817
S2,train,US,last,sérvice,585,3016817
S2,train,US,last,contracting,584,3016817
S2,train,US,last,excavation,582,3016817
S2,train,US,last,investment,580,3016817
S2,train,US,last,ankle,578,3016817
S2,train,US,last,chapel,577,3016817
S2,train,US,last,semiconductor,577,3016817
S2,train,US,last,bike,576,3016817
S2,train,US,last,architecture,575,3016817
S2,train,US,last,aerospace,574,3016817
S2,train,US,last,jewelers,573,3016817
S2,train,US,last,veterinary,573,3016817
S2,train,US,last,graphics,571,3016817
S2,train,US,last,limited,570,3016817
S2,train,US,last,montessori,569,3016817
S2,train,US,last,wealth,569,3016817
S2,train,US,last,advertising,568,3016817
S2,train,US,last,cathedral,568,3016817
S2,train,US,last,recruiting,568,3016817
S2,train,US,last,packaging,565,3016817
S2,train,US,last,meridian,562,3016817
S2,train,US,last,agricultural,561,3016817
S2,train,US,last,biomedical,561,3016817
S2,train,US,last,commercial,561,3016817
S2,train,US,last,vision,558,3016817
S2,train,US,last,publishing,557,3016817
S2,train,US,last,industrial,554,3016817
S2,train,US,last,distribution,553,3016817
S2,train,US,last,brokerage,551,3016817
S2,train,US,last,advisory,550,3016817
S2,train,US,last,book,548,3016817
S2,train,US,last,jackson,548,3016817
S2,train,US,last,couriers,546,3016817
S2,train,US,last,signs,545,3016817
S2,train,US,last,catering,543,3016817
S2,train,US,last,boutique,542,3016817
S2,train,US,last,couture,542,3016817
S2,train,US,last,textiles,542,3016817
S2,train,US,last,payment,541,3016817
S2,train,US,last,agriculture,540,3016817
S2,train,US,last,business,540,3016817
S2,train,US,last,interiors,540,3016817
S2,train,US,last,synagogue,538,3016817
S2,train,US,last,roofing,536,3016817
S2,train,US,last,detailing,535,3016817
S2,train,US,last,telecom,534,3016817
S2,train,US,last,plumbing,533,3016817
S2,train,US,last,cosmetics,531,3016817
S2,train,US,last,productions,531,3016817
S2,train,US,last,preparatory,530,3016817
S2,train,US,last,throat,529,3016817
S2,train,US,last,maintenance,527,3016817
S2,train,US,last,brewing,521,3016817
S2,train,US,last,liquor,519,3016817
S2,train,US,last,accounting,515,3016817
S2,train,US,last,emanuel,515,3016817
S2,train,US,last,improvements,515,3016817
S2,train,US,last,cloud,509,3016817
S2,train,US,last,lane,508,3016817
S2,train,US,last,electrical,504,3016817
S2,train,US,last,ice,503,3016817
S2,train,US,last,produce,501,3016817
S2,train,US,last,hill,495,3016817
S2,train,US,last,fisheries,493,3016817
S2,train,US,last,life,482,3016817
S2,train,US,last,ave,480,3016817
S2,train,US,last,installation,478,3016817
S2,train,US,last,sales,478,3016817
S2,train,US,last,repair,475,3016817
S2,train,US,last,it,468,3016817
S2,train,US,last,white,468,3016817
S2,train,US,last,centre,464,3016817
S2,train,US,last,dent,464,3016817
S2,train,US,last,drive,464,3016817
S2,train,US,last,park,463,3016817
S2,train,US,last,titan,462,3016817
S2,train,US,last,chicago,461,3016817
S2,train,US,last,martin,453,3016817
S2,train,US,last,physical,451,3016817
S2,train,US,last,metal,449,3016817
S2,train,US,last,edge,434,3016817
S2,train,US,last,motor,434,3016817
S2,train,US,last,king,432,3016817
S2,train,US,last,on,432,3016817
S2,train,US,last,compass,429,3016817
S2,train,US,last,granite,429,3016817
S2,train,US,last,phoenix,428,3016817
S2,train,US,last,hall,421,3016817
S2,train,US,last,aspen,420,3016817
S2,train,US,last,recreation,420,3016817
S2,train,US,last,point,417,3016817
S2,train,US,last,lake,414,3016817
S2,train,US,last,héalth,412,3016817
S2,train,US,last,aurora,409,3016817
S2,train,US,last,orion,405,3016817
S2,train,US,last,morgan,398,3016817
S2,train,US,last,public,397,3016817
S2,train,US,last,nova,395,3016817
S2,train,US,last,redwood,395,3016817
S2,train,US,last,alley,393,3016817
S2,train,US,last,osprey,392,3016817
S2,train,US,last,rogers,381,3016817
S2,train,US,last,vehicles,381,3016817
S2,train,US,last,atlas,380,3016817
S2,train,US,last,iron,377,3016817
S2,train,US,last,hóldings,374,3016817
S2,train,US,last,myers,374,3016817
S2,train,US,last,rate,372,3016817
S2,train,US,last,rights,372,3016817
S2,train,US,last,owners,371,3016817
S2,train,US,last,surgical,367,3016817
S2,train,US,last,village,367,3016817
S2,train,US,last,hamilton,366,3016817
S2,train,US,last,baptist,364,3016817
S2,train,US,last,columbus,364,3016817
S2,train,US,last,era,363,3016817
S2,train,US,last,willow,363,3016817
S2,train,US,last,you,362,3016817
S2,train,US,last,tpg,361,3016817
S2,train,US,last,arts,360,3016817
S2,train,US,last,wells,360,3016817
S2,train,US,last,rmg,359,3016817
S2,train,US,last,james,358,3016817
S2,train,US,last,xrp,354,3016817
S2,train,US,last,douglas,353,3016817
S2,train,US,last,urban,353,3016817
S2,train,US,last,garcia,352,3016817
S2,train,US,last,adr,351,3016817
S2,train,US,last,flagstar,351,3016817
S2,train,US,last,fox,351,3016817
S2,train,US,last,gsr,351,3016817
S2,train,US,last,keycorp,350,3016817
S2,train,US,last,owl,350,3016817
S2,train,US,last,rio,346,3016817
S2,train,US,last,wen,345,3016817
S2,train,US,last,building,344,3016817
S2,train,US,last,system,344,3016817
S2,train,US,last,boston,343,3016817
S2,train,US,last,spring,343,3016817
S2,train,US,last,trúst,343,3016817
S2,train,US,last,block,342,3016817
S2,train,US,last,pbc,342,3016817
S2,train,US,last,sprott,342,3016817
S2,train,US,last,canada,341,3016817
S2,train,US,last,line,341,3016817
S2,train,US,last,yhn,341,3016817
S2,train,US,last,science,339,3016817
S2,train,US,last,long,338,3016817
S2,train,US,last,marshall,338,3016817
S2,train,US,last,miller,338,3016817
S2,train,US,last,truist,338,3016817
S2,train,US,last,purecycle,336,3016817
S2,train,US,last,river,336,3016817
S2,train,US,last,championsgate,335,3016817
S2,train,US,last,ubs,334,3016817
S2,train,US,last,columbia,333,3016817
S2,train,US,last,hudson,332,3016817
S2,train,US,last,bnb,331,3016817
S2,train,US,last,bsp,331,3016817
S2,train,US,last,air,330,3016817
S2,train,US,last,cohen,330,3016817
S2,train,US,last,médicine,330,3016817
S2,train,US,last,pmv,330,3016817
S2,train,US,last,red,330,3016817
S2,train,US,last,abrdn,329,3016817
S2,train,US,last,associated,329,3016817
S2,train,US,last,hub,329,3016817
S2,train,US,last,oncology,329,3016817
S2,train,US,last,ready,329,3016817
S2,train,US,last,gen,328,3016817
S2,train,US,last,qdro,328,3016817
S2,train,US,last,leapfrog,327,3016817
S2,train,US,last,blockchain,326,3016817
S2,train,US,last,hills,326,3016817
S2,train,US,last,arc,325,3016817
S2,train,US,last,electricity,325,3016817
S2,train,US,last,hartford,325,3016817
S2,train,US,last,madison,325,3016817
S2,train,US,last,welfare,325,3016817
S2,train,US,last,big,324,3016817
S2,train,US,last,fusion,324,3016817
S2,train,US,last,nasdaq,324,3016817
S2,train,US,last,northern,324,3016817
S2,train,US,last,rock,324,3016817
S2,train,US,last,deutsche,323,3016817
S2,train,US,last,grupo,323,3016817
S2,train,US,last,stardust,323,3016817
S2,train,US,last,trg,323,3016817
S2,train,US,last,assistance,322,3016817
S2,train,US,last,boa,322,3016817
S2,train,US,last,gss,322,3016817
S2,train,US,last,japan,322,3016817
S2,train,US,last,live,322,3016817
S2,train,US,last,bce,321,3016817
S2,train,US,last,davis,321,3016817
S2,train,US,last,yorkville,321,3016817
S2,train,US,last,franklin,320,3016817
S2,train,US,last,hancock,320,3016817
S2,train,US,last,midstream,320,3016817
S2,train,US,last,aura,319,3016817
S2,train,US,last,developments,319,3016817
S2,train,US,last,ses,319,3016817
S2,train,US,last,starlink,319,3016817
S2,train,US,last,net,318,3016817
S2,train,US,last,ocean,318,3016817
S2,train,US,last,robinhood,318,3016817
S2,train,US,last,aeon,317,3016817
S2,train,US,last,cantor,317,3016817
S2,train,US,last,ethereum,317,3016817
S2,train,US,last,montreal,317,3016817
S2,train,US,last,stone,317,3016817
S2,train,US,last,templeton,317,3016817
S2,train,US,last,westin,317,3016817
S2,train,US,last,zeo,317,3016817
S2,train,US,last,aging,316,3016817
S2,train,US,last,apollo,316,3016817
S2,train,US,last,battery,316,3016817
S2,train,US,last,biotherapeutics,316,3016817
S2,train,US,last,gas,316,3016817
S2,train,US,last,mfa,316,3016817
S2,train,US,last,protection,316,3016817
S2,train,US,last,vii,316,3016817
S2,train,US,last,world,316,3016817
S2,train,US,last,blueport,315,3016817
S2,train,US,last,commerce,315,3016817
S2,train,US,last,fortune,315,3016817
S2,train,US,last,pro,315,3016817
S2,train,US,last,scuti,315,3016817
S2,train,US,last,staked,315,3016817
S2,train,US,last,hcm,314,3016817
S2,train,US,last,quest,314,3016817
S2,train,US,last,wave,314,3016817
S2,train,US,last,airport,313,3016817
S2,train,US,last,four,313,3016817
S2,train,US,last,snow,313,3016817
S2,train,US,last,apple,312,3016817
S2,train,US,last,cea,312,3016817
S2,train,US,last,edp,312,3016817
S2,train,US,last,ingredients,312,3016817
S2,train,US,last,jab,312,3016817
S2,train,US,last,atlanta,311,3016817
S2,train,US,last,bny,311,3016817
S2,train,US,last,canary,311,3016817
S2,train,US,last,charles,311,3016817
S2,train,US,last,energia,311,3016817
S2,train,US,last,paceline,311,3016817
S2,train,US,last,power,311,3016817
S2,train,US,last,roman,311,3016817
S2,train,US,last,debt,310,3016817
S2,train,US,last,horse,310,3016817
S2,train,US,last,irenic,310,3016817
S2,train,US,last,micro,310,3016817
S2,train,US,last,ofs,310,3016817
S2,train,US,last,waste,310,3016817
S2,train,US,last,metals,309,3016817
S2,train,US,last,oriental,309,3016817
S2,train,US,last,quantumsphere,309,3016817
S2,train,US,last,steel,309,3016817
S2,train,US,last,eco,308,3016817
S2,train,US,last,hotels,308,3016817
S2,train,US,last,imperial,308,3016817
S2,train,US,last,lafayette,308,3016817
S2,train,US,last,mae,308,3016817
S2,train,US,last,plains,308,3016817
S2,train,US,last,spruce,308,3016817
S2,train,US,last,third,308,3016817
S2,train,US,last,venture,308,3016817
S2,train,US,last,wheeler,308,3016817
S2,train,US,last,commodity,307,3016817
S2,train,US,last,idea,307,3016817
S2,train,US,last,reserve,307,3016817
S2,train,US,last,royalty,307,3016817
S2,train,US,last,sunshine,307,3016817
S2,train,US,last,century,306,3016817
S2,train,US,last,concord,306,3016817
S2,train,US,last,etf,306,3016817
S2,train,US,last,for,306,3016817
S2,train,US,last,imaging,306,3016817
S2,train,US,last,oak,306,3016817
S2,train,US,last,rre,306,3016817
S2,train,US,last,starry,306,3016817
S2,train,US,last,view,306,3016817
S2,train,US,last,chs,305,3016817
S2,train,US,last,crescent,305,3016817
S2,train,US,last,duke,305,3016817
S2,train,US,last,factory,305,3016817
S2,train,US,last,opportunity,305,3016817
S2,train,US,last,saratoga,305,3016817
S2,train,US,last,silverbox,305,3016817
S2,train,US,last,sony,305,3016817
S2,train,US,last,travel,305,3016817
S2,train,US,last,can,304,3016817
S2,train,US,last,cómpany,304,3016817
S2,train,US,last,enclave,304,3016817
S2,train,US,last,lincoln,304,3016817
S2,train,US,last,navigation,304,3016817
S2,train,US,last,aktiengesellschaft,303,3016817
S2,train,US,last,archimedes,303,3016817
S2,train,US,last,crane,303,3016817
S2,train,US,last,market,303,3016817
S2,train,US,last,mínistries,303,3016817
S2,train,US,last,sim,303,3016817
S2,train,US,last,stock,303,3016817
S2,train,US,last,fast,302,3016817
S2,train,US,last,high,302,3016817
S2,train,US,last,kimco,302,3016817
S2,train,US,last,mission,302,3016817
S2,train,US,last,purpose,302,3016817
S2,train,US,last,verde,302,3016817
S2,train,US,last,álliance,302,3016817
S2,train,US,last,antimony,301,3016817
S2,train,US,last,averin,301,3016817
S2,train,US,last,barclays,301,3016817
S2,train,US,last,invest,301,3016817
S2,train,US,last,jena,301,3016817
S2,train,US,last,providence,301,3016817
S2,train,US,last,rithm,301,3016817
S2,train,US,last,tech,301,3016817
S2,train,US,last,airlines,300,3016817
S2,train,US,last,aldel,300,3016817
S2,train,US,last,black,300,3016817
S2,train,US,last,burtech,300,3016817
S2,train,US,last,communities,300,3016817
S2,train,US,last,fields,300,3016817
S2,train,US,last,forefront,300,3016817
S2,train,US,last,internet,300,3016817
S2,train,US,last,lng,300,3016817
S2,train,US,last,renewable,300,3016817
S2,train,US,last,spire,300,3016817
S2,train,US,last,tinto,300,3016817
S2,train,US,last,xsolla,300,3016817
S2,train,US,last,abony,299,3016817
S2,train,US,last,americas,299,3016817
S2,train,US,last,athena,299,3016817
S2,train,US,last,brookfield,299,3016817
S2,train,US,last,chiron,299,3016817
S2,train,US,last,drugs,299,3016817
S2,train,US,last,islands,299,3016817
S2,train,US,last,maritime,299,3016817
S2,train,US,last,one,299,3016817
S2,train,US,last,oyj,299,3016817
S2,train,US,last,payroll,299,3016817
S2,train,US,last,physícians,299,3016817
S2,train,US,last,sanayi,299,3016817
S2,train,US,last,schwab,299,3016817
S2,train,US,last,seas,299,3016817
S2,train,US,last,states,299,3016817
S2,train,US,last,braves,298,3016817
S2,train,US,last,bridge,298,3016817
S2,train,US,last,buildings,298,3016817
S2,train,US,last,coca,298,3016817
S2,train,US,last,féllowship,298,3016817
S2,train,US,last,generating,298,3016817
S2,train,US,last,indonesia,298,3016817
S2,train,US,last,kkr,298,3016817
S2,train,US,last,mexico,298,3016817
S2,train,US,last,muniholdings,298,3016817
S2,train,US,last,paloma,298,3016817
S2,train,US,last,return,298,3016817
S2,train,US,last,token,298,3016817
S2,train,US,last,tower,298,3016817
S2,train,US,last,apartment,297,3016817
S2,train,US,last,connecticut,297,3016817
S2,train,US,last,crest,297,3016817
S2,train,US,last,culture,297,3016817
S2,train,US,last,globa,297,3016817
S2,train,US,last,hawaii,297,3016817
S2,train,US,last,latin,297,3016817
S2,train,US,last,markets,297,3016817
S2,train,US,last,ncr,297,3016817
S2,train,US,last,pan,297,3016817
S2,train,US,last,restaurants,297,3016817
S2,train,US,last,amc,296,3016817
S2,train,US,last,egh,296,3016817
S2,train,US,last,gaming,296,3016817
S2,train,US,last,iheartmedia,296,3016817
S2,train,US,last,imperii,296,3016817
S2,train,US,last,income,296,3016817
S2,train,US,last,ngl,296,3016817
S2,train,US,last,nmp,296,3016817
S2,train,US,last,storage,296,3016817
S2,train,US,last,ampercap,295,3016817
S2,train,US,last,applied,295,3016817
S2,train,US,last,bdc,295,3016817
S2,train,US,last,broadcast,295,3016817
S2,train,US,last,computing,295,3016817
S2,train,US,last,ellington,295,3016817
S2,train,US,last,galata,295,3016817
S2,train,US,last,growth,295,3016817
S2,train,US,last,healthy,295,3016817
S2,train,US,last,oil,295,3016817
S2,train,US,last,popular,295,3016817
S2,train,US,last,telephone,295,3016817
S2,train,US,last,brc,294,3016817
S2,train,US,last,corporate,294,3016817
S2,train,US,last,cross,294,3016817
S2,train,US,last,futurecrest,294,3016817
S2,train,US,last,innovation,294,3016817
S2,train,US,last,merchants,294,3016817
S2,train,US,last,next,294,3016817
S2,train,US,last,odyssey,294,3016817
S2,train,US,last,sports,294,3016817
S2,train,US,last,teucrium,294,3016817
S2,train,US,last,therapies,294,3016817
S2,train,US,last,compania,293,3016817
S2,train,US,last,end,293,3016817
S2,train,US,last,focus,293,3016817
S2,train,US,last,mines,293,3016817
S2,train,US,last,multimedia,293,3016817
S2,train,US,last,plutonian,293,3016817
S2,train,US,last,sierra,293,3016817
S2,train,US,last,apogee,292,3016817
S2,train,US,last,ashford,292,3016817
S2,train,US,last,cdt,292,3016817
S2,train,US,last,credit,292,3016817
S2,train,US,last,diagnostic,292,3016817
S2,train,US,last,flaherty,292,3016817
S2,train,US,last,lab,292,3016817
S2,train,US,last,mercator,292,3016817
S2,train,US,last,starwood,292,3016817
S2,train,US,last,synchrony,292,3016817
S2,train,US,last,thunder,292,3016817
S2,train,US,last,alchemy,291,3016817
S2,train,US,last,australia,291,3016817
S2,train,US,last,babcock,291,3016817
S2,train,US,last,disciplined,291,3016817
S2,train,US,last,dpc,291,3016817
S2,train,US,last,eagle,291,3016817
S2,train,US,last,encore,291,3016817
S2,train,US,last,land,291,3016817
S2,train,US,last,mobile,291,3016817
S2,train,US,last,music,291,3016817
S2,train,US,last,mustang,291,3016817
S2,train,US,last,news,291,3016817
S2,train,US,last,nutrition,291,3016817
S2,train,US,last,payments,291,3016817
S2,train,US,last,sanitation,291,3016817
S2,train,US,last,soulpower,291,3016817
S2,train,US,last,sunstone,291,3016817
S2,train,US,last,tidewater,291,3016817
S2,train,US,last,tree,291,3016817
S2,train,US,last,webster,291,3016817
S2,train,US,last,xflh,291,3016817
S2,train,US,last,xii,291,3016817
S2,train,US,last,alussa,290,3016817
S2,train,US,last,argentina,290,3016817
S2,train,US,last,beyond,290,3016817
S2,train,US,last,eaton,290,3016817
S2,train,US,last,genetics,290,3016817
S2,train,US,last,hovnanian,290,3016817
S2,train,US,last,krakacquisition,290,3016817
S2,train,US,last,loan,290,3016817
S2,train,US,last,mining,290,3016817
S2,train,US,last,nano,290,3016817
S2,train,US,last,nexus,290,3016817
S2,train,US,last,perfect,290,3016817
S2,train,US,last,short,290,3016817
S2,train,US,last,target,290,3016817
S2,train,US,last,viking,290,3016817
S2,train,US,last,acp,289,3016817
S2,train,US,last,allstate,289,3016817
S2,train,US,last,harvard,289,3016817
S2,train,US,last,martinez,289,3016817
S2,train,US,last,santander,289,3016817
S2,train,US,last,spdr,289,3016817
S2,train,US,last,special,289,3016817
S2,train,US,last,tokyo,289,3016817
S2,train,US,last,acres,288,3016817
S2,train,US,last,ares,288,3016817
S2,train,US,last,btc,288,3016817
S2,train,US,last,cherry,288,3016817
S2,train,US,last,eye,288,3016817
S2,train,US,last,five,288,3016817
S2,train,US,last,flex,288,3016817
S2,train,US,last,freedom,288,3016817
S2,train,US,last,harmony,288,3016817
S2,train,US,last,huntington,288,3016817
S2,train,US,last,institutions,288,3016817
S2,train,US,last,iris,288,3016817
S2,train,US,last,ishares,288,3016817
S2,train,US,last,light,288,3016817
S2,train,US,last,rare,288,3016817
S2,train,US,last,usa,288,3016817
S2,train,US,last,america,287,3016817
S2,train,US,last,box,287,3016817
S2,train,US,last,carolina,287,3016817
S2,train,US,last,chadwick,287,3016817
S2,train,US,last,colombier,287,3016817
S2,train,US,last,intercontinental,287,3016817
S2,train,US,last,parts,287,3016817
S2,train,US,last,portfolio,287,3016817
S2,train,US,last,proem,287,3016817
S2,train,US,last,prudential,287,3016817
S2,train,US,last,sun,287,3016817
S2,train,US,last,term,287,3016817
S2,train,US,last,texas,287,3016817
S2,train,US,last,vance,287,3016817
S2,train,US,last,alibaba,286,3016817
S2,train,US,last,chúrch,286,3016817
S2,train,US,last,convertible,286,3016817
S2,train,US,last,duration,286,3016817
S2,train,US,last,fidelity,286,3016817
S2,train,US,last,harbors,286,3016817
S2,train,US,last,interprivate,286,3016817
S2,train,US,last,quartzsea,286,3016817
S2,train,US,last,angel,285,3016817
S2,train,US,last,bankshares,285,3016817
S2,train,US,last,bio,285,3016817
S2,train,US,last,bond,285,3016817
S2,train,US,last,launchpad,285,3016817
S2,train,US,last,lodging,285,3016817
S2,train,US,last,navios,285,3016817
S2,train,US,last,newbridge,285,3016817
S2,train,US,last,permian,285,3016817
S2,train,US,last,praetorian,285,3016817
S2,train,US,last,steers,285,3016817
S2,train,US,last,vertical,285,3016817
S2,train,US,last,vornado,285,3016817
S2,train,US,last,yield,285,3016817
S2,train,US,last,acadia,284,3016817
S2,train,US,last,banc,284,3016817
S2,train,US,last,bancorporation,284,3016817
S2,train,US,last,chile,284,3016817
S2,train,US,last,copley,284,3016817
S2,train,US,last,evo,284,3016817
S2,train,US,last,ford,284,3016817
S2,train,US,last,futurewave,284,3016817
S2,train,US,last,independence,284,3016817
S2,train,US,last,inflection,284,3016817
S2,train,US,last,manulife,284,3016817
S2,train,US,last,mercury,284,3016817
S2,train,US,last,seneca,284,3016817
S2,train,US,last,siddhi,284,3016817
S2,train,US,last,triumph,284,3016817
S2,train,US,last,automobile,283,3016817
S2,train,US,last,cap,283,3016817
S2,train,US,last,graf,283,3016817
S2,train,US,last,information,283,3016817
S2,train,US,last,jaws,283,3016817
S2,train,US,last,mozayyx,283,3016817
S2,train,US,last,oaktree,283,3016817
S2,train,US,last,shreya,283,3016817
S2,train,US,last,tankers,283,3016817
S2,train,US,last,voya,283,3016817
S2,train,US,last,ássociation,283,3016817
S2,train,US,last,biopharma,282,3016817
S2,train,US,last,biosciences,282,3016817
S2,train,US,last,braemar,282,3016817
S2,train,US,last,cambridge,282,3016817
S2,train,US,last,critical,282,3016817
S2,train,US,last,daedalus,282,3016817
S2,train,US,last,earths,282,3016817
S2,train,US,last,gores,282,3016817
S2,train,US,last,minerals,282,3016817
S2,train,US,last,omega,282,3016817
S2,train,US,last,opportunities,282,3016817
S2,train,US,last,quasaredge,282,3016817
S2,train,US,last,residential,282,3016817
S2,train,US,last,silicon,282,3016817
S2,train,US,last,spac,282,3016817
S2,train,US,last,tailwind,282,3016817
S2,train,US,last,aria,281,3016817
S2,train,US,last,eastern,281,3016817
S2,train,US,last,enterprise,281,3016817
S2,train,US,last,frequency,281,3016817
S2,train,US,last,fresenius,281,3016817
S2,train,US,last,furniture,281,3016817
S2,train,US,last,lifestyle,281,3016817
S2,train,US,last,mckinley,281,3016817
S2,train,US,last,merger,281,3016817
S2,train,US,last,montage,281,3016817
S2,train,US,last,paper,281,3016817
S2,train,US,last,pattana,281,3016817
S2,train,US,last,pharma,281,3016817
S2,train,US,last,procap,281,3016817
S2,train,US,last,renaissancere,281,3016817
S2,train,US,last,republic,281,3016817
S2,train,US,last,alternative,280,3016817
S2,train,US,last,amplify,280,3016817
S2,train,US,last,bancorp,280,3016817
S2,train,US,last,blackstone,280,3016817
S2,train,US,last,circle,280,3016817
S2,train,US,last,dbdr,280,3016817
S2,train,US,last,fifth,280,3016817
S2,train,US,last,flexible,280,3016817
S2,train,US,last,fuels,280,3016817
S2,train,US,last,garden,280,3016817
S2,train,US,last,hernandez,280,3016817
S2,train,US,last,inpoint,280,3016817
S2,train,US,last,karman,280,3016817
S2,train,US,last,monte,280,3016817
S2,train,US,last,newbury,280,3016817
S2,train,US,last,nexera,280,3016817
S2,train,US,last,otg,280,3016817
S2,train,US,last,plus,280,3016817
S2,train,US,last,renatus,280,3016817
S2,train,US,last,rexford,280,3016817
S2,train,US,last,shore,280,3016817
S2,train,US,last,social,280,3016817
S2,train,US,last,solana,280,3016817
S2,train,US,last,spécialists,280,3016817
S2,train,US,last,two,280,3016817
S2,train,US,last,asa,279,3016817
S2,train,US,last,australian,279,3016817
S2,train,US,last,digitalbridge,279,3016817
S2,train,US,last,genomic,279,3016817
S2,train,US,last,homes,279,3016817
S2,train,US,last,oceanhawk,279,3016817
S2,train,US,last,oxley,279,3016817
S2,train,US,last,post,279,3016817
S2,train,US,last,real,279,3016817
S2,train,US,last,rodriguez,279,3016817
S2,train,US,last,sab,279,3016817
S2,train,US,last,stanley,279,3016817
S2,train,US,last,stifel,279,3016817
S2,train,US,last,vista,279,3016817
S2,train,US,last,5ervice,278,3016817
S2,train,US,last,automation,278,3016817
S2,train,US,last,bancshares,278,3016817
S2,train,US,last,cal,278,3016817
S2,train,US,last,cslm,278,3016817
S2,train,US,last,flag,278,3016817
S2,train,US,last,hydro,278,3016817
S2,train,US,last,managed,278,3016817
S2,train,US,last,opendoor,278,3016817
S2,train,US,last,presidio,278,3016817
S2,train,US,last,processing,278,3016817
S2,train,US,last,shanghai,278,3016817
S2,train,US,last,suisse,278,3016817
S2,train,US,last,suma,278,3016817
S2,train,US,last,wintergreen,278,3016817
S2,train,US,last,bain,277,3016817
S2,train,US,last,china,277,3016817
S2,train,US,last,crypto,277,3016817
S2,train,US,last,galaxyedge,277,3016817
S2,train,US,last,jersey,277,3016817
S2,train,US,last,kensington,277,3016817
S2,train,US,last,oxford,277,3016817
S2,train,US,last,pantages,277,3016817
S2,train,US,last,principal,277,3016817
S2,train,US,last,ramaco,277,3016817
S2,train,US,last,ship,277,3016817
S2,train,US,last,space,277,3016817
S2,train,US,last,starling,277,3016817
S2,train,US,last,transit,277,3016817
S2,train,US,last,allurion,276,3016817
S2,train,US,last,alpex,276,3016817
S2,train,US,last,beijing,276,3016817
S2,train,US,last,bitcoin,276,3016817
S2,train,US,last,boral,276,3016817
S2,train,US,last,cola,276,3016817
S2,train,US,last,fortress,276,3016817
S2,train,US,last,house,276,3016817
S2,train,US,last,lease,276,3016817
S2,train,US,last,sky,276,3016817
S2,train,US,last,source,276,3016817
S2,train,US,last,tavia,276,3016817
S2,train,US,last,up,276,3016817
S2,train,US,last,arrived,275,3016817
S2,train,US,last,bank,275,3016817
S2,train,US,last,carlyle,275,3016817
S2,train,US,last,cayman,275,3016817
S2,train,US,last,cayson,275,3016817
S2,train,US,last,cion,275,3016817
S2,train,US,last,clearthink,275,3016817
S2,train,US,last,diana,275,3016817
S2,train,US,last,dragon,275,3016817
S2,train,US,last,equipment,275,3016817
S2,train,US,last,good,275,3016817
S2,train,US,last,greenfire,275,3016817
S2,train,US,last,immersion,275,3016817
S2,train,US,last,immunopharma,275,3016817
S2,train,US,last,indigo,275,3016817
S2,train,US,last,intelligent,275,3016817
S2,train,US,last,lifesciences,275,3016817
S2,train,US,last,lightwave,275,3016817
S2,train,US,last,municipals,275,3016817
S2,train,US,last,optics,275,3016817
S2,train,US,last,oyster,275,3016817
S2,train,US,last,rail,275,3016817
S2,train,US,last,uranium,275,3016817
S2,train,US,last,agnc,274,3016817
S2,train,US,last,biracilik,274,3016817
S2,train,US,last,centers,274,3016817
S2,train,US,last,chesapeake,274,3016817
S2,train,US,last,dave,274,3016817
S2,train,US,last,elm,274,3016817
S2,train,US,last,galaxy,274,3016817
S2,train,US,last,kochav,274,3016817
S2,train,US,last,lion,274,3016817
S2,train,US,last,molecular,274,3016817
S2,train,US,last,octave,274,3016817
S2,train,US,last,pharmaceutical,274,3016817
S2,train,US,last,sumitomo,274,3016817
S2,train,US,last,talent,274,3016817
S2,train,US,last,tungsten,274,3016817
S2,train,US,last,york,274,3016817
S2,train,US,last,acquisitions,273,3016817
S2,train,US,last,andretti,273,3016817
S2,train,US,last,chase,273,3016817
S2,train,US,last,currencyshares,273,3016817
S2,train,US,last,diversified,273,3016817
S2,train,US,last,entergy,273,3016817
S2,train,US,last,idaho,273,3016817
S2,train,US,last,melar,273,3016817
S2,train,US,last,microelectronics,273,3016817
S2,train,US,last,mitsubishi,273,3016817
S2,train,US,last,premium,273,3016817
S2,train,US,last,sea,273,3016817
S2,train,US,last,stores,273,3016817
S2,train,US,last,triton,273,3016817
S2,train,US,last,utilities,273,3016817
S2,train,US,last,virginia,273,3016817
S2,train,US,last,wisekey,273,3016817
S2,train,US,last,íncorporated,273,3016817
S2,train,US,last,biotechnologies,272,3016817
S2,train,US,last,builders,272,3016817
S2,train,US,last,california,272,3016817
S2,train,US,last,calisa,272,3016817
S2,train,US,last,commodities,272,3016817
S2,train,US,last,esports,272,3016817
S2,train,US,last,holdco,272,3016817
S2,train,US,last,lifeco,272,3016817
S2,train,US,last,lithium,272,3016817
S2,train,US,last,mellon,272,3016817
S2,train,US,last,muniyield,272,3016817
S2,train,US,last,perimeter,272,3016817
S2,train,US,last,ultra,272,3016817
S2,train,US,last,wilco,272,3016817
S2,train,US,last,alto,271,3016817
S2,train,US,last,athene,271,3016817
S2,train,US,last,bluerock,271,3016817
S2,train,US,last,bread,271,3016817
S2,train,US,last,canadian,271,3016817
S2,train,US,last,costamare,271,3016817
S2,train,US,last,evolution,271,3016817
S2,train,US,last,interactive,271,3016817
S2,train,US,last,nexpoint,271,3016817
S2,train,US,last,polska,271,3016817
S2,train,US,last,quantum,271,3016817
S2,train,US,last,resorts,271,3016817
S2,train,US,last,translational,271,3016817
S2,train,US,last,wisconsin,271,3016817
S2,train,US,last,asia,270,3016817
S2,train,US,last,axiom,270,3016817
S2,train,US,last,biologics,270,3016817
S2,train,US,last,bitwise,270,3016817
S2,train,US,last,bynordic,270,3016817
S2,train,US,last,comstock,270,3016817
S2,train,US,last,crown,270,3016817
S2,train,US,last,crumrine,270,3016817
S2,train,US,last,defi,270,3016817
S2,train,US,last,dividend,270,3016817
S2,train,US,last,enbridge,270,3016817
S2,train,US,last,eqv,270,3016817
S2,train,US,last,european,270,3016817
S2,train,US,last,fortis,270,3016817
S2,train,US,last,joint,270,3016817
S2,train,US,last,labor,270,3016817
S2,train,US,last,lakeshore,270,3016817
S2,train,US,last,offshore,270,3016817
S2,train,US,last,pono,270,3016817
S2,train,US,last,rothschild,270,3016817
S2,train,US,last,sachs,270,3016817
S2,train,US,last,alpine,269,3016817
S2,train,US,last,aviation,269,3016817
S2,train,US,last,cbre,269,3016817
S2,train,US,last,future,269,3016817
S2,train,US,last,malt,269,3016817
S2,train,US,last,mid,269,3016817
S2,train,US,last,old,269,3016817
S2,train,US,last,open,269,3016817
S2,train,US,last,pearl,269,3016817
S2,train,US,last,rain,269,3016817
S2,train,US,last,telecommunication,269,3016817
S2,train,US,last,trinity,269,3016817
S2,train,US,last,algonquin,268,3016817
S2,train,US,last,alphabet,268,3016817
S2,train,US,last,breeze,268,3016817
S2,train,US,last,citizens,268,3016817
S2,train,US,last,grayscale,268,3016817
S2,train,US,last,living,268,3016817
S2,train,US,last,pineapple,268,3016817
S2,train,US,last,rush,268,3016817
S2,train,US,last,stellar,268,3016817
S2,train,US,last,sui,268,3016817
S2,train,US,last,therapeutics,268,3016817
S2,train,US,last,vine,268,3016817
S2,train,US,last,beauty,267,3016817
S2,train,US,last,coinshares,267,3016817
S2,train,US,last,figx,267,3016817
S2,train,US,last,lionheart,267,3016817
S2,train,US,last,lopez,267,3016817
S2,train,US,last,nevada,267,3016817
S2,train,US,last,pgim,267,3016817
S2,train,US,last,resilience,267,3016817
S2,train,US,last,series,267,3016817
S2,train,US,last,sound,267,3016817
S2,train,US,last,abacus,266,3016817
S2,train,US,last,biopharmaceuticals,266,3016817
S2,train,US,last,blackrock,266,3016817
S2,train,US,last,brighthouse,266,3016817
S2,train,US,last,catalyst,266,3016817
S2,train,US,last,centurion,266,3016817
S2,train,US,last,emerging,266,3016817
S2,train,US,last,generation,266,3016817
S2,train,US,last,genesis,266,3016817
S2,train,US,last,guardian,266,3016817
S2,train,US,last,maywood,266,3016817
S2,train,US,last,pampa,266,3016817
S2,train,US,last,pennantpark,266,3016817
S2,train,US,last,photonics,266,3016817
S2,train,US,last,rice,266,3016817
S2,train,US,last,solarius,266,3016817
S2,train,US,last,solid,266,3016817
S2,train,US,last,activate,265,3016817
S2,train,US,last,aluminum,265,3016817
S2,train,US,last,dominion,265,3016817
S2,train,US,last,element,265,3016817
S2,train,US,last,magna,265,3016817
S2,train,US,last,midland,265,3016817
S2,train,US,last,neighborhood,265,3016817
S2,train,US,last,northland,265,3016817
S2,train,US,last,nuveen,265,3016817
S2,train,US,last,rivernorth,265,3016817
S2,train,US,last,spark,265,3016817
S2,train,US,last,twin,265,3016817
S2,train,US,last,zhejiang,265,3016817
S2,train,US,last,arch,264,3016817
S2,train,US,last,cms,264,3016817
S2,train,US,last,medicines,264,3016817
S2,train,US,last,obic,264,3016817
S2,train,US,last,pebblebrook,264,3016817
S2,train,US,last,pegasus,264,3016817
S2,train,US,last,pyrophyte,264,3016817
S2,train,US,last,reit,264,3016817
S2,train,US,last,shipping,264,3016817
S2,train,US,last,sizzle,264,3016817
S2,train,US,last,viii,264,3016817
S2,train,US,last,cable,263,3016817
S2,train,US,last,deep,263,3016817
S2,train,US,last,dynamix,263,3016817
S2,train,US,last,edison,263,3016817
S2,train,US,last,ftai,263,3016817
S2,train,US,last,guggenheim,263,3016817
S2,train,US,last,illumination,263,3016817
S2,train,US,last,legato,263,3016817
S2,train,US,last,metlife,263,3016817
S2,train,US,last,newtekone,263,3016817
S2,train,US,last,royalties,263,3016817
S2,train,US,last,sachem,263,3016817
S2,train,US,last,sunrise,263,3016817
S2,train,US,last,terra,263,3016817
S2,train,US,last,tribeca,263,3016817
S2,train,US,last,citigroup,262,3016817
S2,train,US,last,constellation,262,3016817
S2,train,US,last,kodiak,262,3016817
S2,train,US,last,pipeline,262,3016817
S2,train,US,last,platforms,262,3016817
S2,train,US,last,priority,262,3016817
S2,train,US,last,ribbon,262,3016817
S2,train,US,last,solution,262,3016817
S2,train,US,last,vehicle,262,3016817
S2,train,US,last,allocation,261,3016817
S2,train,US,last,artificial,261,3016817
S2,train,US,last,bold,261,3016817
S2,train,US,last,efes,261,3016817
S2,train,US,last,meshflow,261,3016817
S2,train,US,last,neurosciences,261,3016817
S2,train,US,last,nuclear,261,3016817
S2,train,US,last,pony,261,3016817
S2,train,US,last,renewables,261,3016817
S2,train,US,last,resolution,261,3016817
S2,train,US,last,square,261,3016817
S2,train,US,last,standard,261,3016817
S2,train,US,last,acquisition,260,3016817
S2,train,US,last,banco,260,3016817
S2,train,US,last,dte,260,3016817
S2,train,US,last,fortunex,260,3016817
S2,train,US,last,money,260,3016817
S2,train,US,last,muzero,260,3016817
S2,train,US,last,resource,260,3016817
S2,train,US,last,soren,260,3016817
S2,train,US,last,textile,260,3016817
S2,train,US,last,vendome,260,3016817
S2,train,US,last,avalanche,259,3016817
S2,train,US,last,berkley,259,3016817
S2,train,US,last,churchill,259,3016817
S2,train,US,last,epr,259,3016817
S2,train,US,last,fannie,259,3016817
S2,train,US,last,jpmorgan,259,3016817
S2,train,US,last,launch,259,3016817
S2,train,US,last,origin,259,3016817
S2,train,US,last,osisko,259,3016817
S2,train,US,last,peace,259,3016817
S2,train,US,last,pimco,259,3016817
S2,train,US,last,top,259,3016817
S2,train,US,last,velos,259,3016817
S2,train,US,last,alpha,258,3016817
S2,train,US,last,pembina,258,3016817
S2,train,US,last,plum,258,3016817
S2,train,US,last,regency,258,3016817
S2,train,US,last,spartacus,258,3016817
S2,train,US,last,taiwan,258,3016817
S2,train,US,last,thayer,258,3016817
S2,train,US,last,anderson,257,3016817
S2,train,US,last,core,257,3016817
S2,train,US,last,enhanced,257,3016817
S2,train,US,last,hawk,257,3016817
S2,train,US,last,ithax,257,3016817
S2,train,US,last,natural,257,3016817
S2,train,US,last,nippon,257,3016817
S2,train,US,last,royce,257,3016817
S2,train,US,last,spade,257,3016817
S2,train,US,last,staking,257,3016817
S2,train,US,last,taxable,257,3016817
S2,train,US,last,tge,257,3016817
S2,train,US,last,tsakos,257,3016817
S2,train,US,last,water,257,3016817
S2,train,US,last,annuities,256,3016817
S2,train,US,last,armour,256,3016817
S2,train,US,last,dime,256,3016817
S2,train,US,last,fuse,256,3016817
S2,train,US,last,no,256,3016817
S2,train,US,last,orange,256,3016817
S2,train,US,last,precious,256,3016817
S2,train,US,last,range,256,3016817
S2,train,US,last,rising,256,3016817
S2,train,US,last,safeguard,256,3016817
S2,train,US,last,vaneck,256,3016817
S2,train,US,last,biotechnology,255,3016817
S2,train,US,last,consolidated,255,3016817
S2,train,US,last,copper,255,3016817
S2,train,US,last,doubleline,255,3016817
S2,train,US,last,earth,255,3016817
S2,train,US,last,fargo,255,3016817
S2,train,US,last,floating,255,3016817
S2,train,US,last,futurecorp,255,3016817
S2,train,US,last,illinois,255,3016817
S2,train,US,last,miluna,255,3016817
S2,train,US,last,telefonica,255,3016817
S2,train,US,last,drilling,254,3016817
S2,train,US,last,electronic,254,3016817
S2,train,US,last,exchange,254,3016817
S2,train,US,last,proshares,254,3016817
S2,train,US,last,regions,254,3016817
S2,train,US,last,runway,254,3016817
S2,train,US,last,securities,254,3016817
S2,train,US,last,southwest,254,3016817
S2,train,US,last,tbk,254,3016817
S2,train,US,last,western,254,3016817
S2,train,US,last,advantage,253,3016817
S2,train,US,last,ameren,253,3016817
S2,train,US,last,bioworks,253,3016817
S2,train,US,last,brand,253,3016817
S2,train,US,last,broadband,253,3016817
S2,train,US,last,cell,253,3016817
S2,train,US,last,insight,253,3016817
S2,train,US,last,invesco,253,3016817
S2,train,US,last,investors,253,3016817
S2,train,US,last,mitsui,253,3016817
S2,train,US,last,newhold,253,3016817
S2,train,US,last,northwest,253,3016817
S2,train,US,last,onfolio,253,3016817
S2,train,US,last,peoples,253,3016817
S2,train,US,last,saul,253,3016817
S2,train,US,last,strategies,253,3016817
S2,train,US,last,aberdeen,252,3016817
S2,train,US,last,aimei,252,3016817
S2,train,US,last,arbor,252,3016817
S2,train,US,last,chárities,252,3016817
S2,train,US,last,devices,252,3016817
S2,train,US,last,gesher,252,3016817
S2,train,US,last,kgaa,252,3016817
S2,train,US,last,virtus,252,3016817
S2,train,US,last,ínstitute,252,3016817
S2,train,US,last,aegon,251,3016817
S2,train,US,last,atlanticus,251,3016817
S2,train,US,last,dollar,251,3016817
S2,train,US,last,dome,251,3016817
S2,train,US,last,fuel,251,3016817
S2,train,US,last,hennessy,251,3016817
S2,train,US,last,hyperliquid,251,3016817
S2,train,US,last,kongsberg,251,3016817
S2,train,US,last,liquidity,251,3016817
S2,train,US,last,dogecoin,250,3016817
S2,train,US,last,farmers,250,3016817
S2,train,US,last,table,250,3016817
S2,train,US,last,vulcan,250,3016817
S2,train,US,last,affiliated,249,3016817
S2,train,US,last,aldabra,249,3016817
S2,train,US,last,beverage,249,3016817
S2,train,US,last,energetics,249,3016817
S2,train,US,last,estate,249,3016817
S2,train,US,last,grade,249,3016817
S2,train,US,last,infinite,249,3016817
S2,train,US,last,john,249,3016817
S2,train,US,last,l1c,249,3016817
S2,train,US,last,outdoor,249,3016817
S2,train,US,last,prógram,249,3016817
S2,train,US,last,rockwool,249,3016817
S2,train,US,last,universal,249,3016817
S2,train,US,last,utility,249,3016817
S2,train,US,last,altenergy,248,3016817
S2,train,US,last,chimera,248,3016817
S2,train,US,last,connection,248,3016817
S2,train,US,last,fúnd,248,3016817
S2,train,US,last,greenland,248,3016817
S2,train,US,last,kpet,248,3016817
S2,train,US,last,ligand,248,3016817
S2,train,US,last,planet,248,3016817
S2,train,US,last,specialty,248,3016817
S2,train,US,last,alliancebernstein,247,3016817
S2,train,US,last,aspac,247,3016817
S2,train,US,last,c0rp,247,3016817
S2,train,US,last,gold,247,3016817
S2,train,US,last,intermediate,247,3016817
S2,train,US,last,kogyo,247,3016817
S2,train,US,last,managers,247,3016817
S2,train,US,last,midcap,247,3016817
S2,train,US,last,neuberger,247,3016817
S2,train,US,last,oneim,247,3016817
S2,train,US,last,valuence,247,3016817
S2,train,US,last,allspring,246,3016817
S2,train,US,last,armada,246,3016817
S2,train,US,last,bleichroeder,246,3016817
S2,train,US,last,eureka,246,3016817
S2,train,US,last,safety,246,3016817
S2,train,US,last,southern,246,3016817
S2,train,US,last,youth,246,3016817
S2,train,US,last,ínitiative,246,3016817
S2,train,US,last,anadolu,245,3016817
S2,train,US,last,briacell,245,3016817
S2,train,US,last,controls,245,3016817
S2,train,US,last,highview,245,3016817
S2,train,US,last,léague,245,3016817
S2,train,US,last,machines,245,3016817
S2,train,US,last,nétwork,245,3016817
S2,train,US,last,trailblazer,245,3016817
S2,train,US,last,twelve,245,3016817
S2,train,US,last,xcel,245,3016817
S2,train,US,last,allegro,244,3016817
S2,train,US,last,banking,244,3016817
S2,train,US,last,bulkers,244,3016817
S2,train,US,last,charlton,244,3016817
S2,train,US,last,cyber,244,3016817
S2,train,US,last,exploration,244,3016817
S2,train,US,last,pelican,244,3016817
S2,train,US,last,railway,244,3016817
S2,train,US,last,solar,244,3016817
S2,train,US,last,british,243,3016817
S2,train,US,last,calamos,243,3016817
S2,train,US,last,capstone,243,3016817
S2,train,US,last,cartesian,243,3016817
S2,train,US,last,emera,243,3016817
S2,train,US,last,industrials,243,3016817
S2,train,US,last,art,242,3016817
S2,train,US,last,games,242,3016817
S2,train,US,last,gúild,242,3016817
S2,train,US,last,made,242,3016817
S2,train,US,last,spacsphere,242,3016817
S2,train,US,last,stonebridge,242,3016817
S2,train,US,last,strategy,242,3016817
S2,train,US,last,treasury,242,3016817
S2,train,US,last,wilson,242,3016817
S2,train,US,last,equitable,241,3016817
S2,train,US,last,general,241,3016817
S2,train,US,last,gonzalez,241,3016817
S2,train,US,last,index,241,3016817
S2,train,US,last,noble,241,3016817
S2,train,US,last,pennymac,241,3016817
S2,train,US,last,polestar,241,3016817
S2,train,US,last,fact,240,3016817
S2,train,US,last,gabelli,240,3016817
S2,train,US,last,giant,240,3016817
S2,train,US,last,hologram,240,3016817
S2,train,US,last,quetta,240,3016817
S2,train,US,last,thomas,240,3016817
S2,train,US,last,workshop,240,3016817
S2,train,US,last,berto,239,3016817
S2,train,US,last,chenghe,239,3016817
S2,train,US,last,private,239,3016817
S2,train,US,last,sóciety,239,3016817
S2,train,US,last,toyo,239,3016817
S2,train,US,last,arrow,238,3016817
S2,train,US,last,guaranty,238,3016817
S2,train,US,last,partnership,238,3016817
S2,train,US,last,spectral,238,3016817
S2,train,US,last,winvest,238,3016817
S2,train,US,last,clough,237,3016817
S2,train,US,last,keen,237,3016817
S2,train,US,last,talon,237,3016817
S2,train,US,last,transition,237,3016817
S2,train,US,last,cadenza,236,3016817
S2,train,US,last,karbon,236,3016817
S2,train,US,last,scientific,236,3016817
S2,train,US,last,array,235,3016817
S2,train,US,last,bhav,235,3016817
S2,train,US,last,online,235,3016817
S2,train,US,last,chain,234,3016817
S2,train,US,last,impact,234,3016817
S2,train,US,last,nextera,234,3016817
S2,train,US,last,bioscience,233,3016817
S2,train,US,last,lloyds,233,3016817
S2,train,US,last,moore,233,3016817
S2,train,US,last,rocket,233,3016817
S2,train,US,last,grid,232,3016817
S2,train,US,last,grifols,232,3016817
S2,train,US,last,hotel,232,3016817
S2,train,US,last,law,232,3016817
S2,train,US,last,super,232,3016817
S2,train,US,last,altisource,231,3016817
S2,train,US,last,taylor,231,3016817
S2,train,US,last,rent,230,3016817
S2,train,US,last,bumrungrad,229,3016817
S2,train,US,last,perez,229,3016817
S2,train,US,last,gravity,228,3016817
S2,train,US,last,gamco,227,3016817
S2,train,US,last,municipal,227,3016817
S2,train,US,last,presbyterian,227,3016817
S2,train,US,last,gladstone,226,3016817
S2,train,US,last,vernal,226,3016817
S2,train,US,last,u,225,3016817
S2,train,US,last,ass0ciates,224,3016817
S2,train,US,last,lee,224,3016817
S2,train,US,last,lutheran,224,3016817
S2,train,US,last,cóuncil,223,3016817
S2,train,US,last,pediatric,223,3016817
S2,train,US,last,féderation,222,3016817
S2,train,US,last,goldman,222,3016817
S2,train,US,last,próject,221,3016817
S2,train,US,last,cannabis,220,3016817
S2,train,US,last,annaly,218,3016817
S2,train,US,last,dog,218,3016817
S2,train,US,last,arcelormittal,217,3016817
S2,train,US,last,fóundation,217,3016817
S2,train,US,last,food,216,3016817
S2,train,US,last,6roup,215,3016817
S2,train,US,last,catholic,214,3016817
S2,train,US,last,senior,214,3016817
S2,train,US,last,ácademy,212,3016817
S2,train,US,last,adamas,211,3016817
S2,train,US,last,cóalition,211,3016817
S2,train,US,last,methodist,211,3016817
S2,train,US,last,transalta,210,3016817
S2,train,US,last,cómmittee,207,3016817
S2,train,US,last,ce,205,3016817
S2,train,US,last,tactical,205,3016817
S2,train,US,last,déli,204,3016817
S2,train,US,last,mássage,202,3016817
S3,test,France,first,maison,16550,731615
S3,test,France,first,sarl,13951,731615
S3,test,France,first,ets,12101,731615
S3,test,France,first,bordeaux,11848,731615
S3,test,France,first,établissements,11842,731615
S3,test,France,first,club,10347,731615
S3,test,France,first,nantes,10286,731615
S3,test,France,first,amicale,9970,731615
S3,test,France,first,centre,9769,731615
S3,test,France,first,lille,9617,731615
S3,test,France,first,sas,9449,731615
S3,test,France,first,association,9384,731615
S3,test,France,first,union,9281,731615
S3,test,France,first,école,9264,731615
S3,test,France,first,comité,9240,731615
S3,test,France,first,fédération,9183,731615
S3,test,France,first,saint,6047,731615
S3,test,France,first,la,5380,731615
S3,test,France,first,pharmacie,5128,731615
S3,test,France,first,lycée,5049,731615
S3,test,France,first,clinique,5009,731615
S3,test,France,first,tourcoing,4942,731615
S3,test,France,first,institut,4910,731615
S3,test,France,first,collège,4877,731615
S3,test,France,first,dunkerque,4797,731615
S3,test,France,first,roubaix,4793,731615
S3,test,France,first,ehpad,4692,731615
S3,test,France,first,calais,4465,731615
S3,test,France,first,s,3709,731615
S3,test,France,first,eurl,3668,731615
S3,test,France,first,pessac,3448,731615
S3,test,France,first,deleves,3296,731615
S3,test,France,first,sa,2971,731615
S3,test,France,first,mérignac,2958,731615
S3,test,France,first,team,2645,731615
S3,test,France,first,sasu,2595,731615
S3,test,France,first,lège,2321,731615
S3,test,France,first,chasse,2305,731615
S3,test,France,first,sci,2279,731615
S3,test,France,first,pornic,2269,731615
S3,test,France,first,communale,2077,731615
S3,test,France,first,cercle,1656,731615
S3,test,France,first,publique,1515,731615
S3,test,France,first,nationale,1414,731615
S3,test,France,first,sapeurs,1361,731615
S3,test,France,first,tennis,1314,731615
S3,test,France,first,defense,1298,731615
S3,test,France,first,developpement,1279,731615
S3,test,France,first,departemental,1060,731615
S3,test,France,first,socio,994,731615
S3,test,France,first,demployeurs,964,731615
S3,test,France,first,departementale,964,731615
S3,test,France,first,saad,947,731615
S3,test,France,first,financement,906,731615
S3,test,France,first,privée,889,731615
S3,test,France,first,football,886,731615
S3,test,France,first,personnel,885,731615
S3,test,France,first,ensemble,877,731615
S3,test,France,first,arts,842,731615
S3,test,France,first,lecole,833,731615
S3,test,France,first,eleves,829,731615
S3,test,France,first,chasseurs,827,731615
S3,test,France,first,francaise,819,731615
S3,test,France,first,promotion,819,731615
S3,test,France,first,solidarite,813,731615
S3,test,France,first,art,798,731615
S3,test,France,first,ei,771,731615
S3,test,France,first,formation,766,731615
S3,test,France,first,snc,760,731615
S3,test,France,first,sàrl,759,731615
S3,test,France,first,the,752,731615
S3,test,France,first,commercants,748,731615
S3,test,France,first,e,748,731615
S3,test,France,first,de,738,731615
S3,test,France,first,ecole,738,731615
S3,test,France,first,france,732,731615
S3,test,France,first,locale,729,731615
S3,test,France,first,combattants,714,731615
S3,test,France,first,comite,714,731615
S3,test,France,first,enfants,705,731615
S3,test,France,first,locataires,705,731615
S3,test,France,first,aide,696,731615
S3,test,France,first,jeunesse,693,731615
S3,test,France,first,bureau,687,731615
S3,test,France,first,petanque,676,731615
S3,test,France,first,usep,676,731615
S3,test,France,first,groupe,674,731615
S3,test,France,first,sauvegarde,671,731615
S3,test,France,first,accueil,660,731615
S3,test,France,first,classe,654,731615
S3,test,France,first,sports,653,731615
S3,test,France,first,familles,630,731615
S3,test,France,first,reseau,629,731615
S3,test,France,first,familiale,625,731615
S3,test,France,first,scolaire,609,731615
S3,test,France,first,petits,606,731615
S3,test,France,first,judo,604,731615
S3,test,France,first,lbm,587,731615
S3,test,France,first,action,583,731615
S3,test,France,first,vie,581,731615
S3,test,France,first,etudiants,574,731615
S3,test,France,first,jardins,570,731615
S3,test,France,first,vivre,570,731615
S3,test,France,first,coeur,567,731615
S3,test,France,first,du,566,731615
S3,test,France,first,bien,564,731615
S3,test,France,first,gymnastique,561,731615
S3,test,France,first,développement,551,731615
S3,test,France,first,laique,534,731615
S3,test,France,first,tous,529,731615
S3,test,France,first,rural,527,731615
S3,test,France,first,amis,526,731615
S3,test,France,first,sportive,522,731615
S3,test,France,first,regionale,520,731615
S3,test,France,first,latelier,516,731615
S3,test,France,first,recherche,516,731615
S3,test,France,first,boule,515,731615
S3,test,France,first,services,506,731615
S3,test,France,first,organisme,502,731615
S3,test,France,first,lassociation,500,731615
S3,test,France,first,4l,496,731615
S3,test,France,first,franco,487,731615
S3,test,France,first,moto,486,731615
S3,test,France,first,entente,483,731615
S3,test,France,first,danimation,476,731615
S3,test,France,first,eglise,474,731615
S3,test,France,first,jumelage,473,731615
S3,test,France,first,ptits,467,731615
S3,test,France,first,enseignement,464,731615
S3,test,France,first,local,463,731615
S3,test,France,first,soutien,462,731615
S3,test,France,first,cie,458,731615
S3,test,France,first,mouvement,452,731615
S3,test,France,first,classes,449,731615
S3,test,France,first,st,447,731615
S3,test,France,first,mam,438,731615
S3,test,France,first,terre,436,731615
S3,test,France,first,office,433,731615
S3,test,France,first,international,431,731615
S3,test,France,first,agreee,430,731615
S3,test,France,first,espace,430,731615
S3,test,France,first,femmes,425,731615
S3,test,France,first,ligue,425,731615
S3,test,France,first,yoga,421,731615
S3,test,France,first,protection,420,731615
S3,test,France,first,syndicat,416,731615
S3,test,France,first,as,414,731615
S3,test,France,first,cc,411,731615
S3,test,France,first,proprietaires,400,731615
S3,test,France,first,racing,394,731615
S3,test,France,first,personnels,389,731615
S3,test,France,first,retraites,389,731615
S3,test,France,first,avenir,387,731615
S3,test,France,first,petit,386,731615
S3,test,France,first,regional,386,731615
S3,test,France,first,quartier,379,731615
S3,test,France,first,lamitie,376,731615
S3,test,France,first,parents,373,731615
S3,test,France,first,alliance,372,731615
S3,test,France,first,ca,370,731615
S3,test,France,first,jardin,368,731615
S3,test,France,first,primaire,368,731615
S3,test,France,first,riverains,368,731615
S3,test,France,first,des,366,731615
S3,test,France,first,gym,366,731615
S3,test,France,first,associations,361,731615
S3,test,France,first,cooperative,360,731615
S3,test,France,first,lyceens,359,731615
S3,test,France,first,nature,359,731615
S3,test,France,first,ma,358,731615
S3,test,France,first,academie,356,731615
S3,test,France,first,peche,355,731615
S3,test,France,first,mission,351,731615
S3,test,France,first,lamicale,350,731615
S3,test,France,first,cap,342,731615
S3,test,France,first,conscrits,334,731615
S3,test,France,first,temps,334,731615
S3,test,France,first,fil,330,731615
S3,test,France,first,deducation,323,731615
S3,test,France,first,sociale,317,731615
S3,test,France,first,ass,313,731615
S3,test,France,first,communaute,313,731615
S3,test,France,first,pole,313,731615
S3,test,France,first,professionnel,312,731615
S3,test,France,first,daide,308,731615
S3,test,France,first,sud,306,731615
S3,test,France,first,val,305,731615
S3,test,France,first,karate,301,731615
S3,test,France,first,te,300,731615
S3,test,France,first,amitie,297,731615
S3,test,France,first,radio,295,731615
S3,test,France,first,voix,295,731615
S3,test,France,first,fetes,293,731615
S3,test,France,first,passion,292,731615
S3,test,France,first,societe,291,731615
S3,test,France,first,bde,290,731615
S3,test,France,first,confrerie,285,731615
S3,test,France,first,sos,283,731615
S3,test,France,first,circonscription,281,731615
S3,test,France,first,espoir,281,731615
S3,test,France,first,pas,281,731615
S3,test,France,first,pc,281,731615
S3,test,France,first,ape,280,731615
S3,test,France,first,aines,279,731615
S3,test,France,first,main,279,731615
S3,test,France,first,agir,277,731615
S3,test,France,first,mc,276,731615
S3,test,France,first,basket,275,731615
S3,test,France,first,internationale,275,731615
S3,test,France,first,fc,273,731615
S3,test,France,first,msp,273,731615
S3,test,France,first,lc,272,731615
S3,test,France,first,ac,269,731615
S3,test,France,first,maternelle,265,731615
S3,test,France,first,oeuvres,265,731615
S3,test,France,first,professionnels,262,731615
S3,test,France,first,anciens,260,731615
S3,test,France,first,artisans,259,731615
S3,test,France,first,petites,259,731615
S3,test,France,first,ogec,257,731615
S3,test,France,first,intercommunale,255,731615
S3,test,France,first,chorale,254,731615
S3,test,France,first,animation,253,731615
S3,test,France,first,organisation,253,731615
S3,test,France,first,soleil,251,731615
S3,test,France,first,velo,251,731615
S3,test,France,first,detudes,250,731615
S3,test,France,first,dinteret,250,731615
S3,test,France,first,lions,250,731615
S3,test,France,first,commune,249,731615
S3,test,France,first,educatif,249,731615
S3,test,France,first,harmonie,249,731615
S3,test,France,first,tout,249,731615
S3,test,France,first,compagnie,248,731615
S3,test,France,first,generation,248,731615
S3,test,France,first,moulin,248,731615
S3,test,France,first,studio,248,731615
S3,test,France,first,pecheurs,247,731615
S3,test,France,first,privé,246,731615
S3,test,France,first,relais,245,731615
S3,test,France,first,sc,245,731615
S3,test,France,first,etoile,244,731615
S3,test,France,first,cultuelle,243,731615
S3,test,France,first,dentraide,243,731615
S3,test,France,first,college,242,731615
S3,test,France,first,secours,242,731615
S3,test,France,first,social,242,731615
S3,test,France,first,musee,241,731615
S3,test,France,first,rallye,240,731615
S3,test,France,first,editions,238,731615
S3,test,France,first,music,238,731615
S3,test,France,first,supporters,238,731615
S3,test,France,first,chateau,237,731615
S3,test,France,first,autonomie,235,731615
S3,test,France,first,rotary,235,731615
S3,test,France,first,village,233,731615
S3,test,France,first,badminton,231,731615
S3,test,France,first,dans,231,731615
S3,test,France,first,musicale,229,731615
S3,test,France,first,dentaire,228,731615
S3,test,France,first,ecoles,228,731615
S3,test,France,first,entre,228,731615
S3,test,France,first,cmp,227,731615
S3,test,France,first,lart,227,731615
S3,test,France,first,hebergement,226,731615
S3,test,France,first,sad,226,731615
S3,test,France,first,festival,225,731615
S3,test,France,first,memoire,225,731615
S3,test,France,first,cs,224,731615
S3,test,France,first,famille,222,731615
S3,test,France,first,francais,222,731615
S3,test,France,first,generations,222,731615
S3,test,France,first,bc,221,731615
S3,test,France,first,choeur,221,731615
S3,test,France,first,don,221,731615
S3,test,France,first,loisirs,220,731615
S3,test,France,first,lenseignement,219,731615
S3,test,France,first,marche,219,731615
S3,test,France,first,tc,219,731615
S3,test,France,first,entraide,218,731615
S3,test,France,first,sante,218,731615
S3,test,France,first,trois,217,731615
S3,test,France,first,cavaliers,214,731615
S3,test,France,first,horizon,214,731615
S3,test,France,first,sou,214,731615
S3,test,France,first,coordination,213,731615
S3,test,France,first,in,212,731615
S3,test,France,first,federation,210,731615
S3,test,France,first,culturelle,209,731615
S3,test,France,first,donneurs,209,731615
S3,test,France,first,ec,207,731615
S3,test,France,first,bois,206,731615
S3,test,France,first,cyclo,206,731615
S3,test,France,first,tir,205,731615
S3,test,France,first,cf,204,731615
S3,test,France,first,rc,204,731615
S3,test,France,first,cpts,203,731615
S3,test,France,first,ailes,202,731615
S3,test,France,first,al,202,731615
S3,test,France,first,admr,201,731615
S3,test,France,first,hubert,201,731615
S3,test,France,first,creation,200,731615
S3,test,France,first,dc,200,731615
S3,test,France,first,inter,200,731615
S3,test,France,last,sarl,116201,731615
S3,test,France,last,sas,81901,731615
S3,test,France,last,eurl,34682,731615
S3,test,France,last,sa,29090,731615
S3,test,France,last,sasu,26322,731615
S3,test,France,last,com,25104,731615
S3,test,France,last,sci,23291,731615
S3,test,France,last,france,18650,731615
S3,test,France,last,groupe,12943,731615
S3,test,France,last,fils,12622,731615
S3,test,France,last,s,12419,731615
S3,test,France,last,club,11853,731615
S3,test,France,last,développement,11506,731615
S3,test,France,last,l,10374,731615
S3,test,France,last,cie,7284,731615
S3,test,France,last,participations,6981,731615
S3,test,France,last,ecole,6921,731615
S3,test,France,last,holding,6863,731615
S3,test,France,last,international,6803,731615
S3,test,France,last,distribution,6756,731615
S3,test,France,last,amicale,6735,731615
S3,test,France,last,comite,6379,731615
S3,test,France,last,snc,5809,731615
S3,test,France,last,sàrl,5726,731615
S3,test,France,last,ei,5639,731615
S3,test,France,last,services,5561,731615
S3,test,France,last,sportive,5234,731615
S3,test,France,last,associés,5164,731615
S3,test,France,last,amis,4451,731615
S3,test,France,last,centre,3952,731615
S3,test,France,last,a,3614,731615
S3,test,France,last,i,3586,731615
S3,test,France,last,parents,3433,731615
S3,test,France,last,union,3427,731615
S3,test,France,last,u,3159,731615
S3,test,France,last,primaire,2925,731615
S3,test,France,last,societe,2656,731615
S3,test,France,last,fetes,2539,731615
S3,test,France,last,maison,2440,731615
S3,test,France,last,pharmacie,2403,731615
S3,test,France,last,anciens,2334,731615
S3,test,France,last,compagnie,2327,731615
S3,test,France,last,loisirs,2233,731615
S3,test,France,last,frères,2115,731615
S3,test,France,last,college,1978,731615
S3,test,France,last,sante,1957,731615
S3,test,France,last,maternelle,1940,731615
S3,test,France,last,jean,1939,731615
S3,test,France,last,culturelle,1819,731615
S3,test,France,last,federation,1779,731615
S3,test,France,last,jeunes,1741,731615
S3,test,France,last,groupement,1735,731615
S3,test,France,last,sport,1727,731615
S3,test,France,last,sainte,1721,731615
S3,test,France,last,foyer,1599,731615
S3,test,France,last,culture,1506,731615
S3,test,France,last,élémentaire,1448,731615
S3,test,France,last,section,1409,731615
S3,test,France,last,de,1237,731615
S3,test,France,last,collectif,1236,731615
S3,test,France,last,collège,1197,731615
S3,test,France,last,service,1187,731615
S3,test,France,last,lycee,1123,731615
S3,test,France,last,pierre,1079,731615
S3,test,France,last,institut,1054,731615
S3,test,France,last,gestion,1001,731615
S3,test,France,last,notre,969,731615
S3,test,France,last,patrimoine,932,731615
S3,test,France,last,residence,926,731615
S3,test,France,last,danse,912,731615
S3,test,France,last,du,910,731615
S3,test,France,last,dame,902,731615
S3,test,France,last,musique,882,731615
S3,test,France,last,ehpad,879,731615
S3,test,France,last,enterprises,843,731615
S3,test,France,last,marie,783,731615
S3,test,France,last,paul,777,731615
S3,test,France,last,çlub,757,731615
S3,test,France,last,theatre,747,731615
S3,test,France,last,des,740,731615
S3,test,France,last,c,683,731615
S3,test,France,last,conseil,666,731615
S3,test,France,last,lycée,658,731615
S3,test,France,last,atelier,643,731615
S3,test,France,last,martin,620,731615
S3,test,France,last,joseph,608,731615
S3,test,France,last,soins,555,731615
S3,test,France,last,deleves,535,731615
S3,test,France,last,louis,529,731615
S3,test,France,last,école,514,731615
S3,test,France,last,culturel,482,731615
S3,test,France,last,sportif,474,731615
S3,test,France,last,jacques,457,731615
S3,test,France,last,chasse,428,731615
S3,test,France,last,georges,428,731615
S3,test,France,last,team,426,731615
S3,test,France,last,michel,425,731615
S3,test,France,last,àmicale,425,731615
S3,test,France,last,çomite,425,731615
S3,test,France,last,auto,411,731615
S3,test,France,last,ateliers,404,731615
S3,test,France,last,agricole,388,731615
S3,test,France,last,clinique,374,731615
S3,test,France,last,association,362,731615
S3,test,France,last,cc,353,731615
S3,test,France,last,co,352,731615
S3,test,France,last,communale,344,731615
S3,test,France,last,jeanne,337,731615
S3,test,France,last,medico,332,731615
S3,test,France,last,spôrtive,324,731615
S3,test,France,last,anne,321,731615
S3,test,France,last,fédération,306,731615
S3,test,France,last,vincent,306,731615
S3,test,France,last,àmis,294,731615
S3,test,France,last,5arl,290,731615
S3,test,France,last,comité,277,731615
S3,test,France,last,defense,277,731615
S3,test,France,last,andre,276,731615
S3,test,France,last,cercle,274,731615
S3,test,France,last,çie,272,731615
S3,test,France,last,trading,267,731615
S3,test,France,last,la,260,731615
S3,test,France,last,saint,254,731615
S3,test,France,last,nationale,251,731615
S3,test,France,last,pc,244,731615
S3,test,France,last,francois,238,731615
S3,test,France,last,henri,237,731615
S3,test,France,last,laurent,235,731615
S3,test,France,last,ac,224,731615
S3,test,France,last,çentre,224,731615
S3,test,France,last,etablissement,223,731615
S3,test,France,last,publique,223,731615
S3,test,France,last,lc,221,731615
S3,test,France,last,marcel,218,731615
S3,test,France,last,sapeurs,218,731615
S3,test,France,last,ècole,217,731615
S3,test,France,last,cafe,216,731615
S3,test,France,last,departemental,215,731615
S3,test,France,last,claude,214,731615
S3,test,France,last,elementaire,214,731615
S3,test,France,last,sys,212,731615
S3,test,France,last,ca,211,731615
S3,test,France,last,labs,206,731615
S3,test,France,last,mc,206,731615
S3,test,France,last,ets,201,731615
S3,test,India,first,private,54651,2405000
S3,test,India,first,smt,33779,2405000
S3,test,India,first,m,33743,2405000
S3,test,India,first,sri,33655,2405000
S3,test,India,first,shri,33573,2405000
S3,test,India,first,dr,33457,2405000
S3,test,India,first,mr,33441,2405000
S3,test,India,first,limited,22587,2405000
S3,test,India,first,pvt,19330,2405000
S3,test,India,first,new,16991,2405000
S3,test,India,first,shree,11481,2405000
S3,test,India,first,india,11374,2405000
S3,test,India,first,mumbai,11005,2405000
S3,test,India,first,services,10630,2405000
S3,test,India,first,ltd,8956,2405000
S3,test,India,first,bangalore,8498,2405000
S3,test,India,first,llp,7741,2405000
S3,test,India,first,solutions,7101,2405000
S3,test,India,first,global,6805,2405000
S3,test,India,first,sai,6786,2405000
S3,test,India,first,kolkata,6715,2405000
S3,test,India,first,delhi,6456,2405000
S3,test,India,first,green,6377,2405000
S3,test,India,first,tech,6256,2405000
S3,test,India,first,pune,6182,2405000
S3,test,India,first,jai,5916,2405000
S3,test,India,first,maa,5896,2405000
S3,test,India,first,international,5792,2405000
S3,test,India,first,blue,5635,2405000
S3,test,India,first,public,5633,2405000
S3,test,India,first,om,5596,2405000
S3,test,India,first,sree,5352,2405000
S3,test,India,first,krishna,5174,2405000
S3,test,India,first,royal,5172,2405000
S3,test,India,first,united,5148,2405000
S3,test,India,first,golden,5147,2405000
S3,test,India,first,east,5134,2405000
S3,test,India,first,star,5081,2405000
S3,test,India,first,indian,5074,2405000
S3,test,India,first,sun,4982,2405000
S3,test,India,first,raj,4958,2405000
S3,test,India,first,ram,4915,2405000
S3,test,India,first,shiv,4891,2405000
S3,test,India,first,technologies,4870,2405000
S3,test,India,first,city,4867,2405000
S3,test,India,first,white,4855,2405000
S3,test,India,first,south,4854,2405000
S3,test,India,first,prime,4812,2405000
S3,test,India,first,unique,4799,2405000
S3,test,India,first,tirupati,4778,2405000
S3,test,India,first,future,4765,2405000
S3,test,India,first,balaji,4761,2405000
S3,test,India,first,life,4740,2405000
S3,test,India,first,apex,4739,2405000
S3,test,India,first,real,4731,2405000
S3,test,India,first,super,4725,2405000
S3,test,India,first,bharat,4714,2405000
S3,test,India,first,perfect,4707,2405000
S3,test,India,first,hari,4698,2405000
S3,test,India,first,creative,4696,2405000
S3,test,India,first,anand,4693,2405000
S3,test,India,first,lakshmi,4688,2405000
S3,test,India,first,first,4672,2405000
S3,test,India,first,one,4659,2405000
S3,test,India,first,laxmi,4655,2405000
S3,test,India,first,dream,4652,2405000
S3,test,India,first,hitech,4644,2405000
S3,test,India,first,jay,4644,2405000
S3,test,India,first,silver,4638,2405000
S3,test,India,first,jain,4632,2405000
S3,test,India,first,ss,4603,2405000
S3,test,India,first,red,4599,2405000
S3,test,India,first,sky,4591,2405000
S3,test,India,first,big,4584,2405000
S3,test,India,first,southern,4580,2405000
S3,test,India,first,bright,4579,2405000
S3,test,India,first,aditya,4576,2405000
S3,test,India,first,shyam,4571,2405000
S3,test,India,first,smart,4570,2405000
S3,test,India,first,al,4555,2405000
S3,test,India,first,surya,4555,2405000
S3,test,India,first,my,4544,2405000
S3,test,India,first,digital,4537,2405000
S3,test,India,first,chennai,4524,2405000
S3,test,India,first,north,4524,2405000
S3,test,India,first,vijay,4520,2405000
S3,test,India,first,dynamic,4510,2405000
S3,test,India,first,guru,4507,2405000
S3,test,India,first,pioneer,4502,2405000
S3,test,India,first,universal,4502,2405000
S3,test,India,first,high,4497,2405000
S3,test,India,first,hotel,4470,2405000
S3,test,India,first,all,4463,2405000
S3,test,India,first,hyderabad,4451,2405000
S3,test,India,first,urban,4451,2405000
S3,test,India,first,best,4441,2405000
S3,test,India,first,indo,4441,2405000
S3,test,India,first,great,4440,2405000
S3,test,India,first,shakti,4439,2405000
S3,test,India,first,shiva,4423,2405000
S3,test,India,first,good,4417,2405000
S3,test,India,first,lotus,4416,2405000
S3,test,India,first,vision,4415,2405000
S3,test,India,first,gujarat,4407,2405000
S3,test,India,first,modern,4397,2405000
S3,test,India,first,classic,4393,2405000
S3,test,India,first,premier,4389,2405000
S3,test,India,first,supreme,4386,2405000
S3,test,India,first,sunrise,4379,2405000
S3,test,India,first,shivam,4377,2405000
S3,test,India,first,eastern,4374,2405000
S3,test,India,first,ace,4373,2405000
S3,test,India,first,innovative,4373,2405000
S3,test,India,first,bombay,4364,2405000
S3,test,India,first,black,4351,2405000
S3,test,India,first,alpha,4348,2405000
S3,test,India,first,baba,4337,2405000
S3,test,India,first,gold,4329,2405000
S3,test,India,first,seven,4326,2405000
S3,test,India,first,arihant,4321,2405000
S3,test,India,first,swastik,4256,2405000
S3,test,India,first,fortune,4250,2405000
S3,test,India,first,galaxy,4178,2405000
S3,test,India,first,जय,3527,2405000
S3,test,India,first,श्री,3444,2405000
S3,test,India,first,लक्ष्मी,3376,2405000
S3,test,India,first,the,3290,2405000
S3,test,India,first,industries,2830,2405000
S3,test,India,first,foundation,2808,2405000
S3,test,India,first,developers,2786,2405000
S3,test,India,first,jaipur,2693,2405000
S3,test,India,first,ahmedabad,2456,2405000
S3,test,India,first,thane,2390,2405000
S3,test,India,first,marketing,2328,2405000
S3,test,India,first,enterprises,2295,2405000
S3,test,India,first,agro,2285,2405000
S3,test,India,first,trading,2276,2405000
S3,test,India,first,lucknow,2244,2405000
S3,test,India,first,center,2177,2405000
S3,test,India,first,engineering,2144,2405000
S3,test,India,first,ventures,2083,2405000
S3,test,India,first,infra,1971,2405000
S3,test,India,first,noida,1967,2405000
S3,test,India,first,foods,1894,2405000
S3,test,India,first,producer,1866,2405000
S3,test,India,first,management,1837,2405000
S3,test,India,first,co,1836,2405000
S3,test,India,first,क्रिएटिव,1832,2405000
S3,test,India,first,स्काई,1813,2405000
S3,test,India,first,इंडो,1809,2405000
S3,test,India,first,energy,1799,2405000
S3,test,India,first,टेक,1799,2405000
S3,test,India,first,consultants,1792,2405000
S3,test,India,first,बिग,1786,2405000
S3,test,India,first,लाइफ,1775,2405000
S3,test,India,first,रॉयल,1771,2405000
S3,test,India,first,शक्ति,1766,2405000
S3,test,India,first,गुजरात,1761,2405000
S3,test,India,first,शिवा,1759,2405000
S3,test,India,first,राज,1757,2405000
S3,test,India,first,हरि,1757,2405000
S3,test,India,first,projects,1751,2405000
S3,test,India,first,prívate,1751,2405000
S3,test,India,first,ग्रीन,1749,2405000
S3,test,India,first,स्मार्ट,1746,2405000
S3,test,India,first,ग्रेट,1741,2405000
S3,test,India,first,एस,1740,2405000
S3,test,India,first,इंडियन,1738,2405000
S3,test,India,first,यूनिक,1738,2405000
S3,test,India,first,विजय,1738,2405000
S3,test,India,first,स्टार,1737,2405000
S3,test,India,first,गोल्ड,1733,2405000
S3,test,India,first,ब्राइट,1731,2405000
S3,test,India,first,सदर्न,1731,2405000
S3,test,India,first,वन,1730,2405000
S3,test,India,first,ग्लोबल,1728,2405000
S3,test,India,first,माय,1727,2405000
S3,test,India,first,एसएस,1726,2405000
S3,test,India,first,पायोनियर,1726,2405000
S3,test,India,first,एपेक्स,1721,2405000
S3,test,India,first,श्याम,1721,2405000
S3,test,India,first,व्हाइट,1720,2405000
S3,test,India,first,products,1719,2405000
S3,test,India,first,हाई,1718,2405000
S3,test,India,first,यूनाइटेड,1713,2405000
S3,test,India,first,l,1712,2405000
S3,test,India,first,बेस्ट,1709,2405000
S3,test,India,first,विजन,1709,2405000
S3,test,India,first,हाईटेक,1708,2405000
S3,test,India,first,अरिहंत,1706,2405000
S3,test,India,first,finance,1705,2405000
S3,test,India,first,सनराइज,1701,2405000
S3,test,India,first,ऑल,1698,2405000
S3,test,India,first,सिटी,1696,2405000
S3,test,India,first,अल,1695,2405000
S3,test,India,first,फ्यूचर,1694,2405000
S3,test,India,first,ईस्टर्न,1693,2405000
S3,test,India,first,मॉडर्न,1692,2405000
S3,test,India,first,सुपर,1690,2405000
S3,test,India,first,गैलेक्सी,1689,2405000
S3,test,India,first,परफेक्ट,1688,2405000
S3,test,India,first,रेड,1687,2405000
S3,test,India,first,राम,1685,2405000
S3,test,India,first,साउथ,1685,2405000
S3,test,India,first,बॉम्बे,1683,2405000
S3,test,India,first,बाबा,1682,2405000
S3,test,India,first,शिव,1682,2405000
S3,test,India,first,होटल,1682,2405000
S3,test,India,first,यूनिवर्सल,1681,2405000
S3,test,India,first,गोल्डन,1680,2405000
S3,test,India,first,अल्फा,1679,2405000
S3,test,India,first,डायनामिक,1679,2405000
S3,test,India,first,सन,1678,2405000
S3,test,India,first,आनंद,1677,2405000
S3,test,India,first,इंटरनेशनल,1676,2405000
S3,test,India,first,ड्रीम,1676,2405000
S3,test,India,first,गुरु,1675,2405000
S3,test,India,first,तिरुपति,1674,2405000
S3,test,India,first,गुड,1666,2405000
S3,test,India,first,फर्स्ट,1665,2405000
S3,test,India,first,सुप्रीम,1664,2405000
S3,test,India,first,आदित्य,1660,2405000
S3,test,India,first,ईस्ट,1657,2405000
S3,test,India,first,ब्लैक,1657,2405000
S3,test,India,first,लोटस,1657,2405000
S3,test,India,first,शिवम,1653,2405000
S3,test,India,first,रियल,1651,2405000
S3,test,India,first,न्यू,1650,2405000
S3,test,India,first,क्लासिक,1649,2405000
S3,test,India,first,प्राइम,1647,2405000
S3,test,India,first,नॉर्थ,1646,2405000
S3,test,India,first,सेवन,1646,2405000
S3,test,India,first,ब्लू,1642,2405000
S3,test,India,first,जैन,1640,2405000
S3,test,India,first,डिजिटल,1640,2405000
S3,test,India,first,systems,1639,2405000
S3,test,India,first,इनोवेटिव,1635,2405000
S3,test,India,first,स्वस्तिक,1635,2405000
S3,test,India,first,भारत,1628,2405000
S3,test,India,first,प्रीमियर,1625,2405000
S3,test,India,first,सिल्वर,1625,2405000
S3,test,India,first,बालाजी,1613,2405000
S3,test,India,first,exports,1600,2405000
S3,test,India,first,अर्बन,1596,2405000
S3,test,India,first,consultancy,1588,2405000
S3,test,India,first,media,1579,2405000
S3,test,India,first,technology,1560,2405000
S3,test,India,first,builders,1557,2405000
S3,test,India,first,infrastructure,1544,2405000
S3,test,India,first,ghaziabad,1541,2405000
S3,test,India,first,फॉर्च्यून,1528,2405000
S3,test,India,first,indore,1521,2405000
S3,test,India,first,surat,1505,2405000
S3,test,India,first,construction,1498,2405000
S3,test,India,first,software,1428,2405000
S3,test,India,first,properties,1389,2405000
S3,test,India,first,consulting,1370,2405000
S3,test,India,first,gurgaon,1322,2405000
S3,test,India,first,coimbatore,1223,2405000
S3,test,India,first,nagpur,1219,2405000
S3,test,India,first,bhubaneswar,1193,2405000
S3,test,India,first,healthcare,1182,2405000
S3,test,India,first,corporation,1150,2405000
S3,test,India,first,corp,1133,2405000
S3,test,India,first,patna,1081,2405000
S3,test,India,first,ahmadabad,1068,2405000
S3,test,India,first,ernakulam,971,2405000
S3,test,India,first,company,970,2405000
S3,test,India,first,मां,915,2405000
S3,test,India,first,साईं,910,2405000
S3,test,India,first,सूर्य,869,2405000
S3,test,India,first,माँ,864,2405000
S3,test,India,first,सूर्या,864,2405000
S3,test,India,first,साई,852,2405000
S3,test,India,first,navi,846,2405000
S3,test,India,first,faridabad,837,2405000
S3,test,India,first,कृष्णा,828,2405000
S3,test,India,first,कृष्ण,806,2405000
S3,test,India,first,service,798,2405000
S3,test,India,first,ओम,789,2405000
S3,test,India,first,ॐ,788,2405000
S3,test,India,first,thiruvananthapuram,768,2405000
S3,test,India,first,vadodara,740,2405000
S3,test,India,first,nashik,724,2405000
S3,test,India,first,haveli,682,2405000
S3,test,India,first,partners,666,2405000
S3,test,India,first,secunderabad,655,2405000
S3,test,India,first,rajkot,637,2405000
S3,test,India,first,bengaluru,634,2405000
S3,test,India,first,agra,632,2405000
S3,test,India,first,aurangabad,632,2405000
S3,test,India,first,group,631,2405000
S3,test,India,first,varanasi,631,2405000
S3,test,India,first,malappuram,629,2405000
S3,test,India,first,bhopal,585,2405000
S3,test,India,first,límited,565,2405000
S3,test,India,first,kanpur,563,2405000
S3,test,India,first,kozhikode,561,2405000
S3,test,India,first,tirumalagiri,548,2405000
S3,test,India,first,visakhapatnam,546,2405000
S3,test,India,first,sr,536,2405000
S3,test,India,first,ಶ್ರೀ,535,2405000
S3,test,India,first,ಲಕ್ಷ್ಮಿ,531,2405000
S3,test,India,first,power,523,2405000
S3,test,India,first,ms,510,2405000
S3,test,India,first,శ్రీ,507,2405000
S3,test,India,first,true,505,2405000
S3,test,India,first,overseas,502,2405000
S3,test,India,first,సన్,497,2405000
S3,test,India,first,kalyan,496,2405000
S3,test,India,first,ludhiana,496,2405000
S3,test,India,first,rk,489,2405000
S3,test,India,first,diamond,484,2405000
S3,test,India,first,holdings,481,2405000
S3,test,India,first,mysore,474,2405000
S3,test,India,first,ஜெய்,472,2405000
S3,test,India,first,sk,470,2405000
S3,test,India,first,st,468,2405000
S3,test,India,first,ஸ்ரீ,468,2405000
S3,test,India,first,gurugram,460,2405000
S3,test,India,first,ಸನ್,459,2405000
S3,test,India,first,as,456,2405000
S3,test,India,first,venus,451,2405000
S3,test,India,first,vijayawada,447,2405000
S3,test,India,first,la,443,2405000
S3,test,India,first,indus,442,2405000
S3,test,India,first,rs,439,2405000
S3,test,India,first,dev,436,2405000
S3,test,India,first,madras,434,2405000
S3,test,India,first,west,434,2405000
S3,test,India,first,hindustan,432,2405000
S3,test,India,first,happy,431,2405000
S3,test,India,first,shaikpet,431,2405000
S3,test,India,first,care,430,2405000
S3,test,India,first,sunshine,426,2405000
S3,test,India,first,sea,425,2405000
S3,test,India,first,gandhinagar,422,2405000
S3,test,India,first,industrial,422,2405000
S3,test,India,first,punjab,422,2405000
S3,test,India,first,sp,422,2405000
S3,test,India,first,yash,419,2405000
S3,test,India,first,ar,417,2405000
S3,test,India,first,elite,414,2405000
S3,test,India,first,vasai,414,2405000
S3,test,India,first,শিব,414,2405000
S3,test,India,first,జై,413,2405000
S3,test,India,first,associates,410,2405000
S3,test,India,first,world,409,2405000
S3,test,India,first,divine,405,2405000
S3,test,India,first,western,405,2405000
S3,test,India,first,howrah,403,2405000
S3,test,India,first,hi,402,2405000
S3,test,India,first,শ্রী,401,2405000
S3,test,India,first,ab,399,2405000
S3,test,India,first,delta,396,2405000
S3,test,India,first,s,396,2405000
S3,test,India,first,ganesh,395,2405000
S3,test,India,first,reliance,395,2405000
S3,test,India,first,eco,394,2405000
S3,test,India,first,radha,393,2405000
S3,test,India,first,grand,391,2405000
S3,test,India,first,techno,390,2405000
S3,test,India,first,studio,389,2405000
S3,test,India,first,alliance,388,2405000
S3,test,India,first,জয়,388,2405000
S3,test,India,first,metro,387,2405000
S3,test,India,first,reliable,387,2405000
S3,test,India,first,vinayak,387,2405000
S3,test,India,first,asian,385,2405000
S3,test,India,first,sm,384,2405000
S3,test,India,first,excel,383,2405000
S3,test,India,first,shah,381,2405000
S3,test,India,first,meerut,380,2405000
S3,test,India,first,phoenix,378,2405000
S3,test,India,first,thrissur,378,2405000
S3,test,India,first,three,377,2405000
S3,test,India,first,deep,375,2405000
S3,test,India,first,sv,373,2405000
S3,test,India,first,satya,372,2405000
S3,test,India,first,amar,370,2405000
S3,test,India,first,ideal,370,2405000
S3,test,India,first,team,369,2405000
S3,test,India,first,ad,368,2405000
S3,test,India,first,crystal,368,2405000
S3,test,India,first,ps,368,2405000
S3,test,India,first,rama,368,2405000
S3,test,India,first,four,367,2405000
S3,test,India,first,gupta,367,2405000
S3,test,India,first,ocean,367,2405000
S3,test,India,first,sadar,366,2405000
S3,test,India,first,allahabad,363,2405000
S3,test,India,first,integrated,362,2405000
S3,test,India,first,rangareddy,362,2405000
S3,test,India,first,allied,361,2405000
S3,test,India,first,લક્ષ્મી,360,2405000
S3,test,India,first,singh,358,2405000
S3,test,India,first,patel,356,2405000
S3,test,India,first,shreeji,356,2405000
S3,test,India,first,rainbow,355,2405000
S3,test,India,first,synergy,355,2405000
S3,test,India,first,capital,354,2405000
S3,test,India,first,paramount,354,2405000
S3,test,India,first,chandra,353,2405000
S3,test,India,first,jodhpur,353,2405000
S3,test,India,first,associated,351,2405000
S3,test,India,first,jyoti,351,2405000
S3,test,India,first,orange,351,2405000
S3,test,India,first,uttar,351,2405000
S3,test,India,first,જય,351,2405000
S3,test,India,first,ganga,350,2405000
S3,test,India,first,ravi,350,2405000
S3,test,India,first,sagar,350,2405000
S3,test,India,first,rudra,349,2405000
S3,test,India,first,શ્રી,348,2405000
S3,test,India,first,madurai,347,2405000
S3,test,India,first,maruti,347,2405000
S3,test,India,first,next,346,2405000
S3,test,India,first,panvel,346,2405000
S3,test,India,first,av,345,2405000
S3,test,India,first,deccan,345,2405000
S3,test,India,first,লক্ষ্মী,345,2405000
S3,test,India,first,ap,344,2405000
S3,test,India,first,pragati,341,2405000
S3,test,India,first,sb,340,2405000
S3,test,India,first,radiant,339,2405000
S3,test,India,first,square,339,2405000
S3,test,India,first,daskroi,336,2405000
S3,test,India,first,matrix,336,2405000
S3,test,India,first,mm,334,2405000
S3,test,India,first,rr,334,2405000
S3,test,India,first,safe,334,2405000
S3,test,India,first,haryana,332,2405000
S3,test,India,first,ganpati,331,2405000
S3,test,India,first,infinity,331,2405000
S3,test,India,first,oriental,331,2405000
S3,test,India,first,am,330,2405000
S3,test,India,first,durga,329,2405000
S3,test,India,first,mega,329,2405000
S3,test,India,first,home,328,2405000
S3,test,India,first,quality,328,2405000
S3,test,India,first,sg,328,2405000
S3,test,India,first,siddhi,327,2405000
S3,test,India,first,trust,327,2405000
S3,test,India,first,right,326,2405000
S3,test,India,first,it,325,2405000
S3,test,India,first,le,324,2405000
S3,test,India,first,salem,324,2405000
S3,test,India,first,auto,323,2405000
S3,test,India,first,agarwal,321,2405000
S3,test,India,first,bengal,321,2405000
S3,test,India,first,corporate,320,2405000
S3,test,India,first,guntur,319,2405000
S3,test,India,first,ns,318,2405000
S3,test,India,first,standard,318,2405000
S3,test,India,first,trinity,316,2405000
S3,test,India,first,బ్లాక్,316,2405000
S3,test,India,first,health,315,2405000
S3,test,India,first,jeevan,315,2405000
S3,test,India,first,ak,313,2405000
S3,test,India,first,infratech,313,2405000
S3,test,India,first,ma,313,2405000
S3,test,India,first,js,312,2405000
S3,test,India,first,eagle,311,2405000
S3,test,India,first,sterling,311,2405000
S3,test,India,first,prakash,310,2405000
S3,test,India,first,gorakhpur,309,2405000
S3,test,India,first,vikas,309,2405000
S3,test,India,first,kumar,307,2405000
S3,test,India,first,raja,307,2405000
S3,test,India,first,goregaon,306,2405000
S3,test,India,first,pearl,306,2405000
S3,test,India,first,omega,305,2405000
S3,test,India,first,ಬ್ಲ್ಯಾಕ್,305,2405000
S3,test,India,first,jupiter,304,2405000
S3,test,India,first,master,304,2405000
S3,test,India,first,evergreen,303,2405000
S3,test,India,first,angel,302,2405000
S3,test,India,first,jm,302,2405000
S3,test,India,first,rohini,302,2405000
S3,test,India,first,సూర్య,302,2405000
S3,test,India,first,business,301,2405000
S3,test,India,first,sc,301,2405000
S3,test,India,first,suraj,301,2405000
S3,test,India,first,vs,301,2405000
S3,test,India,first,શિવ,301,2405000
S3,test,India,first,ks,300,2405000
S3,test,India,first,micro,300,2405000
S3,test,India,first,go,299,2405000
S3,test,India,first,gs,299,2405000
S3,test,India,first,jp,299,2405000
S3,test,India,first,max,299,2405000
S3,test,India,first,neo,299,2405000
S3,test,India,first,si,299,2405000
S3,test,India,first,steel,299,2405000
S3,test,India,first,pinnacle,298,2405000
S3,test,India,first,satyam,298,2405000
S3,test,India,first,vishal,298,2405000
S3,test,India,first,advance,297,2405000
S3,test,India,first,huzur,297,2405000
S3,test,India,first,horizon,295,2405000
S3,test,India,first,ಫಸ್ಟ್,295,2405000
S3,test,India,first,ai,293,2405000
S3,test,India,first,rajasthan,293,2405000
S3,test,India,first,greater,292,2405000
S3,test,India,first,house,291,2405000
S3,test,India,first,సెవెన్,291,2405000
S3,test,India,first,precision,290,2405000
S3,test,India,first,గుడ్,289,2405000
S3,test,India,first,bareilly,288,2405000
S3,test,India,first,sigma,288,2405000
S3,test,India,first,லக்ஷ்மி,288,2405000
S3,test,India,first,mars,287,2405000
S3,test,India,first,mohan,287,2405000
S3,test,India,first,పయనీర్,287,2405000
S3,test,India,first,aryan,286,2405000
S3,test,India,first,paras,286,2405000
S3,test,India,first,zenith,286,2405000
S3,test,India,first,రియల్,286,2405000
S3,test,India,first,clean,285,2405000
S3,test,India,first,సుప్రీమ్,285,2405000
S3,test,India,first,gwalior,284,2405000
S3,test,India,first,institute,284,2405000
S3,test,India,first,km,284,2405000
S3,test,India,first,sector,283,2405000
S3,test,India,first,acme,282,2405000
S3,test,India,first,gautam,282,2405000
S3,test,India,first,pacific,282,2405000
S3,test,India,first,shubh,282,2405000
S3,test,India,first,ಪಯೊನೀರ್,282,2405000
S3,test,India,first,adarsh,281,2405000
S3,test,India,first,jk,281,2405000
S3,test,India,first,space,281,2405000
S3,test,India,first,we,281,2405000
S3,test,India,first,క్లాసిక్,281,2405000
S3,test,India,first,pr,280,2405000
S3,test,India,first,pure,280,2405000
S3,test,India,first,ಶ್ಯಾಮ್,280,2405000
S3,test,India,first,divya,279,2405000
S3,test,India,first,ess,279,2405000
S3,test,India,first,genesis,279,2405000
S3,test,India,first,maha,279,2405000
S3,test,India,first,crown,277,2405000
S3,test,India,first,శ్యామ్,277,2405000
S3,test,India,first,ಅಲ್,276,2405000
S3,test,India,first,kandivali,275,2405000
S3,test,India,first,nav,275,2405000
S3,test,India,first,మై,275,2405000
S3,test,India,first,రామ్,275,2405000
S3,test,India,first,ಮಾ,275,2405000
S3,test,India,first,ವೈಟ್,275,2405000
S3,test,India,first,న్యూ,274,2405000
S3,test,India,first,బ్రైట్,274,2405000
S3,test,India,first,az,273,2405000
S3,test,India,first,quantum,273,2405000
S3,test,India,first,హైటెక్,273,2405000
S3,test,India,first,natural,272,2405000
S3,test,India,first,se,272,2405000
S3,test,India,first,ఈస్ట్,272,2405000
S3,test,India,first,de,271,2405000
S3,test,India,first,hr,271,2405000
S3,test,India,first,kailash,271,2405000
S3,test,India,first,kk,271,2405000
S3,test,India,first,malad,271,2405000
S3,test,India,first,ఆల్,271,2405000
S3,test,India,first,గోల్డ్,271,2405000
S3,test,India,first,ಯುನೈಟೆಡ್,271,2405000
S3,test,India,first,at,270,2405000
S3,test,India,first,kerala,270,2405000
S3,test,India,first,జైన్,270,2405000
S3,test,India,first,ಗ್ಲೋಬಲ್,270,2405000
S3,test,India,first,gayatri,269,2405000
S3,test,India,first,యూనిక్,269,2405000
S3,test,India,first,స్వస్తిక్,269,2405000
S3,test,India,first,ashoka,268,2405000
S3,test,India,first,fine,268,2405000
S3,test,India,first,mg,268,2405000
S3,test,India,first,shanti,268,2405000
S3,test,India,first,ఇంటర్నేషనల్,268,2405000
S3,test,India,first,ಬಿಗ್,268,2405000
S3,test,India,first,cochin,267,2405000
S3,test,India,first,design,267,2405000
S3,test,India,first,mahalaxmi,267,2405000
S3,test,India,first,nextgen,267,2405000
S3,test,India,first,pan,267,2405000
S3,test,India,first,லோட்டஸ்,267,2405000
S3,test,India,first,సాయి,267,2405000
S3,test,India,first,ds,266,2405000
S3,test,India,first,pro,266,2405000
S3,test,India,first,trans,266,2405000
S3,test,India,first,vishnu,266,2405000
S3,test,India,first,వన్,266,2405000
S3,test,India,first,ರಾಯಲ್,266,2405000
S3,test,India,first,aj,265,2405000
S3,test,India,first,bs,265,2405000
S3,test,India,first,everest,265,2405000
S3,test,India,first,jr,265,2405000
S3,test,India,first,usha,265,2405000
S3,test,India,first,vaibhav,265,2405000
S3,test,India,first,తిరుపతి,265,2405000
S3,test,India,first,ఫస్ట్,265,2405000
S3,test,India,first,ಜೈನ್,265,2405000
S3,test,India,first,ಮಾಡರ್ನ್,265,2405000
S3,test,India,first,ಶಕ್ತಿ,265,2405000
S3,test,India,first,mehta,264,2405000
S3,test,India,first,progressive,264,2405000
S3,test,India,first,secure,264,2405000
S3,test,India,first,టెక్,264,2405000
S3,test,India,first,బెస్ట్,264,2405000
S3,test,India,first,హోటల్,264,2405000
S3,test,India,first,ರಾಮ್,264,2405000
S3,test,India,first,madhav,263,2405000
S3,test,India,first,mp,263,2405000
S3,test,India,first,triveni,263,2405000
S3,test,India,first,ప్రీమియర్,263,2405000
S3,test,India,first,బ్లూ,263,2405000
S3,test,India,first,ಹರಿ,263,2405000
S3,test,India,first,vijaya,262,2405000
S3,test,India,first,స్టార్,262,2405000
S3,test,India,first,ಅರ್ಬನ್,262,2405000
S3,test,India,first,ലക്ഷ്മി,262,2405000
S3,test,India,first,ajay,261,2405000
S3,test,India,first,andheri,261,2405000
S3,test,India,first,ಆಲ್ಫಾ,261,2405000
S3,test,India,first,advanced,260,2405000
S3,test,India,first,century,260,2405000
S3,test,India,first,magnum,260,2405000
S3,test,India,first,sanjay,260,2405000
S3,test,India,first,యూనివర్సల్,260,2405000
S3,test,India,first,ರಿಯಲ್,260,2405000
S3,test,India,first,cosmos,259,2405000
S3,test,India,first,ஷ்யாம்,259,2405000
S3,test,India,first,ఆదిత్య,259,2405000
S3,test,India,first,ಒನ್,259,2405000
S3,test,India,first,ಫ್ಯೂಚರ್,259,2405000
S3,test,India,first,accurate,258,2405000
S3,test,India,first,devi,258,2405000
S3,test,India,first,jindal,258,2405000
S3,test,India,first,rb,258,2405000
S3,test,India,first,rm,258,2405000
S3,test,India,first,skyline,258,2405000
S3,test,India,first,vr,258,2405000
S3,test,India,first,రెడ్,258,2405000
S3,test,India,first,స్కై,258,2405000
S3,test,India,first,ಬೆಸ್ಟ್,258,2405000
S3,test,India,first,an,257,2405000
S3,test,India,first,magic,257,2405000
S3,test,India,first,nature,257,2405000
S3,test,India,first,గ్లోబల్,257,2405000
S3,test,India,first,విజన్,257,2405000
S3,test,India,first,bhagwati,256,2405000
S3,test,India,first,noble,256,2405000
S3,test,India,first,serilingampally,256,2405000
S3,test,India,first,vm,256,2405000
S3,test,India,first,అర్బన్,256,2405000
S3,test,India,first,డ్రీమ్,256,2405000
S3,test,India,first,లోటస్,256,2405000
S3,test,India,first,ಲೈಫ್,256,2405000
S3,test,India,first,ಸ್ವಸ್ತಿಕ್,256,2405000
S3,test,India,first,prem,255,2405000
S3,test,India,first,value,255,2405000
S3,test,India,first,ఏపెక్స్,255,2405000
S3,test,India,first,శక్తి,255,2405000
S3,test,India,first,సదర్న్,255,2405000
S3,test,India,first,సిటీ,255,2405000
S3,test,India,first,ಗೋಲ್ಡ್,255,2405000
S3,test,India,first,ಬಾಂಬೆ,255,2405000
S3,test,India,first,ಸೌತ್,255,2405000
S3,test,India,first,ಹೈ,255,2405000
S3,test,India,first,falcon,254,2405000
S3,test,India,first,khairatabad,254,2405000
S3,test,India,first,orbit,254,2405000
S3,test,India,first,earth,253,2405000
S3,test,India,first,gm,253,2405000
S3,test,India,first,kp,253,2405000
S3,test,India,first,leo,253,2405000
S3,test,India,first,mark,253,2405000
S3,test,India,first,అల్,253,2405000
S3,test,India,first,ಆದಿತ್ಯ,253,2405000
S3,test,India,first,ಟೆಕ್,253,2405000
S3,test,India,first,aa,252,2405000
S3,test,India,first,little,252,2405000
S3,test,India,first,solar,252,2405000
S3,test,India,first,వైట్,252,2405000
S3,test,India,first,ಲೋಟಸ್,252,2405000
S3,test,India,first,impex,251,2405000
S3,test,India,first,pc,251,2405000
S3,test,India,first,అరిహంత్,251,2405000
S3,test,India,first,ಏಸ್,251,2405000
S3,test,India,first,ಬಾಬಾ,251,2405000
S3,test,India,first,ಸದರ್ನ್,251,2405000
S3,test,India,first,dk,250,2405000
S3,test,India,first,rp,250,2405000
S3,test,India,first,சவுத்,250,2405000
S3,test,India,first,ಆಲ್,250,2405000
S3,test,India,first,ಫಾರ್ಚೂನ್,250,2405000
S3,test,India,first,ಶಿವಂ,250,2405000
S3,test,India,first,dlf,249,2405000
S3,test,India,first,mahavir,249,2405000
S3,test,India,first,లైఫ్,249,2405000
S3,test,India,first,ಡ್ರೀಮ್,249,2405000
S3,test,India,first,ರೆಡ್,249,2405000
S3,test,India,first,kochi,248,2405000
S3,test,India,first,spectrum,248,2405000
S3,test,India,first,గ్రేట్,248,2405000
S3,test,India,first,ప్రైమ్,248,2405000
S3,test,India,first,లక్ష్మీ,248,2405000
S3,test,India,first,ಡಿಜಿಟಲ್,248,2405000
S3,test,India,first,ನಾರ್ತ್,248,2405000
S3,test,India,first,ಪ್ರೈಮ್,248,2405000
S3,test,India,first,rapid,247,2405000
S3,test,India,first,rising,247,2405000
S3,test,India,first,ஜைன்,247,2405000
S3,test,India,first,வொயிட்,247,2405000
S3,test,India,first,ఫ్యూచర్,247,2405000
S3,test,India,first,anant,246,2405000
S3,test,India,first,axis,246,2405000
S3,test,India,first,mk,246,2405000
S3,test,India,first,rd,246,2405000
S3,test,India,first,గుజరాత్,246,2405000
S3,test,India,first,రాయల్,246,2405000
S3,test,India,first,ಇನೋವೇಟಿವ್,246,2405000
S3,test,India,first,ಪ್ರೀಮಿಯರ್,246,2405000
S3,test,India,first,amit,245,2405000
S3,test,India,first,gp,245,2405000
S3,test,India,first,kay,245,2405000
S3,test,India,first,salasar,245,2405000
S3,test,India,first,sam,245,2405000
S3,test,India,first,ટેક,245,2405000
S3,test,India,first,டிஜிட்டல்,245,2405000
S3,test,India,first,ఇండో,245,2405000
S3,test,India,first,రాజ్,245,2405000
S3,test,India,first,శివ్,245,2405000
S3,test,India,first,స్మార్ట్,245,2405000
S3,test,India,first,rg,244,2405000
S3,test,India,first,ఆనంద్,244,2405000
S3,test,India,first,ashok,243,2405000
S3,test,India,first,quick,243,2405000
S3,test,India,first,yellow,243,2405000
S3,test,India,first,சதர்ன்,243,2405000
S3,test,India,first,ఎస్,243,2405000
S3,test,India,first,సిల్వర్,243,2405000
S3,test,India,first,ಶಿವ,243,2405000
S3,test,India,first,asha,242,2405000
S3,test,India,first,brothers,242,2405000
S3,test,India,first,garg,242,2405000
S3,test,India,first,లక్ష్మి,242,2405000
S3,test,India,first,ಕೃಷ್ಣ,242,2405000
S3,test,India,first,bm,241,2405000
S3,test,India,first,imperial,241,2405000
S3,test,India,first,planet,241,2405000
S3,test,India,first,ফার্স্ট,241,2405000
S3,test,India,first,ಇಂಡಿಯನ್,241,2405000
S3,test,India,first,ಗ್ರೀನ್,241,2405000
S3,test,India,first,amrit,240,2405000
S3,test,India,first,orient,240,2405000
S3,test,India,first,మా,240,2405000
S3,test,India,first,ಗುಡ್,240,2405000
S3,test,India,first,ಸೆವೆನ್,240,2405000
S3,test,India,first,ಸ್ಟಾರ್,240,2405000
S3,test,India,first,infinite,239,2405000
S3,test,India,first,kota,239,2405000
S3,test,India,first,saffron,239,2405000
S3,test,India,first,গ্লোবাল,239,2405000
S3,test,India,first,சூப்பர்,239,2405000
S3,test,India,first,ராயல்,239,2405000
S3,test,India,first,పర్,239,2405000
S3,test,India,first,ಇಂಡೋ,239,2405000
S3,test,India,first,ಓಂ,239,2405000
S3,test,India,first,ಮೈ,239,2405000
S3,test,India,first,ಸಿಲ್ವರ್,239,2405000
S3,test,India,first,erode,238,2405000
S3,test,India,first,jd,238,2405000
S3,test,India,first,mangalore,238,2405000
S3,test,India,first,radhika,238,2405000
S3,test,India,first,top,238,2405000
S3,test,India,first,vk,238,2405000
S3,test,India,first,குளோபல்,238,2405000
S3,test,India,first,గోల్డెన్,238,2405000
S3,test,India,first,యునైటెడ్,238,2405000
S3,test,India,first,ಕ್ರಿಯೇಟಿವ್,238,2405000
S3,test,India,first,ಭಾರತ್,238,2405000
S3,test,India,first,5hree,237,2405000
S3,test,India,first,da,237,2405000
S3,test,India,first,mb,237,2405000
S3,test,India,first,phulwari,237,2405000
S3,test,India,first,அர்பன்,237,2405000
S3,test,India,first,ఆల్ఫా,237,2405000
S3,test,India,first,ఈస్టర్న్,237,2405000
S3,test,India,first,బాబా,237,2405000
S3,test,India,first,విజయ్,237,2405000
S3,test,India,first,ಹೋಟೆಲ್,237,2405000
S3,test,India,first,food,236,2405000
S3,test,India,first,fresh,236,2405000
S3,test,India,first,jabalpur,236,2405000
S3,test,India,first,samarth,236,2405000
S3,test,India,first,sd,236,2405000
S3,test,India,first,গ্যালাক্সি,236,2405000
S3,test,India,first,રેડ,236,2405000
S3,test,India,first,easy,235,2405000
S3,test,India,first,jaya,235,2405000
S3,test,India,first,swami,235,2405000
S3,test,India,first,ag,234,2405000
S3,test,India,first,aqua,234,2405000
S3,test,India,first,paradise,234,2405000
S3,test,India,first,trident,234,2405000
S3,test,India,first,ஏஸ்,234,2405000
S3,test,India,first,గురు,234,2405000
S3,test,India,first,ಸೂಪರ್,234,2405000
S3,test,India,first,cosmic,233,2405000
S3,test,India,first,kolhapur,233,2405000
S3,test,India,first,rahul,233,2405000
S3,test,India,first,பர்ஃபெக்ட்,233,2405000
S3,test,India,first,பிரைம்,233,2405000
S3,test,India,first,ఇన్నోవేటివ్,233,2405000
S3,test,India,first,బాంబే,233,2405000
S3,test,India,first,ಅರಿಹಂತ್,233,2405000
S3,test,India,first,ಸುಪ್ರೀಮ್,233,2405000
S3,test,India,first,ജയ്,233,2405000
S3,test,India,first,kamal,232,2405000
S3,test,India,first,অরিহন্ত,232,2405000
S3,test,India,first,இன்னோவேட்டிவ்,232,2405000
S3,test,India,first,குட்,232,2405000
S3,test,India,first,ಗ್ಯಾಲಕ್ಸಿ,232,2405000
S3,test,India,first,arya,231,2405000
S3,test,India,first,নর্থ,231,2405000
S3,test,India,first,அல்,231,2405000
S3,test,India,first,శివం,231,2405000
S3,test,India,first,హై,231,2405000
S3,test,India,first,ಗುಜರಾತ್,231,2405000
S3,test,India,first,ಗೋಲ್ಡನ್,231,2405000
S3,test,India,first,ಗ್ರೇಟ್,231,2405000
S3,test,India,first,ಡೈನಾಮಿಕ್,231,2405000
S3,test,India,first,ಸಿಟಿ,231,2405000
S3,test,India,first,ಸ್ಮಾರ್ಟ್,231,2405000
S3,test,India,first,hk,230,2405000
S3,test,India,first,national,230,2405000
S3,test,India,first,rose,230,2405000
S3,test,India,first,total,230,2405000
S3,test,India,first,ஃபியூச்சர்,230,2405000
S3,test,India,first,ரியல்,230,2405000
S3,test,India,first,బిగ్,230,2405000
S3,test,India,first,ಶಿವ್,230,2405000
S3,test,India,first,oasis,229,2405000
S3,test,India,first,sankalp,229,2405000
S3,test,India,first,sn,229,2405000
S3,test,India,first,to,229,2405000
S3,test,India,first,గ్రీన్,229,2405000
S3,test,India,first,ರಾಜ್,229,2405000
S3,test,India,first,general,228,2405000
S3,test,India,first,karnataka,228,2405000
S3,test,India,first,nk,228,2405000
S3,test,India,first,kr,227,2405000
S3,test,India,first,latur,227,2405000
S3,test,India,first,regal,227,2405000
S3,test,India,first,rishi,227,2405000
S3,test,India,first,আনন্দ,227,2405000
S3,test,India,first,জৈন,227,2405000
S3,test,India,first,হাইটেক,227,2405000
S3,test,India,first,પરફેક્ટ,227,2405000
S3,test,India,first,ராம்,227,2405000
S3,test,India,first,ತಿರುಪತಿ,227,2405000
S3,test,India,first,ಸಾಯಿ,227,2405000
S3,test,India,first,empire,226,2405000
S3,test,India,first,five,226,2405000
S3,test,India,first,grace,226,2405000
S3,test,India,first,jb,226,2405000
S3,test,India,first,multi,226,2405000
S3,test,India,first,rv,226,2405000
S3,test,India,first,vertex,226,2405000
S3,test,India,first,vikram,226,2405000
S3,test,India,first,এসএস,226,2405000
S3,test,India,first,கிரியேட்டிவ்,226,2405000
S3,test,India,first,ఏస్,226,2405000
S3,test,India,first,గెలాక్సీ,226,2405000
S3,test,India,first,globe,225,2405000
S3,test,India,first,mathura,225,2405000
S3,test,India,first,স্টার,225,2405000
S3,test,India,first,బాలాజీ,225,2405000
S3,test,India,first,ಅಪೆಕ್ಸ್,225,2405000
S3,test,India,first,active,224,2405000
S3,test,India,first,dadri,224,2405000
S3,test,India,first,express,224,2405000
S3,test,India,first,kg,224,2405000
S3,test,India,first,kiran,224,2405000
S3,test,India,first,landmark,224,2405000
S3,test,India,first,shubham,224,2405000
S3,test,India,first,ஆல்,224,2405000
S3,test,India,first,ஆல்ஃபா,224,2405000
S3,test,India,first,మోడర్న్,224,2405000
S3,test,India,first,ನ್ಯೂ,224,2405000
S3,test,India,first,nova,223,2405000
S3,test,India,first,rt,223,2405000
S3,test,India,first,મોડર્ન,223,2405000
S3,test,India,first,கோல்டு,223,2405000
S3,test,India,first,dp,222,2405000
S3,test,India,first,saraswati,222,2405000
S3,test,India,first,মা,222,2405000
S3,test,India,first,ગેલેક્સી,222,2405000
S3,test,India,first,ஃபர்ஸ்ட்,222,2405000
S3,test,India,first,ஈஸ்டர்ன்,222,2405000
S3,test,India,first,ஓம்,222,2405000
S3,test,India,first,பெஸ்ட்,222,2405000
S3,test,India,first,ஸ்டார்,222,2405000
S3,test,India,first,డైనమిక్,222,2405000
S3,test,India,first,భారత్,222,2405000
S3,test,India,first,ಗುರು,222,2405000
S3,test,India,first,ಯುನೀಕ್,222,2405000
S3,test,India,first,cuttack,221,2405000
S3,test,India,first,data,221,2405000
S3,test,India,first,disha,221,2405000
S3,test,India,first,orion,221,2405000
S3,test,India,first,ইউনিক,221,2405000
S3,test,India,first,ফরচুন,221,2405000
S3,test,India,first,பாலாஜி,221,2405000
S3,test,India,first,பிக்,221,2405000
S3,test,India,first,alpine,220,2405000
S3,test,India,first,aman,220,2405000
S3,test,India,first,deepak,220,2405000
S3,test,India,first,just,220,2405000
S3,test,India,first,nirmal,220,2405000
S3,test,India,first,sas,220,2405000
S3,test,India,first,সুপ্রিম,220,2405000
S3,test,India,first,ઇન્ડો,220,2405000
S3,test,India,first,பாரத்,220,2405000
S3,test,India,first,ಪರ್ಫೆಕ್ಟ್,220,2405000
S3,test,India,first,concept,219,2405000
S3,test,India,first,modi,219,2405000
S3,test,India,first,ভারত,219,2405000
S3,test,India,first,রিয়েল,219,2405000
S3,test,India,first,ગ્રેટ,219,2405000
S3,test,India,first,డిజిటల్,219,2405000
S3,test,India,first,ಬ್ಲೂ,219,2405000
S3,test,India,first,ശ്രീ,219,2405000
S3,test,India,first,be,218,2405000
S3,test,India,first,bk,218,2405000
S3,test,India,first,friends,218,2405000
S3,test,India,first,md,218,2405000
S3,test,India,first,mv,218,2405000
S3,test,India,first,sant,218,2405000
S3,test,India,first,vee,218,2405000
S3,test,India,first,இந்தியன்,218,2405000
S3,test,India,first,சிட்டி,218,2405000
S3,test,India,first,மா,218,2405000
S3,test,India,first,ஹைடெக்,218,2405000
S3,test,India,first,ಜೈ,218,2405000
S3,test,India,first,abhishek,217,2405000
S3,test,India,first,bansal,217,2405000
S3,test,India,first,re,217,2405000
S3,test,India,first,santosh,217,2405000
S3,test,India,first,ડ્રીમ,217,2405000
S3,test,India,first,அபெக்ஸ்,217,2405000
S3,test,India,first,ambala,216,2405000
S3,test,India,first,gb,216,2405000
S3,test,India,first,success,216,2405000
S3,test,India,first,হরি,216,2405000
S3,test,India,first,એપેક્સ,216,2405000
S3,test,India,first,હરિ,216,2405000
S3,test,India,first,எஸ்எஸ்,216,2405000
S3,test,India,first,யுனிக்,216,2405000
S3,test,India,first,ஸ்கை,216,2405000
S3,test,India,first,ಆನಂದ್,216,2405000
S3,test,India,first,brand,215,2405000
S3,test,India,first,hind,215,2405000
S3,test,India,first,nu,215,2405000
S3,test,India,first,orchid,215,2405000
S3,test,India,first,spark,215,2405000
S3,test,India,first,সান,215,2405000
S3,test,India,first,হোয়াইট,215,2405000
S3,test,India,first,ஹை,215,2405000
S3,test,India,first,ಇಂಟರ್,215,2405000
S3,test,India,first,apple,214,2405000
S3,test,India,first,cs,214,2405000
S3,test,India,first,mittal,214,2405000
S3,test,India,first,uma,214,2405000
S3,test,India,first,ইস্ট,214,2405000
S3,test,India,first,சன்ரைஸ்,214,2405000
S3,test,India,first,பாபா,214,2405000
S3,test,India,first,ஸ்மார்ட்,214,2405000
S3,test,India,first,air,213,2405000
S3,test,India,first,gd,213,2405000
S3,test,India,first,mc,213,2405000
S3,test,India,first,গোল্ডেন,213,2405000
S3,test,India,first,குஜராத்,213,2405000
S3,test,India,first,சக்தி,213,2405000
S3,test,India,first,பிரீமியர்,213,2405000
S3,test,India,first,ஸ்வஸ்திக்,213,2405000
S3,test,India,first,ಕ್ಲಾಸಿಕ್,213,2405000
S3,test,India,first,ಬ್ರೈಟ್,213,2405000
S3,test,India,first,5ervices,212,2405000
S3,test,India,first,gk,212,2405000
S3,test,India,first,of,212,2405000
S3,test,India,first,sangam,212,2405000
S3,test,India,first,অল,212,2405000
S3,test,India,first,ব্লু,212,2405000
S3,test,India,first,হাই,212,2405000
S3,test,India,first,શ્યામ,212,2405000
S3,test,India,first,இன்டர்நேஷனல்,212,2405000
S3,test,India,first,டெக்,212,2405000
S3,test,India,first,நியூ,212,2405000
S3,test,India,first,விஜய்,212,2405000
S3,test,India,first,ಯುನಿವರ್ಸಲ್,212,2405000
S3,test,India,first,ashish,211,2405000
S3,test,India,first,calcutta,211,2405000
S3,test,India,first,elegant,211,2405000
S3,test,India,first,jalandhar,211,2405000
S3,test,India,first,kd,211,2405000
S3,test,India,first,nd,211,2405000
S3,test,India,first,northern,211,2405000
S3,test,India,first,রাম,211,2405000
S3,test,India,first,সেভেন,211,2405000
S3,test,India,first,બિગ,211,2405000
S3,test,India,first,ஆதித்யா,211,2405000
S3,test,India,first,சிவா,211,2405000
S3,test,India,first,திருப்பதி,211,2405000
S3,test,India,first,ఫార్చూన్,211,2405000
S3,test,India,first,ಈಸ್ಟ್,211,2405000
S3,test,India,first,aura,210,2405000
S3,test,India,first,orissa,210,2405000
S3,test,India,first,sf,210,2405000
S3,test,India,first,বিজয়,210,2405000
S3,test,India,first,ફ્યુચર,210,2405000
S3,test,India,first,લાઇફ,210,2405000
S3,test,India,first,கிரேட்,210,2405000
S3,test,India,first,சிவம்,210,2405000
S3,test,India,first,பம்பாய்,210,2405000
S3,test,India,first,மை,210,2405000
S3,test,India,first,క్రియేటివ్,210,2405000
S3,test,India,first,సౌత్,210,2405000
S3,test,India,first,ಈಸ್ಟರ್ನ್,210,2405000
S3,test,India,first,bhilwara,209,2405000
S3,test,India,first,bp,209,2405000
S3,test,India,first,nv,209,2405000
S3,test,India,first,রয়্যাল,209,2405000
S3,test,India,first,রেড,209,2405000
S3,test,India,first,ఇండియన్,209,2405000
S3,test,India,first,హరి,209,2405000
S3,test,India,first,ajmer,208,2405000
S3,test,India,first,varun,208,2405000
S3,test,India,first,ફર્સ્ટ,208,2405000
S3,test,India,first,લોટસ,208,2405000
S3,test,India,first,શિવમ,208,2405000
S3,test,India,first,સિટી,208,2405000
S3,test,India,first,ஃபார்ச்சூன்,208,2405000
S3,test,India,first,ஒன்,208,2405000
S3,test,India,first,ஹரி,208,2405000
S3,test,India,first,alfa,207,2405000
S3,test,India,first,panchkula,207,2405000
S3,test,India,first,rishabh,207,2405000
S3,test,India,first,প্রিমিয়ার,207,2405000
S3,test,India,first,મા,207,2405000
S3,test,India,first,સિલ્વર,207,2405000
S3,test,India,first,கேலக்ஸி,207,2405000
S3,test,India,first,சாய்,207,2405000
S3,test,India,first,சூர்யா,207,2405000
S3,test,India,first,ವಿಷನ್,207,2405000
S3,test,India,first,bb,206,2405000
S3,test,India,first,beyond,206,2405000
S3,test,India,first,centre,206,2405000
S3,test,India,first,আরবান,206,2405000
S3,test,India,first,ফিউচার,206,2405000
S3,test,India,first,ગુજરાત,206,2405000
S3,test,India,first,યુનાઇટેડ,206,2405000
S3,test,India,first,ಸ್ಕೈ,206,2405000
S3,test,India,first,abc,205,2405000
S3,test,India,first,jhansi,205,2405000
S3,test,India,first,siliguri,205,2405000
S3,test,India,first,travel,205,2405000
S3,test,India,first,রাজ,205,2405000
S3,test,India,first,ઓલ,205,2405000
S3,test,India,first,சன்,205,2405000
S3,test,India,first,kalinga,204,2405000
S3,test,India,first,priya,204,2405000
S3,test,India,first,traders,204,2405000
S3,test,India,first,সাউদার্ন,204,2405000
S3,test,India,first,கோல்டன்,204,2405000
S3,test,India,first,ராஜ்,204,2405000
S3,test,India,first,லைஃப்,204,2405000
S3,test,India,first,harsh,203,2405000
S3,test,India,first,infotech,203,2405000
S3,test,India,first,talent,203,2405000
S3,test,India,first,অ্যাপেক্স,203,2405000
S3,test,India,first,আদিত্য,203,2405000
S3,test,India,first,ইস্টার্ন,203,2405000
S3,test,India,first,ગ્રીન,203,2405000
S3,test,India,first,மாடர்ன்,203,2405000
S3,test,India,first,సూపర్,203,2405000
S3,test,India,first,ವಿಜಯ್,203,2405000
S3,test,India,first,ಹೈಟೆಕ್,203,2405000
S3,test,India,first,career,202,2405000
S3,test,India,first,central,202,2405000
S3,test,India,first,sampatchak,202,2405000
S3,test,India,first,up,202,2405000
S3,test,India,first,us,202,2405000
S3,test,India,first,ওম,202,2405000
S3,test,India,first,গুরু,202,2405000
S3,test,India,first,તિરુપતિ,202,2405000
S3,test,India,first,விஷன்,202,2405000
S3,test,India,first,ark,201,2405000
S3,test,India,first,konark,201,2405000
S3,test,India,first,neptune,201,2405000
S3,test,India,first,rc,201,2405000
S3,test,India,first,udaipur,201,2405000
S3,test,India,first,বাবা,201,2405000
S3,test,India,first,ડિજિટલ,201,2405000
S3,test,India,first,પ્રીમિયર,201,2405000
S3,test,India,first,கிரீன்,201,2405000
S3,test,India,first,டிரீம்,201,2405000
S3,test,India,first,பிரைட்,201,2405000
S3,test,India,first,akash,200,2405000
S3,test,India,first,astha,200,2405000
S3,test,India,first,gopal,200,2405000
S3,test,India,first,pyramid,200,2405000
S3,test,India,first,uttam,200,2405000
S3,test,India,first,va,200,2405000
S3,test,India,first,ইউনিভার্সাল,200,2405000
S3,test,India,first,અરિહંત,200,2405000
S3,test,India,first,વિઝન,200,2405000
S3,test,India,first,கிளாசிக்,200,2405000
S3,test,India,first,சிவ்,200,2405000
S3,test,India,last,limited,651173,2405000
S3,test,India,last,ltd,343201,2405000
S3,test,India,last,private,136994,2405000
S3,test,India,last,लिमिटेड,121891,2405000
S3,test,India,last,llp,76528,2405000
S3,test,India,last,com,70412,2405000
S3,test,India,last,center,69285,2405000
S3,test,India,last,services,53516,2405000
S3,test,India,last,pvt,40814,2405000
S3,test,India,last,co,30046,2405000
S3,test,India,last,service,23198,2405000
S3,test,India,last,लि,22483,2405000
S3,test,India,last,partners,21531,2405000
S3,test,India,last,లిమిటెడ్,21243,2405000
S3,test,India,last,ಲಿಮಿಟೆಡ್,20776,2405000
S3,test,India,last,corporation,19467,2405000
S3,test,India,last,company,19413,2405000
S3,test,India,last,corp,19268,2405000
S3,test,India,last,límited,18548,2405000
S3,test,India,last,லிமிடெட்,18070,2405000
S3,test,India,last,লিমিটেড,16623,2405000
S3,test,India,last,group,15815,2405000
S3,test,India,last,enterprises,14124,2405000
S3,test,India,last,લિમિટેડ,13843,2405000
S3,test,India,last,p,13765,2405000
S3,test,India,last,holdings,13031,2405000
S3,test,India,last,industries,12441,2405000
S3,test,India,last,ventures,11894,2405000
S3,test,India,last,एलएलपी,10944,2405000
S3,test,India,last,india,10869,2405000
S3,test,India,last,exports,10761,2405000
S3,test,India,last,ലിമിറ്റഡ്,10406,2405000
S3,test,India,last,infratech,9532,2405000
S3,test,India,last,overseas,9488,2405000
S3,test,India,last,trading,5282,2405000
S3,test,India,last,solutions,5152,2405000
S3,test,India,last,trust,4996,2405000
S3,test,India,last,brothers,4472,2405000
S3,test,India,last,ଲିମିଟେଡ୍,4061,2405000
S3,test,India,last,technologies,3888,2405000
S3,test,India,last,foundation,3865,2405000
S3,test,India,last,clinic,3844,2405000
S3,test,India,last,care,3682,2405000
S3,test,India,last,associates,3545,2405000
S3,test,India,last,traders,3331,2405000
S3,test,India,last,ਲਿਮਟਿਡ,3150,2405000
S3,test,India,last,technology,3075,2405000
S3,test,India,last,society,3035,2405000
S3,test,India,last,consultancy,3009,2405000
S3,test,India,last,consultants,2991,2405000
S3,test,India,last,લિ,2492,2405000
S3,test,India,last,school,2439,2405000
S3,test,India,last,engineering,2399,2405000
S3,test,India,last,foods,2386,2405000
S3,test,India,last,developers,2318,2405000
S3,test,India,last,marketing,2259,2405000
S3,test,India,last,international,2238,2405000
S3,test,India,last,public,2166,2405000
S3,test,India,last,constructions,2151,2405000
S3,test,India,last,sons,2115,2405000
S3,test,India,last,agro,2077,2405000
S3,test,India,last,systems,1966,2405000
S3,test,India,last,infra,1962,2405000
S3,test,India,last,management,1957,2405000
S3,test,India,last,sangh,1934,2405000
S3,test,India,last,tech,1883,2405000
S3,test,India,last,producer,1865,2405000
S3,test,India,last,products,1858,2405000
S3,test,India,last,global,1842,2405000
S3,test,India,last,prívate,1831,2405000
S3,test,India,last,institute,1828,2405000
S3,test,India,last,finance,1798,2405000
S3,test,India,last,projects,1780,2405000
S3,test,India,last,energy,1733,2405000
S3,test,India,last,infrastructure,1729,2405000
S3,test,India,last,properties,1712,2405000
S3,test,India,last,media,1703,2405000
S3,test,India,last,academy,1687,2405000
S3,test,India,last,healthcare,1677,2405000
S3,test,India,last,software,1677,2405000
S3,test,India,last,పీ,1667,2405000
S3,test,India,last,builders,1664,2405000
S3,test,India,last,construction,1660,2405000
S3,test,India,last,hospital,1637,2405000
S3,test,India,last,it,1630,2405000
S3,test,India,last,hospitality,1625,2405000
S3,test,India,last,infotech,1625,2405000
S3,test,India,last,logistics,1605,2405000
S3,test,India,last,consulting,1601,2405000
S3,test,India,last,investments,1597,2405000
S3,test,India,last,business,1574,2405000
S3,test,India,last,food,1556,2405000
S3,test,India,last,centre,1523,2405000
S3,test,India,last,ಪಿ,1523,2405000
S3,test,India,last,estate,1489,2405000
S3,test,India,last,power,1489,2405000
S3,test,India,last,samiti,1489,2405000
S3,test,India,last,investment,1462,2405000
S3,test,India,last,impex,1461,2405000
S3,test,India,last,advisors,1457,2405000
S3,test,India,last,college,1438,2405000
S3,test,India,last,có,1434,2405000
S3,test,India,last,vidyalaya,1433,2405000
S3,test,India,last,polytechnic,1401,2405000
S3,test,India,last,எல்எல்பி,1381,2405000
S3,test,India,last,home,1353,2405000
S3,test,India,last,এলএলপি,1332,2405000
S3,test,India,last,એલએલપી,1279,2405000
S3,test,India,last,cénter,1188,2405000
S3,test,India,last,sérvices,938,2405000
S3,test,India,last,labs,924,2405000
S3,test,India,last,chambers,873,2405000
S3,test,India,last,എൽഎൽപി,838,2405000
S3,test,India,last,educational,817,2405000
S3,test,India,last,one,813,2405000
S3,test,India,last,5ervices,765,2405000
S3,test,India,last,steel,740,2405000
S3,test,India,last,c0m,710,2405000
S3,test,India,last,electronics,709,2405000
S3,test,India,last,welfare,702,2405000
S3,test,India,last,charitable,692,2405000
S3,test,India,last,agencies,690,2405000
S3,test,India,last,companies,668,2405000
S3,test,India,last,memorial,663,2405000
S3,test,India,last,textiles,663,2405000
S3,test,India,last,delhi,659,2405000
S3,test,India,last,seva,659,2405000
S3,test,India,last,hotel,645,2405000
S3,test,India,last,medical,622,2405000
S3,test,India,last,sys,601,2405000
S3,test,India,last,motors,594,2405000
S3,test,India,last,of,575,2405000
S3,test,India,last,automobiles,570,2405000
S3,test,India,last,jewellers,562,2405000
S3,test,India,last,garments,561,2405000
S3,test,India,last,ਲਿ,556,2405000
S3,test,India,last,pártners,545,2405000
S3,test,India,last,cómpany,541,2405000
S3,test,India,last,restaurant,533,2405000
S3,test,India,last,general,528,2405000
S3,test,India,last,stores,527,2405000
S3,test,India,last,córp,525,2405000
S3,test,India,last,furniture,521,2405000
S3,test,India,last,hardware,517,2405000
S3,test,India,last,córporation,512,2405000
S3,test,India,last,sweets,507,2405000
S3,test,India,last,bakery,503,2405000
S3,test,India,last,nursing,497,2405000
S3,test,India,last,medicals,493,2405000
S3,test,India,last,provision,488,2405000
S3,test,India,last,real,484,2405000
S3,test,India,last,pharmacy,479,2405000
S3,test,India,last,trúst,413,2405000
S3,test,India,last,farmer,408,2405000
S3,test,India,last,law,407,2405000
S3,test,India,last,digital,395,2405000
S3,test,India,last,security,395,2405000
S3,test,India,last,solution,394,2405000
S3,test,India,last,health,393,2405000
S3,test,India,last,1imited,391,2405000
S3,test,India,last,टेक्नोलॉजीज,388,2405000
S3,test,India,last,life,379,2405000
S3,test,India,last,pharmaceuticals,377,2405000
S3,test,India,last,engineers,372,2405000
S3,test,India,last,gróup,372,2405000
S3,test,India,last,chemicals,368,2405000
S3,test,India,last,इंजीनियरिंग,368,2405000
S3,test,India,last,estates,365,2405000
S3,test,India,last,education,364,2405000
S3,test,India,last,green,363,2405000
S3,test,India,last,realty,363,2405000
S3,test,India,last,सॉल्यूशंस,362,2405000
S3,test,India,last,índia,358,2405000
S3,test,India,last,इंडस्ट्रीज,356,2405000
S3,test,India,last,research,353,2405000
S3,test,India,last,resorts,351,2405000
S3,test,India,last,pharma,348,2405000
S3,test,India,last,hotels,347,2405000
S3,test,India,last,financial,346,2405000
S3,test,India,last,chits,344,2405000
S3,test,India,last,entertainment,336,2405000
S3,test,India,last,city,335,2405000
S3,test,India,last,कंस्ट्रक्शंस,334,2405000
S3,test,India,last,ट्रेडिंग,332,2405000
S3,test,India,last,एंटरप्राइजेज,331,2405000
S3,test,India,last,mills,330,2405000
S3,test,India,last,5ervice,329,2405000
S3,test,India,last,farms,329,2405000
S3,test,India,last,chit,328,2405000
S3,test,India,last,फूड्स,327,2405000
S3,test,India,last,exim,318,2405000
S3,test,India,last,sérvice,304,2405000
S3,test,India,last,nidhi,303,2405000
S3,test,India,last,development,297,2405000
S3,test,India,last,ପି,296,2405000
S3,test,India,last,travels,294,2405000
S3,test,India,last,fund,280,2405000
S3,test,India,last,capital,279,2405000
S3,test,India,last,mumbai,275,2405000
S3,test,India,last,innovations,274,2405000
S3,test,India,last,clínic,273,2405000
S3,test,India,last,fóundation,273,2405000
S3,test,India,last,farmers,272,2405000
S3,test,India,last,buildcon,271,2405000
S3,test,India,last,realtors,270,2405000
S3,test,India,last,ਐਲਐਲਪੀ,270,2405000
S3,test,India,last,securities,268,2405000
S3,test,India,last,shree,267,2405000
S3,test,India,last,advisory,266,2405000
S3,test,India,last,ássociates,266,2405000
S3,test,India,last,मैनेजमेंट,265,2405000
S3,test,India,last,एस्टेट,263,2405000
S3,test,India,last,डेवलपर्स,263,2405000
S3,test,India,last,homes,262,2405000
S3,test,India,last,प्रोजेक्ट्स,260,2405000
S3,test,India,last,कंस्ट्रक्शन,259,2405000
S3,test,India,last,solar,255,2405000
S3,test,India,last,इंटरनेशनल,254,2405000
S3,test,India,last,sales,253,2405000
S3,test,India,last,फूड,253,2405000
S3,test,India,last,प्रोडक्ट्स,251,2405000
S3,test,India,last,लॉजिस्टिक्स,245,2405000
S3,test,India,last,सर्विसेज,245,2405000
S3,test,India,last,हॉस्पिटैलिटी,245,2405000
S3,test,India,last,c0,244,2405000
S3,test,India,last,इंफ्रास्ट्रक्चर,241,2405000
S3,test,India,last,bróthers,240,2405000
S3,test,India,last,network,240,2405000
S3,test,India,last,trade,239,2405000
S3,test,India,last,leasing,238,2405000
S3,test,India,last,फाइनेंस,238,2405000
S3,test,India,last,वेंचर्स,237,2405000
S3,test,India,last,इंफ्रा,234,2405000
S3,test,India,last,इन्वेस्टमेंट्स,234,2405000
S3,test,India,last,मार्केटिंग,234,2405000
S3,test,India,last,सॉफ्टवेयर,234,2405000
S3,test,India,last,हेल्थकेयर,231,2405000
S3,test,India,last,design,230,2405000
S3,test,India,last,housing,229,2405000
S3,test,India,last,फाउंडेशन,229,2405000
S3,test,India,last,new,228,2405000
S3,test,India,last,works,224,2405000
S3,test,India,last,सिस्टम्स,224,2405000
S3,test,India,last,बिजनेस,223,2405000
S3,test,India,last,इम्पेक्स,222,2405000
S3,test,India,last,प्रॉपर्टीज,222,2405000
S3,test,India,last,retail,221,2405000
S3,test,India,last,commercial,219,2405000
S3,test,India,last,केयर,219,2405000
S3,test,India,last,ग्लोबल,219,2405000
S3,test,India,last,टेक,219,2405000
S3,test,India,last,इन्वेस्टमेंट,217,2405000
S3,test,India,last,एग्रो,216,2405000
S3,test,India,last,sángh,213,2405000
S3,test,India,last,cónsultants,212,2405000
S3,test,India,last,कंसल्टेंट्स,212,2405000
S3,test,India,last,बिल्डर्स,212,2405000
S3,test,India,last,कंसल्टिंग,211,2405000
S3,test,India,last,टेक्नोलॉजी,211,2405000
S3,test,India,last,आईटी,210,2405000
S3,test,India,last,एनर्जी,210,2405000
S3,test,India,last,कंसल्टेंसी,210,2405000
S3,test,India,last,beverages,208,2405000
S3,test,India,last,hóldings,208,2405000
S3,test,India,last,मीडिया,208,2405000
S3,test,India,last,प्रोड्यूसर,207,2405000
S3,test,India,last,इंफोटेक,203,2405000
S3,test,India,last,पावर,203,2405000
S3,test,India,last,auto,202,2405000
S3,test,India,last,sóciety,202,2405000
S3,test,India,last,एक्सपोर्ट्स,200,2405000
S3,test,US,first,the,31431,1945701
S3,test,US,first,llc,25564,1945701
S3,test,US,first,pediatric,18362,1945701
S3,test,US,first,inc,18236,1945701
S3,test,US,first,family,8133,1945701
S3,test,US,first,a,7201,1945701
S3,test,US,first,corp,6766,1945701
S3,test,US,first,foot,6342,1945701
S3,test,US,first,primary,6317,1945701
S3,test,US,first,surgical,6213,1945701
S3,test,US,first,dermatology,6196,1945701
S3,test,US,first,blue,6156,1945701
S3,test,US,first,ear,6142,1945701
S3,test,US,first,behavioral,6130,1945701
S3,test,US,first,eye,6108,1945701
S3,test,US,first,urgent,6107,1945701
S3,test,US,first,cardiology,6093,1945701
S3,test,US,first,dental,6092,1945701
S3,test,US,first,internal,6037,1945701
S3,test,US,first,orthopedic,6007,1945701
S3,test,US,first,vision,5998,1945701
S3,test,US,first,chiropractic,5989,1945701
S3,test,US,first,co,5905,1945701
S3,test,US,first,womens,5888,1945701
S3,test,US,first,physical,5813,1945701
S3,test,US,first,group,5794,1945701
S3,test,US,first,oncology,5774,1945701
S3,test,US,first,partners,5764,1945701
S3,test,US,first,urology,5758,1945701
S3,test,US,first,fresh,5586,1945701
S3,test,US,first,holdings,5533,1945701
S3,test,US,first,bright,5431,1945701
S3,test,US,first,ltd,5358,1945701
S3,test,US,first,silver,5357,1945701
S3,test,US,first,golden,5299,1945701
S3,test,US,first,smith,5150,1945701
S3,test,US,first,regional,5091,1945701
S3,test,US,first,cascade,4811,1945701
S3,test,US,first,pacific,4803,1945701
S3,test,US,first,atlantic,4797,1945701
S3,test,US,first,global,4779,1945701
S3,test,US,first,continental,4716,1945701
S3,test,US,first,heritage,4662,1945701
S3,test,US,first,summit,4558,1945701
S3,test,US,first,metropolitan,4552,1945701
S3,test,US,first,federal,4539,1945701
S3,test,US,first,allied,4530,1945701
S3,test,US,first,interstate,4483,1945701
S3,test,US,first,valley,4393,1945701
S3,test,US,first,first,4341,1945701
S3,test,US,first,national,4303,1945701
S3,test,US,first,metro,4242,1945701
S3,test,US,first,l,4214,1945701
S3,test,US,first,american,4183,1945701
S3,test,US,first,harbor,4150,1945701
S3,test,US,first,great,4138,1945701
S3,test,US,first,johnson,4136,1945701
S3,test,US,first,highland,4124,1945701
S3,test,US,first,rocky,4101,1945701
S3,test,US,first,capital,4066,1945701
S3,test,US,first,premier,4057,1945701
S3,test,US,first,liberty,4056,1945701
S3,test,US,first,united,4055,1945701
S3,test,US,first,ridge,4053,1945701
S3,test,US,first,piedmont,4034,1945701
S3,test,US,first,patriot,4024,1945701
S3,test,US,first,frontier,4010,1945701
S3,test,US,first,center,4006,1945701
S3,test,US,first,midwest,3994,1945701
S3,test,US,first,empire,3985,1945701
S3,test,US,first,prairie,3966,1945701
S3,test,US,first,gulf,3953,1945701
S3,test,US,first,desert,3928,1945701
S3,test,US,first,tri,3895,1945701
S3,test,US,first,mountain,3890,1945701
S3,test,US,first,coastal,3876,1945701
S3,test,US,first,bay,3871,1945701
S3,test,US,first,delta,3844,1945701
S3,test,US,first,green,3816,1945701
S3,test,US,first,heartland,3813,1945701
S3,test,US,first,colonial,3797,1945701
S3,test,US,first,strategic,3742,1945701
S3,test,US,first,anchor,3634,1945701
S3,test,US,first,integrated,3605,1945701
S3,test,US,first,cornerstone,3567,1945701
S3,test,US,first,williams,3564,1945701
S3,test,US,first,horizon,3552,1945701
S3,test,US,first,dynamic,3520,1945701
S3,test,US,first,advanced,3518,1945701
S3,test,US,first,unified,3491,1945701
S3,test,US,first,superior,3482,1945701
S3,test,US,first,reliable,3458,1945701
S3,test,US,first,apex,3445,1945701
S3,test,US,first,vanguard,3425,1945701
S3,test,US,first,keystone,3391,1945701
S3,test,US,first,precision,3373,1945701
S3,test,US,first,pinnacle,3366,1945701
S3,test,US,first,beacon,3307,1945701
S3,test,US,first,west,3255,1945701
S3,test,US,first,sterling,3242,1945701
S3,test,US,first,ace,3175,1945701
S3,test,US,first,modern,3077,1945701
S3,test,US,first,smart,3075,1945701
S3,test,US,first,custom,3058,1945701
S3,test,US,first,peak,3043,1945701
S3,test,US,first,safe,3038,1945701
S3,test,US,first,clear,3031,1945701
S3,test,US,first,creative,3025,1945701
S3,test,US,first,jones,3020,1945701
S3,test,US,first,select,3016,1945701
S3,test,US,first,better,3013,1945701
S3,test,US,first,clean,3013,1945701
S3,test,US,first,total,2985,1945701
S3,test,US,first,certified,2971,1945701
S3,test,US,first,quality,2969,1945701
S3,test,US,first,grand,2968,1945701
S3,test,US,first,brown,2966,1945701
S3,test,US,first,value,2966,1945701
S3,test,US,first,legacy,2956,1945701
S3,test,US,first,royal,2954,1945701
S3,test,US,first,innovative,2953,1945701
S3,test,US,first,complete,2930,1945701
S3,test,US,first,platinum,2930,1945701
S3,test,US,first,rapid,2922,1945701
S3,test,US,first,signature,2917,1945701
S3,test,US,first,choice,2916,1945701
S3,test,US,first,preferred,2914,1945701
S3,test,US,first,star,2908,1945701
S3,test,US,first,express,2886,1945701
S3,test,US,first,best,2884,1945701
S3,test,US,first,diamond,2877,1945701
S3,test,US,first,crystal,2876,1945701
S3,test,US,first,secure,2857,1945701
S3,test,US,first,classic,2851,1945701
S3,test,US,first,east,2849,1945701
S3,test,US,first,direct,2847,1945701
S3,test,US,first,all,2835,1945701
S3,test,US,first,pioneer,2828,1945701
S3,test,US,first,big,2809,1945701
S3,test,US,first,trusted,2788,1945701
S3,test,US,first,prime,2787,1945701
S3,test,US,first,north,2762,1945701
S3,test,US,first,optimal,2762,1945701
S3,test,US,first,elite,2753,1945701
S3,test,US,first,supreme,2725,1945701
S3,test,US,first,upper,2688,1945701
S3,test,US,first,southern,2676,1945701
S3,test,US,first,eastern,2653,1945701
S3,test,US,first,western,2645,1945701
S3,test,US,first,south,2639,1945701
S3,test,US,first,little,2622,1945701
S3,test,US,first,northern,2622,1945701
S3,test,US,first,services,2610,1945701
S3,test,US,first,davis,2576,1945701
S3,test,US,first,garcia,2570,1945701
S3,test,US,first,lower,2540,1945701
S3,test,US,first,urban,2470,1945701
S3,test,US,first,cure,2455,1945701
S3,test,US,first,miller,2449,1945701
S3,test,US,first,maid,2427,1945701
S3,test,US,first,main,2397,1945701
S3,test,US,first,corner,2392,1945701
S3,test,US,first,sweet,2368,1945701
S3,test,US,first,straight,2367,1945701
S3,test,US,first,twisted,2357,1945701
S3,test,US,first,downtown,2345,1945701
S3,test,US,first,back,2344,1945701
S3,test,US,first,cozy,2327,1945701
S3,test,US,first,happy,2314,1945701
S3,test,US,first,red,2312,1945701
S3,test,US,first,rev,2312,1945701
S3,test,US,first,hernandez,2228,1945701
S3,test,US,first,martinez,2222,1945701
S3,test,US,first,department,2198,1945701
S3,test,US,first,uptown,2189,1945701
S3,test,US,first,community,2168,1945701
S3,test,US,first,lucky,2158,1945701
S3,test,US,first,rodriguez,2135,1945701
S3,test,US,first,youth,2123,1945701
S3,test,US,first,p,2105,1945701
S3,test,US,first,bureau,2009,1945701
S3,test,US,first,board,1996,1945701
S3,test,US,first,office,1990,1945701
S3,test,US,first,division,1948,1945701
S3,test,US,first,commission,1925,1945701
S3,test,US,first,lopez,1915,1945701
S3,test,US,first,health,1757,1945701
S3,test,US,first,thomas,1686,1945701
S3,test,US,first,lee,1662,1945701
S3,test,US,first,gonzalez,1655,1945701
S3,test,US,first,anderson,1649,1945701
S3,test,US,first,wilson,1626,1945701
S3,test,US,first,perez,1599,1945701
S3,test,US,first,taylor,1595,1945701
S3,test,US,first,heart,1558,1945701
S3,test,US,first,moore,1535,1945701
S3,test,US,first,interfaith,1509,1945701
S3,test,US,first,martin,1503,1945701
S3,test,US,first,housing,1484,1945701
S3,test,US,first,veterans,1460,1945701
S3,test,US,first,hunger,1457,1945701
S3,test,US,first,children,1451,1945701
S3,test,US,first,jackson,1449,1945701
S3,test,US,first,asset,1447,1945701
S3,test,US,first,white,1434,1945701
S3,test,US,first,saint,1426,1945701
S3,test,US,first,cancer,1409,1945701
S3,test,US,first,education,1401,1945701
S3,test,US,first,autism,1398,1945701
S3,test,US,first,human,1393,1945701
S3,test,US,first,arts,1391,1945701
S3,test,US,first,cultural,1388,1945701
S3,test,US,first,wildlife,1372,1945701
S3,test,US,first,scholarship,1354,1945701
S3,test,US,first,literacy,1338,1945701
S3,test,US,first,memorial,1338,1945701
S3,test,US,first,harris,1336,1945701
S3,test,US,first,st,1334,1945701
S3,test,US,first,environmental,1324,1945701
S3,test,US,first,new,1322,1945701
S3,test,US,first,animal,1302,1945701
S3,test,US,first,thompson,1300,1945701
S3,test,US,first,service,1297,1945701
S3,test,US,first,beth,1296,1945701
S3,test,US,first,economic,1288,1945701
S3,test,US,first,historical,1281,1945701
S3,test,US,first,t,1265,1945701
S3,test,US,first,trinity,1265,1945701
S3,test,US,first,holy,1264,1945701
S3,test,US,first,n,1243,1945701
S3,test,US,first,congregation,1237,1945701
S3,test,US,first,sanchez,1234,1945701
S3,test,US,first,incorporated,1219,1945701
S3,test,US,first,d,1213,1945701
S3,test,US,first,mount,1213,1945701
S3,test,US,first,m,1208,1945701
S3,test,US,first,v,1206,1945701
S3,test,US,first,pc,1202,1945701
S3,test,US,first,q,1195,1945701
S3,test,US,first,y,1195,1945701
S3,test,US,first,r,1194,1945701
S3,test,US,first,ramirez,1192,1945701
S3,test,US,first,lewis,1172,1945701
S3,test,US,first,christ,1171,1945701
S3,test,US,first,e,1159,1945701
S3,test,US,first,g,1157,1945701
S3,test,US,first,clark,1156,1945701
S3,test,US,first,grace,1152,1945701
S3,test,US,first,o,1150,1945701
S3,test,US,first,h,1148,1945701
S3,test,US,first,j,1148,1945701
S3,test,US,first,temple,1147,1945701
S3,test,US,first,w,1139,1945701
S3,test,US,first,u,1136,1945701
S3,test,US,first,robinson,1127,1945701
S3,test,US,first,pllc,1108,1945701
S3,test,US,first,i,1099,1945701
S3,test,US,first,b,1093,1945701
S3,test,US,first,c,1091,1945701
S3,test,US,first,k,1086,1945701
S3,test,US,first,f,1053,1945701
S3,test,US,first,king,1051,1945701
S3,test,US,first,walker,1036,1945701
S3,test,US,first,z,1034,1945701
S3,test,US,first,hill,1030,1945701
S3,test,US,first,s,1029,1945701
S3,test,US,first,young,1028,1945701
S3,test,US,first,meridian,1016,1945701
S3,test,US,first,wright,1016,1945701
S3,test,US,first,x,1011,1945701
S3,test,US,first,torres,988,1945701
S3,test,US,first,adams,963,1945701
S3,test,US,first,allen,953,1945701
S3,test,US,first,scott,916,1945701
S3,test,US,first,lp,913,1945701
S3,test,US,first,flores,904,1945701
S3,test,US,first,baker,895,1945701
S3,test,US,first,nguyen,884,1945701
S3,test,US,first,carter,865,1945701
S3,test,US,first,hall,858,1945701
S3,test,US,first,campbell,849,1945701
S3,test,US,first,gomez,845,1945701
S3,test,US,first,mitchell,840,1945701
S3,test,US,first,nelson,832,1945701
S3,test,US,first,rivera,822,1945701
S3,test,US,first,central,817,1945701
S3,test,US,first,diaz,792,1945701
S3,test,US,first,vega,792,1945701
S3,test,US,first,phillips,788,1945701
S3,test,US,first,morris,773,1945701
S3,test,US,first,data,753,1945701
S3,test,US,first,baptist,746,1945701
S3,test,US,first,evans,742,1945701
S3,test,US,first,roberts,742,1945701
S3,test,US,first,credit,740,1945701
S3,test,US,first,electronic,727,1945701
S3,test,US,first,diversified,724,1945701
S3,test,US,first,1,716,1945701
S3,test,US,first,stewart,705,1945701
S3,test,US,first,turner,703,1945701
S3,test,US,first,morgan,700,1945701
S3,test,US,first,mutual,698,1945701
S3,test,US,first,consolidated,697,1945701
S3,test,US,first,digital,696,1945701
S3,test,US,first,morales,696,1945701
S3,test,US,first,ínc,691,1945701
S3,test,US,first,collins,687,1945701
S3,test,US,first,cooperative,687,1945701
S3,test,US,first,edwards,687,1945701
S3,test,US,first,universal,686,1945701
S3,test,US,first,international,684,1945701
S3,test,US,first,standard,681,1945701
S3,test,US,first,raven,678,1945701
S3,test,US,first,parker,677,1945701
S3,test,US,first,corporate,674,1945701
S3,test,US,first,general,670,1945701
S3,test,US,first,cruz,664,1945701
S3,test,US,first,business,659,1945701
S3,test,US,first,reed,658,1945701
S3,test,US,first,murphy,653,1945701
S3,test,US,first,industrial,652,1945701
S3,test,US,first,rogers,647,1945701
S3,test,US,first,associated,646,1945701
S3,test,US,first,transcontinental,642,1945701
S3,test,US,first,kim,635,1945701
S3,test,US,first,aurora,634,1945701
S3,test,US,first,applied,633,1945701
S3,test,US,first,gutierrez,628,1945701
S3,test,US,first,automated,627,1945701
S3,test,US,first,ironclad,626,1945701
S3,test,US,first,cooper,619,1945701
S3,test,US,first,brooks,605,1945701
S3,test,US,first,titan,604,1945701
S3,test,US,first,redwood,600,1945701
S3,test,US,first,20,596,1945701
S3,test,US,first,bailey,596,1945701
S3,test,US,first,falcon,596,1945701
S3,test,US,first,james,593,1945701
S3,test,US,first,commercial,592,1945701
S3,test,US,first,jasper,587,1945701
S3,test,US,first,solstice,586,1945701
S3,test,US,first,city,585,1945701
S3,test,US,first,cedar,582,1945701
S3,test,US,first,peterson,578,1945701
S3,test,US,first,cobalt,577,1945701
S3,test,US,first,ortiz,575,1945701
S3,test,US,first,24hr,574,1945701
S3,test,US,first,cardinal,571,1945701
S3,test,US,first,quartz,568,1945701
S3,test,US,first,atlas,567,1945701
S3,test,US,first,kelly,564,1945701
S3,test,US,first,howard,563,1945701
S3,test,US,first,forge,561,1945701
S3,test,US,first,everest,560,1945701
S3,test,US,first,monarch,557,1945701
S3,test,US,first,washington,557,1945701
S3,test,US,first,richardson,555,1945701
S3,test,US,first,northwind,553,1945701
S3,test,US,first,plumbers,552,1945701
S3,test,US,first,gray,551,1945701
S3,test,US,first,flint,548,1945701
S3,test,US,first,romero,547,1945701
S3,test,US,first,sanders,545,1945701
S3,test,US,first,willow,545,1945701
S3,test,US,first,jimenez,544,1945701
S3,test,US,first,sapphire,544,1945701
S3,test,US,first,patterson,538,1945701
S3,test,US,first,osprey,536,1945701
S3,test,US,first,birch,535,1945701
S3,test,US,first,electricians,535,1945701
S3,test,US,first,lynx,534,1945701
S3,test,US,first,wood,533,1945701
S3,test,US,first,cinder,530,1945701
S3,test,US,first,vertex,530,1945701
S3,test,US,first,watson,530,1945701
S3,test,US,first,reyes,529,1945701
S3,test,US,first,teamsters,529,1945701
S3,test,US,first,myers,528,1945701
S3,test,US,first,carpenters,527,1945701
S3,test,US,first,ward,527,1945701
S3,test,US,first,bell,524,1945701
S3,test,US,first,zephyr,523,1945701
S3,test,US,first,obsidian,522,1945701
S3,test,US,first,compass,521,1945701
S3,test,US,first,fisher,517,1945701
S3,test,US,first,henderson,517,1945701
S3,test,US,first,longshoremen,517,1945701
S3,test,US,first,halcyon,513,1945701
S3,test,US,first,ross,512,1945701
S3,test,US,first,nova,510,1945701
S3,test,US,first,cox,509,1945701
S3,test,US,first,aspen,508,1945701
S3,test,US,first,bricklayers,508,1945701
S3,test,US,first,ridgeline,508,1945701
S3,test,US,first,bison,507,1945701
S3,test,US,first,stag,506,1945701
S3,test,US,first,sequoia,505,1945701
S3,test,US,first,cook,504,1945701
S3,test,US,first,emerald,504,1945701
S3,test,US,first,granite,504,1945701
S3,test,US,first,professional,504,1945701
S3,test,US,first,ramos,503,1945701
S3,test,US,first,patel,502,1945701
S3,test,US,first,powell,500,1945701
S3,test,US,first,basalt,496,1945701
S3,test,US,first,gonzales,496,1945701
S3,test,US,first,polaris,496,1945701
S3,test,US,first,ruiz,496,1945701
S3,test,US,first,super,494,1945701
S3,test,US,first,amber,493,1945701
S3,test,US,first,juniper,493,1945701
S3,test,US,first,chavez,490,1945701
S3,test,US,first,foster,490,1945701
S3,test,US,first,orion,486,1945701
S3,test,US,first,painters,486,1945701
S3,test,US,first,ember,485,1945701
S3,test,US,first,kestrel,484,1945701
S3,test,US,first,alvarez,483,1945701
S3,test,US,first,cypress,483,1945701
S3,test,US,first,hayes,483,1945701
S3,test,US,first,price,483,1945701
S3,test,US,first,timber,483,1945701
S3,test,US,first,lantern,482,1945701
S3,test,US,first,lyra,482,1945701
S3,test,US,first,sirius,482,1945701
S3,test,US,first,zenith,480,1945701
S3,test,US,first,slate,479,1945701
S3,test,US,first,bastion,477,1945701
S3,test,US,first,mcdonald,475,1945701
S3,test,US,first,helios,470,1945701
S3,test,US,first,ironworkers,470,1945701
S3,test,US,first,crestline,465,1945701
S3,test,US,first,hughes,463,1945701
S3,test,US,first,barnes,461,1945701
S3,test,US,first,gibson,460,1945701
S3,test,US,first,medina,460,1945701
S3,test,US,first,equinox,459,1945701
S3,test,US,first,moreno,456,1945701
S3,test,US,first,russell,454,1945701
S3,test,US,first,anvil,452,1945701
S3,test,US,first,firefighters,451,1945701
S3,test,US,first,alexander,450,1945701
S3,test,US,first,coleman,449,1945701
S3,test,US,first,onyx,449,1945701
S3,test,US,first,graham,448,1945701
S3,test,US,first,foundry,446,1945701
S3,test,US,first,sullivan,446,1945701
S3,test,US,first,steelworkers,445,1945701
S3,test,US,first,studio,443,1945701
S3,test,US,first,machinists,442,1945701
S3,test,US,first,perry,442,1945701
S3,test,US,first,pipefitters,440,1945701
S3,test,US,first,aguilar,439,1945701
S3,test,US,first,care,439,1945701
S3,test,US,first,citadel,439,1945701
S3,test,US,first,jenkins,437,1945701
S3,test,US,first,bennett,436,1945701
S3,test,US,first,simmons,436,1945701
S3,test,US,first,hamilton,435,1945701
S3,test,US,first,town,435,1945701
S3,test,US,first,griffin,433,1945701
S3,test,US,first,ellis,429,1945701
S3,test,US,first,herrera,428,1945701
S3,test,US,first,mendoza,428,1945701
S3,test,US,first,butler,424,1945701
S3,test,US,first,long,422,1945701
S3,test,US,first,vasquez,418,1945701
S3,test,US,first,harrison,417,1945701
S3,test,US,first,laborers,417,1945701
S3,test,US,first,operating,417,1945701
S3,test,US,first,route,412,1945701
S3,test,US,first,marshall,408,1945701
S3,test,US,first,jordan,407,1945701
S3,test,US,first,snyder,405,1945701
S3,test,US,first,stevens,402,1945701
S3,test,US,first,2,401,1945701
S3,test,US,first,bryant,400,1945701
S3,test,US,first,cole,400,1945701
S3,test,US,first,wallace,398,1945701
S3,test,US,first,rose,397,1945701
S3,test,US,first,vargas,395,1945701
S3,test,US,first,porter,393,1945701
S3,test,US,first,webb,393,1945701
S3,test,US,first,reynolds,391,1945701
S3,test,US,first,kennedy,387,1945701
S3,test,US,first,6,385,1945701
S3,test,US,first,chen,385,1945701
S3,test,US,first,simpson,384,1945701
S3,test,US,first,robertson,381,1945701
S3,test,US,first,warren,379,1945701
S3,test,US,first,austin,378,1945701
S3,test,US,first,castillo,378,1945701
S3,test,US,first,crawford,376,1945701
S3,test,US,first,tran,376,1945701
S3,test,US,first,mendez,372,1945701
S3,test,US,first,castro,371,1945701
S3,test,US,first,palmer,370,1945701
S3,test,US,first,murray,369,1945701
S3,test,US,first,munoz,368,1945701
S3,test,US,first,freeman,364,1945701
S3,test,US,first,ford,362,1945701
S3,test,US,first,5,360,1945701
S3,test,US,first,woods,360,1945701
S3,test,US,first,ray,354,1945701
S3,test,US,first,fox,353,1945701
S3,test,US,first,7,351,1945701
S3,test,US,first,houston,351,1945701
S3,test,US,first,wells,351,1945701
S3,test,US,first,gardner,349,1945701
S3,test,US,first,stone,348,1945701
S3,test,US,first,4,347,1945701
S3,test,US,first,arnold,345,1945701
S3,test,US,first,hicks,345,1945701
S3,test,US,first,tucker,345,1945701
S3,test,US,first,guzman,344,1945701
S3,test,US,first,3,343,1945701
S3,test,US,first,corporation,340,1945701
S3,test,US,first,dixon,337,1945701
S3,test,US,first,silva,337,1945701
S3,test,US,first,mills,334,1945701
S3,test,US,first,peters,334,1945701
S3,test,US,first,spencer,334,1945701
S3,test,US,first,9,333,1945701
S3,test,US,first,fernandez,333,1945701
S3,test,US,first,schmidt,333,1945701
S3,test,US,first,meyer,332,1945701
S3,test,US,first,grant,331,1945701
S3,test,US,first,salazar,331,1945701
S3,test,US,first,henry,328,1945701
S3,test,US,first,rios,328,1945701
S3,test,US,first,burns,327,1945701
S3,test,US,first,carroll,327,1945701
S3,test,US,first,nunez,327,1945701
S3,test,US,first,vazquez,327,1945701
S3,test,US,first,8,325,1945701
S3,test,US,first,franklin,324,1945701
S3,test,US,first,carpenter,323,1945701
S3,test,US,first,boyd,322,1945701
S3,test,US,first,mason,321,1945701
S3,test,US,first,shaw,320,1945701
S3,test,US,first,cunningham,318,1945701
S3,test,US,first,gordon,318,1945701
S3,test,US,first,harper,317,1945701
S3,test,US,first,owens,315,1945701
S3,test,US,first,bradley,312,1945701
S3,test,US,first,george,312,1945701
S3,test,US,first,weaver,312,1945701
S3,test,US,first,ryan,311,1945701
S3,test,US,first,may,310,1945701
S3,test,US,first,of,309,1945701
S3,test,US,first,rice,309,1945701
S3,test,US,first,johnston,308,1945701
S3,test,US,first,lane,307,1945701
S3,test,US,first,olson,306,1945701
S3,test,US,first,valdez,305,1945701
S3,test,US,first,montgomery,303,1945701
S3,test,US,first,knight,301,1945701
S3,test,US,first,nichols,301,1945701
S3,test,US,first,black,300,1945701
S3,test,US,first,elliott,300,1945701
S3,test,US,first,hunt,299,1945701
S3,test,US,first,soto,299,1945701
S3,test,US,first,village,299,1945701
S3,test,US,first,page,298,1945701
S3,test,US,first,andrews,297,1945701
S3,test,US,first,burke,297,1945701
S3,test,US,first,lawrence,296,1945701
S3,test,US,first,ortega,294,1945701
S3,test,US,first,fort,293,1945701
S3,test,US,first,hawkins,292,1945701
S3,test,US,first,holmes,291,1945701
S3,test,US,first,wagner,291,1945701
S3,test,US,first,hoffman,290,1945701
S3,test,US,first,payne,290,1945701
S3,test,US,first,armstrong,289,1945701
S3,test,US,first,alvarado,286,1945701
S3,test,US,first,larson,286,1945701
S3,test,US,first,and,285,1945701
S3,test,US,first,ferguson,285,1945701
S3,test,US,first,obrien,285,1945701
S3,test,US,first,perkins,285,1945701
S3,test,US,first,watkins,285,1945701
S3,test,US,first,li,284,1945701
S3,test,US,first,gilbert,283,1945701
S3,test,US,first,zion,282,1945701
S3,test,US,first,guerrero,281,1945701
S3,test,US,first,hansen,281,1945701
S3,test,US,first,daniels,278,1945701
S3,test,US,first,matthews,278,1945701
S3,test,US,first,hunter,277,1945701
S3,test,US,first,pena,277,1945701
S3,test,US,first,pierce,277,1945701
S3,test,US,first,banks,276,1945701
S3,test,US,first,kelley,276,1945701
S3,test,US,first,fuller,275,1945701
S3,test,US,first,greene,274,1945701
S3,test,US,first,willis,273,1945701
S3,test,US,first,park,272,1945701
S3,test,US,first,wang,270,1945701
S3,test,US,first,jacobs,269,1945701
S3,test,US,first,hudson,268,1945701
S3,test,US,first,weber,267,1945701
S3,test,US,first,chapman,266,1945701
S3,test,US,first,maldonado,264,1945701
S3,test,US,first,santos,264,1945701
S3,test,US,first,contreras,263,1945701
S3,test,US,first,richards,263,1945701
S3,test,US,first,yang,263,1945701
S3,test,US,first,lara,262,1945701
S3,test,US,first,williamson,262,1945701
S3,test,US,first,lucas,261,1945701
S3,test,US,first,stephens,261,1945701
S3,test,US,first,associates,260,1945701
S3,test,US,first,garza,260,1945701
S3,test,US,first,riley,260,1945701
S3,test,US,first,hart,259,1945701
S3,test,US,first,le,258,1945701
S3,test,US,first,dean,256,1945701
S3,test,US,first,wong,256,1945701
S3,test,US,first,chandler,255,1945701
S3,test,US,first,welch,255,1945701
S3,test,US,first,gill,253,1945701
S3,test,US,first,newman,253,1945701
S3,test,US,first,lin,251,1945701
S3,test,US,first,reid,251,1945701
S3,test,US,first,schneider,249,1945701
S3,test,US,first,davidson,247,1945701
S3,test,US,first,duncan,246,1945701
S3,test,US,first,walsh,245,1945701
S3,test,US,first,berry,244,1945701
S3,test,US,first,miles,244,1945701
S3,test,US,first,dunn,243,1945701
S3,test,US,first,garrett,243,1945701
S3,test,US,first,sandoval,242,1945701
S3,test,US,first,carlson,239,1945701
S3,test,US,first,harvey,239,1945701
S3,test,US,first,haynes,239,1945701
S3,test,US,first,jensen,239,1945701
S3,test,US,first,mejia,239,1945701
S3,test,US,first,day,238,1945701
S3,test,US,first,leonard,236,1945701
S3,test,US,first,norris,234,1945701
S3,test,US,first,dawson,233,1945701
S3,test,US,first,estrada,233,1945701
S3,test,US,first,fields,232,1945701
S3,test,US,first,parks,231,1945701
S3,test,US,first,bowman,230,1945701
S3,test,US,first,chambers,230,1945701
S3,test,US,first,blair,229,1945701
S3,test,US,first,hail,229,1945701
S3,test,US,first,delgado,228,1945701
S3,test,US,first,holland,228,1945701
S3,test,US,first,lowe,228,1945701
S3,test,US,first,santiago,228,1945701
S3,test,US,first,burton,227,1945701
S3,test,US,first,figueroa,227,1945701
S3,test,US,first,sims,227,1945701
S3,test,US,first,wheeler,225,1945701
S3,test,US,first,cortez,224,1945701
S3,test,US,first,lynch,224,1945701
S3,test,US,first,singh,224,1945701
S3,test,US,first,howell,223,1945701
S3,test,US,first,navarro,223,1945701
S3,test,US,first,curtis,222,1945701
S3,test,US,first,dominguez,222,1945701
S3,test,US,first,duran,221,1945701
S3,test,US,first,lawson,221,1945701
S3,test,US,first,wade,220,1945701
S3,test,US,first,oliver,219,1945701
S3,test,US,first,schultz,219,1945701
S3,test,US,first,webster,219,1945701
S3,test,US,first,bishop,218,1945701
S3,test,US,first,la,218,1945701
S3,test,US,first,luna,218,1945701
S3,test,US,first,miranda,216,1945701
S3,test,US,first,byrd,215,1945701
S3,test,US,first,barker,214,1945701
S3,test,US,first,charlotte,214,1945701
S3,test,US,first,fowler,214,1945701
S3,test,US,first,acosta,213,1945701
S3,test,US,first,mccoy,213,1945701
S3,test,US,first,moss,212,1945701
S3,test,US,first,phoenix,212,1945701
S3,test,US,first,zimmerman,212,1945701
S3,test,US,first,roman,211,1945701
S3,test,US,first,bates,210,1945701
S3,test,US,first,douglas,210,1945701
S3,test,US,first,castaneda,209,1945701
S3,test,US,first,espinoza,209,1945701
S3,test,US,first,mccarthy,208,1945701
S3,test,US,first,molina,206,1945701
S3,test,US,first,padilla,206,1945701
S3,test,US,first,ochoa,204,1945701
S3,test,US,first,parsons,204,1945701
S3,test,US,first,vaughn,204,1945701
S3,test,US,first,vu,204,1945701
S3,test,US,first,lake,202,1945701
S3,test,US,first,pineda,202,1945701
S3,test,US,first,fuentes,201,1945701
S3,test,US,first,garner,201,1945701
S3,test,US,first,hopkins,200,1945701
S3,test,US,first,stanley,200,1945701
S3,test,US,last,llc,269987,1945701
S3,test,US,last,inc,209007,1945701
S3,test,US,last,corp,74128,1945701
S3,test,US,last,com,67025,1945701
S3,test,US,last,co,64565,1945701
S3,test,US,last,partners,62163,1945701
S3,test,US,last,center,61121,1945701
S3,test,US,last,ltd,60325,1945701
S3,test,US,last,group,59434,1945701
S3,test,US,last,holdings,48711,1945701
S3,test,US,last,c,43898,1945701
S3,test,US,last,services,38016,1945701
S3,test,US,last,lp,23243,1945701
S3,test,US,last,service,18658,1945701
S3,test,US,last,corporation,18589,1945701
S3,test,US,last,pc,15046,1945701
S3,test,US,last,associates,11637,1945701
S3,test,US,last,pllc,11519,1945701
S3,test,US,last,incorporated,10706,1945701
S3,test,US,last,care,9759,1945701
S3,test,US,last,clinic,7636,1945701
S3,test,US,last,ínc,6324,1945701
S3,test,US,last,valley,5075,1945701
S3,test,US,last,summit,5055,1945701
S3,test,US,last,metro,4987,1945701
S3,test,US,last,highland,4818,1945701
S3,test,US,last,harbor,4798,1945701
S3,test,US,last,coastal,4751,1945701
S3,test,US,last,west,4624,1945701
S3,test,US,last,east,4604,1945701
S3,test,US,last,central,4548,1945701
S3,test,US,last,north,4526,1945701
S3,test,US,last,south,4526,1945701
S3,test,US,last,health,4517,1945701
S3,test,US,last,eastgate,4466,1945701
S3,test,US,last,downtown,4362,1945701
S3,test,US,last,southside,4345,1945701
S3,test,US,last,riverside,4344,1945701
S3,test,US,last,lakeside,4342,1945701
S3,test,US,last,northside,4334,1945701
S3,test,US,last,midtown,4333,1945701
S3,test,US,last,greater,4327,1945701
S3,test,US,last,uptown,4256,1945701
S3,test,US,last,westgate,4243,1945701
S3,test,US,last,medicine,4019,1945701
S3,test,US,last,of,3827,1945701
S3,test,US,last,enterprises,3590,1945701
S3,test,US,last,specialists,3332,1945701
S3,test,US,last,company,3288,1945701
S3,test,US,last,d,3089,1945701
S3,test,US,last,trust,2970,1945701
S3,test,US,last,association,2947,1945701
S3,test,US,last,physicians,2841,1945701
S3,test,US,last,council,2406,1945701
S3,test,US,last,alliance,2395,1945701
S3,test,US,last,federation,2375,1945701
S3,test,US,last,church,2363,1945701
S3,test,US,last,society,2267,1945701
S3,test,US,last,ventures,2255,1945701
S3,test,US,last,foundation,2254,1945701
S3,test,US,last,works,2085,1945701
S3,test,US,last,and,2042,1945701
S3,test,US,last,industries,1982,1945701
S3,test,US,last,s,1952,1945701
S3,test,US,last,ministries,1864,1945701
S3,test,US,last,fellowship,1812,1945701
S3,test,US,last,global,1785,1945701
S3,test,US,last,network,1784,1945701
S3,test,US,last,capital,1710,1945701
S3,test,US,last,fund,1709,1945701
S3,test,US,last,solutions,1650,1945701
S3,test,US,last,institute,1617,1945701
S3,test,US,last,charities,1581,1945701
S3,test,US,last,program,1530,1945701
S3,test,US,last,league,1512,1945701
S3,test,US,last,guild,1503,1945701
S3,test,US,last,trading,1495,1945701
S3,test,US,last,project,1486,1945701
S3,test,US,last,academy,1485,1945701
S3,test,US,last,initiative,1477,1945701
S3,test,US,last,lnc,1471,1945701
S3,test,US,last,school,1468,1945701
S3,test,US,last,cénter,1454,1945701
S3,test,US,last,committee,1453,1945701
S3,test,US,last,digital,1451,1945701
S3,test,US,last,coalition,1450,1945701
S3,test,US,last,worldwide,1449,1945701
S3,test,US,last,management,1445,1945701
S3,test,US,last,dds,1429,1945701
S3,test,US,last,international,1416,1945701
S3,test,US,last,therapy,1415,1945701
S3,test,US,last,massage,1265,1945701
S3,test,US,last,deli,1261,1945701
S3,test,US,last,systems,1260,1945701
S3,test,US,last,technologies,1260,1945701
S3,test,US,last,seafood,1253,1945701
S3,test,US,last,cafe,1244,1945701
S3,test,US,last,laboratories,1227,1945701
S3,test,US,last,studios,1221,1945701
S3,test,US,last,pizza,1220,1945701
S3,test,US,last,grill,1200,1945701
S3,test,US,last,networks,1193,1945701
S3,test,US,last,bakery,1135,1945701
S3,test,US,last,union,1102,1945701
S3,test,US,last,consultants,1098,1945701
S3,test,US,last,realty,1086,1945701
S3,test,US,last,dental,1077,1945701
S3,test,US,last,studio,1075,1945701
S3,test,US,last,pub,1064,1945701
S3,test,US,last,advisors,1057,1945701
S3,test,US,last,investments,1049,1945701
S3,test,US,last,dynamics,1026,1945701
S3,test,US,last,labs,1023,1945701
S3,test,US,last,shop,1023,1945701
S3,test,US,last,w,991,1945701
S3,test,US,last,medical,974,1945701
S3,test,US,last,a,971,1945701
S3,test,US,last,coffee,964,1945701
S3,test,US,last,practice,964,1945701
S3,test,US,last,concepts,951,1945701
S3,test,US,last,md,934,1945701
S3,test,US,last,do,932,1945701
S3,test,US,last,innovations,930,1945701
S3,test,US,last,cardiology,924,1945701
S3,test,US,last,dmd,919,1945701
S3,test,US,last,collective,911,1945701
S3,test,US,last,dpm,899,1945701
S3,test,US,last,products,895,1945701
S3,test,US,last,nails,894,1945701
S3,test,US,last,brands,893,1945701
S3,test,US,last,pediatrics,892,1945701
S3,test,US,last,diner,890,1945701
S3,test,US,last,tavern,884,1945701
S3,test,US,last,yoga,884,1945701
S3,test,US,last,esq,881,1945701
S3,test,US,last,endocrinology,853,1945701
S3,test,US,last,o,851,1945701
S3,test,US,last,pilates,850,1945701
S3,test,US,last,board,846,1945701
S3,test,US,last,cpa,841,1945701
S3,test,US,last,properties,836,1945701
S3,test,US,last,córp,834,1945701
S3,test,US,last,tattoo,832,1945701
S3,test,US,last,hypnosis,821,1945701
S3,test,US,last,district,818,1945701
S3,test,US,last,barbershop,814,1945701
S3,test,US,last,hospital,812,1945701
S3,test,US,last,gróup,811,1945701
S3,test,US,last,authority,805,1945701
S3,test,US,last,bistro,798,1945701
S3,test,US,last,college,796,1945701
S3,test,US,last,commission,793,1945701
S3,test,US,last,family,783,1945701
S3,test,US,last,body,780,1945701
S3,test,US,last,iii,777,1945701
S3,test,US,last,technology,771,1945701
S3,test,US,last,cleaning,740,1945701
S3,test,US,last,all,736,1945701
S3,test,US,last,store,734,1945701
S3,test,US,last,development,731,1945701
S3,test,US,last,pártners,728,1945701
S3,test,US,last,research,726,1945701
S3,test,US,last,security,712,1945701
S3,test,US,last,transport,711,1945701
S3,test,US,last,energy,705,1945701
S3,test,US,last,electronics,701,1945701
S3,test,US,last,assets,700,1945701
S3,test,US,last,software,699,1945701
S3,test,US,last,sérvices,694,1945701
S3,test,US,last,companies,690,1945701
S3,test,US,last,city,688,1945701
S3,test,US,last,resources,688,1945701
S3,test,US,last,supply,684,1945701
S3,test,US,last,auto,680,1945701
S3,test,US,last,v,680,1945701
S3,test,US,last,wellness,679,1945701
S3,test,US,last,hospitality,677,1945701
S3,test,US,last,creative,674,1945701
S3,test,US,last,data,674,1945701
S3,test,US,last,logistics,670,1945701
S3,test,US,last,retail,669,1945701
S3,test,US,last,wireless,664,1945701
S3,test,US,last,office,663,1945701
S3,test,US,last,cream,662,1945701
S3,test,US,last,mortgage,661,1945701
S3,test,US,last,chemical,659,1945701
S3,test,US,last,media,652,1945701
S3,test,US,last,ii,651,1945701
S3,test,US,last,sterling,649,1945701
S3,test,US,last,keystone,642,1945701
S3,test,US,last,freight,639,1945701
S3,test,US,last,construction,632,1945701
S3,test,US,last,engineering,632,1945701
S3,test,US,last,analytics,627,1945701
S3,test,US,last,apex,626,1945701
S3,test,US,last,smith,626,1945701
S3,test,US,last,insurance,623,1945701
S3,test,US,last,financial,622,1945701
S3,test,US,last,regional,621,1945701
S3,test,US,last,fitness,618,1945701
S3,test,US,last,iv,617,1945701
S3,test,US,last,bright,614,1945701
S3,test,US,last,green,614,1945701
S3,test,US,last,star,610,1945701
S3,test,US,last,best,598,1945701
S3,test,US,last,horizon,596,1945701
S3,test,US,last,mountain,596,1945701
S3,test,US,last,llp,595,1945701
S3,test,US,last,healthcare,592,1945701
S3,test,US,last,safe,581,1945701
S3,test,US,last,design,577,1945701
S3,test,US,last,heritage,577,1945701
S3,test,US,last,national,573,1945701
S3,test,US,last,vi,573,1945701
S3,test,US,last,pinnacle,571,1945701
S3,test,US,last,spa,571,1945701
S3,test,US,last,atlantic,570,1945701
S3,test,US,last,first,570,1945701
S3,test,US,last,dynamic,569,1945701
S3,test,US,last,ridge,568,1945701
S3,test,US,last,printing,566,1945701
S3,test,US,last,blue,565,1945701
S3,test,US,last,american,563,1945701
S3,test,US,last,liberty,563,1945701
S3,test,US,last,ássociates,560,1945701
S3,test,US,last,elite,559,1945701
S3,test,US,last,interests,558,1945701
S3,test,US,last,golden,557,1945701
S3,test,US,last,education,554,1945701
S3,test,US,last,fashion,552,1945701
S3,test,US,last,preferred,552,1945701
S3,test,US,last,empire,549,1945701
S3,test,US,last,express,548,1945701
S3,test,US,last,automotive,547,1945701
S3,test,US,last,electric,544,1945701
S3,test,US,last,pharmaceuticals,544,1945701
S3,test,US,last,restaurant,543,1945701
S3,test,US,last,pacific,542,1945701
S3,test,US,last,innovative,541,1945701
S3,test,US,last,diagnostics,540,1945701
S3,test,US,last,lending,540,1945701
S3,test,US,last,biotech,537,1945701
S3,test,US,last,direct,537,1945701
S3,test,US,last,royal,536,1945701
S3,test,US,last,silver,536,1945701
S3,test,US,last,united,535,1945701
S3,test,US,last,rocky,534,1945701
S3,test,US,last,premier,533,1945701
S3,test,US,last,staffing,533,1945701
S3,test,US,last,foods,532,1945701
S3,test,US,last,federal,530,1945701
S3,test,US,last,apparel,529,1945701
S3,test,US,last,farms,529,1945701
S3,test,US,last,integrated,529,1945701
S3,test,US,last,better,528,1945701
S3,test,US,last,consulting,527,1945701
S3,test,US,last,entertainment,527,1945701
S3,test,US,last,motors,527,1945701
S3,test,US,last,manufacturing,526,1945701
S3,test,US,last,prime,523,1945701
S3,test,US,last,select,521,1945701
S3,test,US,last,chiropractic,519,1945701
S3,test,US,last,strategic,518,1945701
S3,test,US,last,wholesale,513,1945701
S3,test,US,last,precision,512,1945701
S3,test,US,last,advanced,509,1945701
S3,test,US,last,pioneer,509,1945701
S3,test,US,last,state,509,1945701
S3,test,US,last,cascade,508,1945701
S3,test,US,last,affairs,507,1945701
S3,test,US,last,marketing,507,1945701
S3,test,US,last,value,507,1945701
S3,test,US,last,cargo,503,1945701
S3,test,US,last,clean,503,1945701
S3,test,US,last,petroleum,501,1945701
S3,test,US,last,choice,500,1945701
S3,test,US,last,charter,499,1945701
S3,test,US,last,superior,498,1945701
S3,test,US,last,quality,495,1945701
S3,test,US,last,glass,494,1945701
S3,test,US,last,platinum,494,1945701
S3,test,US,last,smart,494,1945701
S3,test,US,last,local,493,1945701
S3,test,US,last,total,491,1945701
S3,test,US,last,communications,489,1945701
S3,test,US,last,great,487,1945701
S3,test,US,last,patriot,483,1945701
S3,test,US,last,sciences,475,1945701
S3,test,US,last,williams,474,1945701
S3,test,US,last,c0m,471,1945701
S3,test,US,last,johnson,471,1945701
S3,test,US,last,tax,470,1945701
S3,test,US,last,anchor,469,1945701
S3,test,US,last,environmental,468,1945701
S3,test,US,last,israel,463,1945701
S3,test,US,last,cornerstone,462,1945701
S3,test,US,last,beacon,455,1945701
S3,test,US,last,cáre,450,1945701
S3,test,US,last,towing,450,1945701
S3,test,US,last,homecare,449,1945701
S3,test,US,last,equity,442,1945701
S3,test,US,last,learning,440,1945701
S3,test,US,last,housing,438,1945701
S3,test,US,last,street,438,1945701
S3,test,US,last,salon,431,1945701
S3,test,US,last,vanguard,431,1945701
S3,test,US,last,5ervices,427,1945701
S3,test,US,last,prairie,425,1945701
S3,test,US,last,jewelers,422,1945701
S3,test,US,last,continental,420,1945701
S3,test,US,last,fisheries,420,1945701
S3,test,US,last,unified,420,1945701
S3,test,US,last,maintenance,418,1945701
S3,test,US,last,recruiting,418,1945701
S3,test,US,last,córporation,414,1945701
S3,test,US,last,finance,414,1945701
S3,test,US,last,crystal,412,1945701
S3,test,US,last,desert,410,1945701
S3,test,US,last,grand,410,1945701
S3,test,US,last,bay,409,1945701
S3,test,US,last,community,409,1945701
S3,test,US,last,interstate,408,1945701
S3,test,US,last,fresh,406,1945701
S3,test,US,last,couture,405,1945701
S3,test,US,last,clínic,403,1945701
S3,test,US,last,delta,403,1945701
S3,test,US,last,brown,402,1945701
S3,test,US,last,property,399,1945701
S3,test,US,last,diamond,397,1945701
S3,test,US,last,allied,396,1945701
S3,test,US,last,trusted,395,1945701
S3,test,US,last,agriculture,394,1945701
S3,test,US,last,gulf,394,1945701
S3,test,US,last,jones,393,1945701
S3,test,US,last,contracting,392,1945701
S3,test,US,last,dentistry,391,1945701
S3,test,US,last,legacy,391,1945701
S3,test,US,last,certified,389,1945701
S3,test,US,last,midwest,389,1945701
S3,test,US,last,excavation,387,1945701
S3,test,US,last,advisory,386,1945701
S3,test,US,last,architecture,386,1945701
S3,test,US,last,boutique,386,1945701
S3,test,US,last,grading,384,1945701
S3,test,US,last,classic,382,1945701
S3,test,US,last,interiors,381,1945701
S3,test,US,last,peak,381,1945701
S3,test,US,last,có,380,1945701
S3,test,US,last,accounting,379,1945701
S3,test,US,last,appliance,379,1945701
S3,test,US,last,ace,378,1945701
S3,test,US,last,emanuel,376,1945701
S3,test,US,last,graphics,376,1945701
S3,test,US,last,apartments,375,1945701
S3,test,US,last,metropolitan,375,1945701
S3,test,US,last,transportation,373,1945701
S3,test,US,last,sérvice,371,1945701
S3,test,US,last,catering,370,1945701
S3,test,US,last,roofing,369,1945701
S3,test,US,last,modern,368,1945701
S3,test,US,last,brewing,367,1945701
S3,test,US,last,complete,367,1945701
S3,test,US,last,advertising,366,1945701
S3,test,US,last,holding,366,1945701
S3,test,US,last,piedmont,366,1945701
S3,test,US,last,frontier,365,1945701
S3,test,US,last,cosmetics,364,1945701
S3,test,US,last,heartland,364,1945701
S3,test,US,last,textiles,364,1945701
S3,test,US,last,publishing,363,1945701
S3,test,US,last,chapel,362,1945701
S3,test,US,last,home,360,1945701
S3,test,US,last,investment,360,1945701
S3,test,US,last,liquor,360,1945701
S3,test,US,last,hair,358,1945701
S3,test,US,last,supreme,358,1945701
S3,test,US,last,electrical,356,1945701
S3,test,US,last,signs,356,1945701
S3,test,US,last,produce,355,1945701
S3,test,US,last,custom,354,1945701
S3,test,US,last,secure,354,1945701
S3,test,US,last,signature,353,1945701
S3,test,US,last,clear,352,1945701
S3,test,US,last,brokerage,351,1945701
S3,test,US,last,cathedral,351,1945701
S3,test,US,last,optimal,351,1945701
S3,test,US,last,asset,349,1945701
S3,test,US,last,productions,349,1945701
S3,test,US,last,landscaping,348,1945701
S3,test,US,last,vision,347,1945701
S3,test,US,last,painting,346,1945701
S3,test,US,last,reliable,346,1945701
S3,test,US,last,aerospace,343,1945701
S3,test,US,last,couriers,342,1945701
S3,test,US,last,synagogue,341,1945701
S3,test,US,last,consumer,340,1945701
S3,test,US,last,distribution,340,1945701
S3,test,US,last,plumbing,340,1945701
S3,test,US,last,rapid,340,1945701
S3,test,US,last,zion,339,1945701
S3,test,US,last,county,337,1945701
S3,test,US,last,marine,336,1945701
S3,test,US,last,detailing,333,1945701
S3,test,US,last,colonial,329,1945701
S3,test,US,last,materials,321,1945701
S3,test,US,last,limited,320,1945701
S3,test,US,last,physical,317,1945701
S3,test,US,last,repair,317,1945701
S3,test,US,last,technical,312,1945701
S3,test,US,last,installation,311,1945701
S3,test,US,last,veterinary,311,1945701
S3,test,US,last,ankle,310,1945701
S3,test,US,last,commercial,310,1945701
S3,test,US,last,animal,308,1945701
S3,test,US,last,intelligence,305,1945701
S3,test,US,last,preparatory,304,1945701
S3,test,US,last,meridian,303,1945701
S3,test,US,last,defense,302,1945701
S3,test,US,last,biomedical,301,1945701
S3,test,US,last,mobility,301,1945701
S3,test,US,last,wealth,301,1945701
S3,test,US,last,business,296,1945701
S3,test,US,last,infrastructure,295,1945701
S3,test,US,last,payment,295,1945701
S3,test,US,last,robotics,295,1945701
S3,test,US,last,industrial,293,1945701
S3,test,US,last,book,292,1945701
S3,test,US,last,improvements,286,1945701
S3,test,US,last,life,285,1945701
S3,test,US,last,sales,285,1945701
S3,test,US,last,bike,283,1945701
S3,test,US,last,montessori,283,1945701
S3,test,US,last,packaging,282,1945701
S3,test,US,last,telecom,282,1945701
S3,test,US,last,hall,279,1945701
S3,test,US,last,pediatric,278,1945701
S3,test,US,last,semiconductor,276,1945701
S3,test,US,last,agricultural,275,1945701
S3,test,US,last,hill,271,1945701
S3,test,US,last,park,271,1945701
S3,test,US,last,cloud,270,1945701
S3,test,US,last,jackson,266,1945701
S3,test,US,last,martin,265,1945701
S3,test,US,last,surgical,264,1945701
S3,test,US,last,oncology,260,1945701
S3,test,US,last,boston,258,1945701
S3,test,US,last,king,254,1945701
S3,test,US,last,5ervice,252,1945701
S3,test,US,last,titan,252,1945701
S3,test,US,last,throat,251,1945701
S3,test,US,last,ice,246,1945701
S3,test,US,last,one,245,1945701
S3,test,US,last,vehicles,243,1945701
S3,test,US,last,willow,243,1945701
S3,test,US,last,on,240,1945701
S3,test,US,last,atlas,239,1945701
S3,test,US,last,it,239,1945701
S3,test,US,last,lane,238,1945701
S3,test,US,last,white,238,1945701
S3,test,US,last,iron,237,1945701
S3,test,US,last,recreation,237,1945701
S3,test,US,last,metal,236,1945701
S3,test,US,last,dent,235,1945701
S3,test,US,last,phoenix,235,1945701
S3,test,US,last,you,234,1945701
S3,test,US,last,edge,233,1945701
S3,test,US,last,alley,232,1945701
S3,test,US,last,granite,232,1945701
S3,test,US,last,nova,232,1945701
S3,test,US,last,aspen,229,1945701
S3,test,US,last,cross,229,1945701
S3,test,US,last,redwood,229,1945701
S3,test,US,last,aurora,227,1945701
S3,test,US,last,columbus,227,1945701
S3,test,US,last,compass,227,1945701
S3,test,US,last,rogers,224,1945701
S3,test,US,last,ave,223,1945701
S3,test,US,last,drive,221,1945701
S3,test,US,last,lake,220,1945701
S3,test,US,last,protection,220,1945701
S3,test,US,last,centre,219,1945701
S3,test,US,last,point,218,1945701
S3,test,US,last,eastern,217,1945701
S3,test,US,last,gss,217,1945701
S3,test,US,last,héalth,217,1945701
S3,test,US,last,spdr,215,1945701
S3,test,US,last,boa,213,1945701
S3,test,US,last,china,211,1945701
S3,test,US,last,fox,211,1945701
S3,test,US,last,webster,211,1945701
S3,test,US,last,chicago,209,1945701
S3,test,US,last,fargo,209,1945701
S3,test,US,last,eye,208,1945701
S3,test,US,last,cea,207,1945701
S3,test,US,last,house,207,1945701
S3,test,US,last,pro,207,1945701
S3,test,US,last,rock,207,1945701
S3,test,US,last,garcia,206,1945701
S3,test,US,last,hernandez,206,1945701
S3,test,US,last,nexus,206,1945701
S3,test,US,last,tpg,206,1945701
S3,test,US,last,l1c,205,1945701
S3,test,US,last,public,205,1945701
S3,test,US,last,red,203,1945701
S3,test,US,last,motor,201,1945701
S3,test,US,last,orion,201,1945701
S3,test,US,last,purpose,201,1945701
S3,test,US,last,science,201,1945701
S3,test,US,last,five,200,1945701
S3,test,US,last,inpoint,200,1945701
S3,test,US,last,wells,200,1945701
S3,test,US,last,western,200,1945701
S3,train,India,first,private,45434,2115547
S3,train,India,first,m,29416,2115547
S3,train,India,first,mr,29386,2115547
S3,train,India,first,sri,29357,2115547
S3,train,India,first,smt,29273,2115547
S3,train,India,first,shri,29199,2115547
S3,train,India,first,dr,29187,2115547
S3,train,India,first,limited,19148,2115547
S3,train,India,first,pvt,15937,2115547
S3,train,India,first,new,14640,2115547
S3,train,India,first,india,10254,2115547
S3,train,India,first,shree,9997,2115547
S3,train,India,first,mumbai,9529,2115547
S3,train,India,first,services,9041,2115547
S3,train,India,first,ltd,8104,2115547
S3,train,India,first,bangalore,7204,2115547
S3,train,India,first,solutions,6405,2115547
S3,train,India,first,global,5941,2115547
S3,train,India,first,sai,5894,2115547
S3,train,India,first,delhi,5748,2115547
S3,train,India,first,kolkata,5671,2115547
S3,train,India,first,green,5513,2115547
S3,train,India,first,llp,5450,2115547
S3,train,India,first,tech,5444,2115547
S3,train,India,first,pune,5413,2115547
S3,train,India,first,jai,5170,2115547
S3,train,India,first,international,5110,2115547
S3,train,India,first,maa,4888,2115547
S3,train,India,first,om,4798,2115547
S3,train,India,first,blue,4775,2115547
S3,train,India,first,east,4550,2115547
S3,train,India,first,krishna,4509,2115547
S3,train,India,first,golden,4489,2115547
S3,train,India,first,royal,4462,2115547
S3,train,India,first,sree,4454,2115547
S3,train,India,first,star,4369,2115547
S3,train,India,first,balaji,4334,2115547
S3,train,India,first,sun,4327,2115547
S3,train,India,first,united,4272,2115547
S3,train,India,first,city,4226,2115547
S3,train,India,first,super,4207,2115547
S3,train,India,first,smart,4200,2115547
S3,train,India,first,technologies,4196,2115547
S3,train,India,first,raj,4184,2115547
S3,train,India,first,indian,4178,2115547
S3,train,India,first,ram,4177,2115547
S3,train,India,first,unique,4164,2115547
S3,train,India,first,tirupati,4161,2115547
S3,train,India,first,aditya,4159,2115547
S3,train,India,first,lakshmi,4150,2115547
S3,train,India,first,shiv,4138,2115547
S3,train,India,first,white,4112,2115547
S3,train,India,first,future,4109,2115547
S3,train,India,first,dream,4095,2115547
S3,train,India,first,jay,4068,2115547
S3,train,India,first,north,4066,2115547
S3,train,India,first,south,4066,2115547
S3,train,India,first,dynamic,4053,2115547
S3,train,India,first,prime,4053,2115547
S3,train,India,first,real,4052,2115547
S3,train,India,first,surya,4044,2115547
S3,train,India,first,creative,4037,2115547
S3,train,India,first,high,4018,2115547
S3,train,India,first,al,4012,2115547
S3,train,India,first,perfect,3998,2115547
S3,train,India,first,silver,3997,2115547
S3,train,India,first,life,3995,2115547
S3,train,India,first,seven,3979,2115547
S3,train,India,first,hyderabad,3975,2115547
S3,train,India,first,red,3965,2115547
S3,train,India,first,ace,3958,2115547
S3,train,India,first,my,3958,2115547
S3,train,India,first,vision,3957,2115547
S3,train,India,first,digital,3954,2115547
S3,train,India,first,first,3941,2115547
S3,train,India,first,shiva,3935,2115547
S3,train,India,first,best,3934,2115547
S3,train,India,first,jain,3933,2115547
S3,train,India,first,sky,3931,2115547
S3,train,India,first,laxmi,3927,2115547
S3,train,India,first,hotel,3926,2115547
S3,train,India,first,premier,3921,2115547
S3,train,India,first,anand,3914,2115547
S3,train,India,first,apex,3909,2115547
S3,train,India,first,bharat,3908,2115547
S3,train,India,first,hitech,3906,2115547
S3,train,India,first,baba,3902,2115547
S3,train,India,first,shakti,3896,2115547
S3,train,India,first,arihant,3894,2115547
S3,train,India,first,indo,3892,2115547
S3,train,India,first,ss,3888,2115547
S3,train,India,first,all,3886,2115547
S3,train,India,first,guru,3879,2115547
S3,train,India,first,sunrise,3875,2115547
S3,train,India,first,galaxy,3868,2115547
S3,train,India,first,chennai,3862,2115547
S3,train,India,first,gujarat,3854,2115547
S3,train,India,first,pioneer,3842,2115547
S3,train,India,first,vijay,3842,2115547
S3,train,India,first,bombay,3833,2115547
S3,train,India,first,eastern,3816,2115547
S3,train,India,first,innovative,3816,2115547
S3,train,India,first,hari,3808,2115547
S3,train,India,first,lotus,3801,2115547
S3,train,India,first,gold,3795,2115547
S3,train,India,first,bright,3794,2115547
S3,train,India,first,classic,3791,2115547
S3,train,India,first,southern,3784,2115547
S3,train,India,first,one,3783,2115547
S3,train,India,first,urban,3772,2115547
S3,train,India,first,modern,3760,2115547
S3,train,India,first,swastik,3756,2115547
S3,train,India,first,big,3754,2115547
S3,train,India,first,black,3723,2115547
S3,train,India,first,shyam,3707,2115547
S3,train,India,first,universal,3707,2115547
S3,train,India,first,supreme,3692,2115547
S3,train,India,first,shivam,3664,2115547
S3,train,India,first,alpha,3655,2115547
S3,train,India,first,fortune,3639,2115547
S3,train,India,first,great,3631,2115547
S3,train,India,first,good,3598,2115547
S3,train,India,first,public,3314,2115547
S3,train,India,first,लक्ष्मी,3039,2115547
S3,train,India,first,जय,3016,2115547
S3,train,India,first,the,2869,2115547
S3,train,India,first,श्री,2869,2115547
S3,train,India,first,jaipur,2554,2115547
S3,train,India,first,developers,2400,2115547
S3,train,India,first,foundation,2356,2115547
S3,train,India,first,industries,2333,2115547
S3,train,India,first,marketing,2220,2115547
S3,train,India,first,thane,2148,2115547
S3,train,India,first,agro,2076,2115547
S3,train,India,first,ahmedabad,2030,2115547
S3,train,India,first,enterprises,2029,2115547
S3,train,India,first,center,2004,2115547
S3,train,India,first,lucknow,1959,2115547
S3,train,India,first,engineering,1940,2115547
S3,train,India,first,trading,1870,2115547
S3,train,India,first,infra,1784,2115547
S3,train,India,first,noida,1707,2115547
S3,train,India,first,co,1683,2115547
S3,train,India,first,producer,1674,2115547
S3,train,India,first,ventures,1655,2115547
S3,train,India,first,prívate,1608,2115547
S3,train,India,first,management,1590,2115547
S3,train,India,first,इनोवेटिव,1580,2115547
S3,train,India,first,रॉयल,1577,2115547
S3,train,India,first,consultants,1568,2115547
S3,train,India,first,सुपर,1567,2115547
S3,train,India,first,क्लासिक,1564,2115547
S3,train,India,first,बेस्ट,1556,2115547
S3,train,India,first,इंडो,1555,2115547
S3,train,India,first,आनंद,1553,2115547
S3,train,India,first,विजन,1543,2115547
S3,train,India,first,सदर्न,1542,2115547
S3,train,India,first,लाइफ,1541,2115547
S3,train,India,first,फ्यूचर,1537,2115547
S3,train,India,first,अरिहंत,1535,2115547
S3,train,India,first,शक्ति,1535,2115547
S3,train,India,first,बालाजी,1534,2115547
S3,train,India,first,गोल्ड,1533,2115547
S3,train,India,first,foods,1531,2115547
S3,train,India,first,इंडियन,1529,2115547
S3,train,India,first,यूनिवर्सल,1529,2115547
S3,train,India,first,गैलेक्सी,1527,2115547
S3,train,India,first,सन,1525,2115547
S3,train,India,first,सिटी,1524,2115547
S3,train,India,first,ड्रीम,1522,2115547
S3,train,India,first,ब्लू,1522,2115547
S3,train,India,first,फॉर्च्यून,1518,2115547
S3,train,India,first,हाई,1518,2115547
S3,train,India,first,राज,1515,2115547
S3,train,India,first,लोटस,1513,2115547
S3,train,India,first,डायनामिक,1512,2115547
S3,train,India,first,डिजिटल,1511,2115547
S3,train,India,first,साउथ,1509,2115547
S3,train,India,first,एपेक्स,1504,2115547
S3,train,India,first,एस,1504,2115547
S3,train,India,first,होटल,1503,2115547
S3,train,India,first,टेक,1500,2115547
S3,train,India,first,सिल्वर,1500,2115547
S3,train,India,first,शिव,1499,2115547
S3,train,India,first,शिवा,1499,2115547
S3,train,India,first,स्वस्तिक,1497,2115547
S3,train,India,first,ईस्ट,1491,2115547
S3,train,India,first,यूनिक,1491,2115547
S3,train,India,first,सुप्रीम,1491,2115547
S3,train,India,first,गुरु,1490,2115547
S3,train,India,first,नॉर्थ,1488,2115547
S3,train,India,first,प्रीमियर,1487,2115547
S3,train,India,first,स्मार्ट,1485,2115547
S3,train,India,first,products,1483,2115547
S3,train,India,first,आदित्य,1483,2115547
S3,train,India,first,ईस्टर्न,1483,2115547
S3,train,India,first,गुड,1483,2115547
S3,train,India,first,अल,1482,2115547
S3,train,India,first,बाबा,1480,2115547
S3,train,India,first,ग्लोबल,1478,2115547
S3,train,India,first,गोल्डन,1477,2115547
S3,train,India,first,तिरुपति,1476,2115547
S3,train,India,first,न्यू,1476,2115547
S3,train,India,first,बॉम्बे,1476,2115547
S3,train,India,first,energy,1475,2115547
S3,train,India,first,technology,1473,2115547
S3,train,India,first,ब्राइट,1468,2115547
S3,train,India,first,श्याम,1468,2115547
S3,train,India,first,हरि,1465,2115547
S3,train,India,first,हाईटेक,1465,2115547
S3,train,India,first,ग्रीन,1464,2115547
S3,train,India,first,स्काई,1464,2115547
S3,train,India,first,सेवन,1463,2115547
S3,train,India,first,गुजरात,1461,2115547
S3,train,India,first,consultancy,1460,2115547
S3,train,India,first,बिग,1451,2115547
S3,train,India,first,राम,1449,2115547
S3,train,India,first,परफेक्ट,1447,2115547
S3,train,India,first,व्हाइट,1446,2115547
S3,train,India,first,ब्लैक,1442,2115547
S3,train,India,first,माय,1436,2115547
S3,train,India,first,भारत,1435,2115547
S3,train,India,first,रियल,1434,2115547
S3,train,India,first,इंटरनेशनल,1433,2115547
S3,train,India,first,प्राइम,1431,2115547
S3,train,India,first,अल्फा,1430,2115547
S3,train,India,first,विजय,1427,2115547
S3,train,India,first,एसएस,1425,2115547
S3,train,India,first,मॉडर्न,1423,2115547
S3,train,India,first,finance,1422,2115547
S3,train,India,first,ऑल,1421,2115547
S3,train,India,first,रेड,1420,2115547
S3,train,India,first,सनराइज,1420,2115547
S3,train,India,first,वन,1418,2115547
S3,train,India,first,पायोनियर,1413,2115547
S3,train,India,first,क्रिएटिव,1410,2115547
S3,train,India,first,अर्बन,1409,2115547
S3,train,India,first,l,1407,2115547
S3,train,India,first,systems,1404,2115547
S3,train,India,first,स्टार,1401,2115547
S3,train,India,first,जैन,1398,2115547
S3,train,India,first,ग्रेट,1391,2115547
S3,train,India,first,projects,1387,2115547
S3,train,India,first,यूनाइटेड,1383,2115547
S3,train,India,first,फर्स्ट,1382,2115547
S3,train,India,first,infrastructure,1377,2115547
S3,train,India,first,शिवम,1373,2115547
S3,train,India,first,builders,1333,2115547
S3,train,India,first,construction,1328,2115547
S3,train,India,first,ghaziabad,1304,2115547
S3,train,India,first,properties,1244,2115547
S3,train,India,first,exports,1241,2115547
S3,train,India,first,indore,1238,2115547
S3,train,India,first,media,1227,2115547
S3,train,India,first,surat,1197,2115547
S3,train,India,first,consulting,1195,2115547
S3,train,India,first,software,1195,2115547
S3,train,India,first,nagpur,1175,2115547
S3,train,India,first,coimbatore,1168,2115547
S3,train,India,first,gurgaon,1125,2115547
S3,train,India,first,healthcare,1102,2115547
S3,train,India,first,bhubaneswar,1058,2115547
S3,train,India,first,patna,948,2115547
S3,train,India,first,corporation,917,2115547
S3,train,India,first,corp,907,2115547
S3,train,India,first,company,905,2115547
S3,train,India,first,ahmadabad,869,2115547
S3,train,India,first,ernakulam,837,2115547
S3,train,India,first,कृष्णा,771,2115547
S3,train,India,first,साईं,762,2115547
S3,train,India,first,सूर्य,754,2115547
S3,train,India,first,कृष्ण,752,2115547
S3,train,India,first,ॐ,750,2115547
S3,train,India,first,vadodara,745,2115547
S3,train,India,first,माँ,728,2115547
S3,train,India,first,मां,719,2115547
S3,train,India,first,ओम,713,2115547
S3,train,India,first,service,709,2115547
S3,train,India,first,साई,707,2115547
S3,train,India,first,सूर्या,697,2115547
S3,train,India,first,navi,683,2115547
S3,train,India,first,faridabad,661,2115547
S3,train,India,first,thiruvananthapuram,645,2115547
S3,train,India,first,nashik,644,2115547
S3,train,India,first,bengaluru,626,2115547
S3,train,India,first,haveli,620,2115547
S3,train,India,first,partners,601,2115547
S3,train,India,first,secunderabad,578,2115547
S3,train,India,first,rajkot,577,2115547
S3,train,India,first,aurangabad,571,2115547
S3,train,India,first,malappuram,567,2115547
S3,train,India,first,límited,534,2115547
S3,train,India,first,visakhapatnam,484,2115547
S3,train,India,first,ಸನ್,483,2115547
S3,train,India,first,group,476,2115547
S3,train,India,first,varanasi,472,2115547
S3,train,India,first,kozhikode,470,2115547
S3,train,India,first,agra,467,2115547
S3,train,India,first,kalyan,461,2115547
S3,train,India,first,ms,458,2115547
S3,train,India,first,tirumalagiri,452,2115547
S3,train,India,first,true,443,2115547
S3,train,India,first,kanpur,438,2115547
S3,train,India,first,power,432,2115547
S3,train,India,first,west,428,2115547
S3,train,India,first,care,419,2115547
S3,train,India,first,divine,418,2115547
S3,train,India,first,elite,418,2115547
S3,train,India,first,venus,415,2115547
S3,train,India,first,rk,414,2115547
S3,train,India,first,శ్రీ,414,2115547
S3,train,India,first,yash,413,2115547
S3,train,India,first,సన్,413,2115547
S3,train,India,first,ganesh,411,2115547
S3,train,India,first,gurugram,411,2115547
S3,train,India,first,st,408,2115547
S3,train,India,first,జై,407,2115547
S3,train,India,first,bhopal,406,2115547
S3,train,India,first,rs,405,2115547
S3,train,India,first,sk,403,2115547
S3,train,India,first,sp,403,2115547
S3,train,India,first,la,401,2115547
S3,train,India,first,sr,398,2115547
S3,train,India,first,shaikpet,392,2115547
S3,train,India,first,indus,391,2115547
S3,train,India,first,sm,391,2115547
S3,train,India,first,diamond,389,2115547
S3,train,India,first,madurai,388,2115547
S3,train,India,first,লক্ষ্মী,388,2115547
S3,train,India,first,ludhiana,387,2115547
S3,train,India,first,mysore,387,2115547
S3,train,India,first,madras,385,2115547
S3,train,India,first,hindustan,384,2115547
S3,train,India,first,ಲಕ್ಷ್ಮಿ,383,2115547
S3,train,India,first,জয়,382,2115547
S3,train,India,first,sunshine,378,2115547
S3,train,India,first,eco,374,2115547
S3,train,India,first,ganga,374,2115547
S3,train,India,first,vijayawada,373,2115547
S3,train,India,first,vasai,371,2115547
S3,train,India,first,as,370,2115547
S3,train,India,first,ಶ್ರೀ,370,2115547
S3,train,India,first,ps,365,2115547
S3,train,India,first,thrissur,365,2115547
S3,train,India,first,લક્ષ્મી,363,2115547
S3,train,India,first,ஸ்ரீ,362,2115547
S3,train,India,first,deep,358,2115547
S3,train,India,first,શ્રી,356,2115547
S3,train,India,first,ஜெய்,356,2115547
S3,train,India,first,overseas,355,2115547
S3,train,India,first,square,350,2115547
S3,train,India,first,bengal,349,2115547
S3,train,India,first,crystal,349,2115547
S3,train,India,first,four,349,2115547
S3,train,India,first,rudra,347,2115547
S3,train,India,first,satya,346,2115547
S3,train,India,first,allahabad,345,2115547
S3,train,India,first,integrated,342,2115547
S3,train,India,first,pragati,341,2115547
S3,train,India,first,sea,340,2115547
S3,train,India,first,happy,339,2115547
S3,train,India,first,holdings,338,2115547
S3,train,India,first,techno,338,2115547
S3,train,India,first,gandhinagar,337,2115547
S3,train,India,first,excel,333,2115547
S3,train,India,first,mega,333,2115547
S3,train,India,first,শিব,331,2115547
S3,train,India,first,જય,331,2115547
S3,train,India,first,delta,329,2115547
S3,train,India,first,siddhi,329,2115547
S3,train,India,first,meerut,327,2115547
S3,train,India,first,grand,326,2115547
S3,train,India,first,uttar,326,2115547
S3,train,India,first,corporate,324,2115547
S3,train,India,first,metro,324,2115547
S3,train,India,first,industrial,323,2115547
S3,train,India,first,rainbow,323,2115547
S3,train,India,first,world,323,2115547
S3,train,India,first,radiant,322,2115547
S3,train,India,first,asian,321,2115547
S3,train,India,first,punjab,321,2115547
S3,train,India,first,gupta,320,2115547
S3,train,India,first,western,320,2115547
S3,train,India,first,reliance,319,2115547
S3,train,India,first,reliable,317,2115547
S3,train,India,first,three,315,2115547
S3,train,India,first,ar,314,2115547
S3,train,India,first,ravi,314,2115547
S3,train,India,first,team,313,2115547
S3,train,India,first,durga,312,2115547
S3,train,India,first,neo,312,2115547
S3,train,India,first,si,311,2115547
S3,train,India,first,லக்ஷ்மி,311,2115547
S3,train,India,first,sagar,309,2115547
S3,train,India,first,shreeji,308,2115547
S3,train,India,first,ad,307,2115547
S3,train,India,first,capital,307,2115547
S3,train,India,first,associates,306,2115547
S3,train,India,first,ocean,306,2115547
S3,train,India,first,sa,306,2115547
S3,train,India,first,ab,305,2115547
S3,train,India,first,hi,305,2115547
S3,train,India,first,ks,305,2115547
S3,train,India,first,right,305,2115547
S3,train,India,first,vinayak,304,2115547
S3,train,India,first,panvel,303,2115547
S3,train,India,first,shah,303,2115547
S3,train,India,first,next,302,2115547
S3,train,India,first,kumar,301,2115547
S3,train,India,first,divya,300,2115547
S3,train,India,first,jyoti,300,2115547
S3,train,India,first,micro,300,2115547
S3,train,India,first,rangareddy,300,2115547
S3,train,India,first,shanti,300,2115547
S3,train,India,first,synergy,299,2115547
S3,train,India,first,rama,298,2115547
S3,train,India,first,sv,297,2115547
S3,train,India,first,dev,296,2115547
S3,train,India,first,ideal,296,2115547
S3,train,India,first,sc,295,2115547
S3,train,India,first,infinity,292,2115547
S3,train,India,first,sg,292,2115547
S3,train,India,first,ak,291,2115547
S3,train,India,first,quality,291,2115547
S3,train,India,first,av,290,2115547
S3,train,India,first,শ্রী,290,2115547
S3,train,India,first,am,289,2115547
S3,train,India,first,standard,289,2115547
S3,train,India,first,aryan,288,2115547
S3,train,India,first,howrah,288,2115547
S3,train,India,first,jodhpur,288,2115547
S3,train,India,first,eagle,287,2115547
S3,train,India,first,home,287,2115547
S3,train,India,first,go,285,2115547
S3,train,India,first,singh,285,2115547
S3,train,India,first,vs,285,2115547
S3,train,India,first,advance,284,2115547
S3,train,India,first,health,283,2115547
S3,train,India,first,le,280,2115547
S3,train,India,first,ma,280,2115547
S3,train,India,first,gs,278,2115547
S3,train,India,first,radha,278,2115547
S3,train,India,first,orange,277,2115547
S3,train,India,first,ಹೋಟೆಲ್,276,2115547
S3,train,India,first,nature,275,2115547
S3,train,India,first,rising,275,2115547
S3,train,India,first,up,275,2115547
S3,train,India,first,business,274,2115547
S3,train,India,first,dlf,273,2115547
S3,train,India,first,rajasthan,273,2115547
S3,train,India,first,advanced,272,2115547
S3,train,India,first,ap,271,2115547
S3,train,India,first,deccan,271,2115547
S3,train,India,first,max,271,2115547
S3,train,India,first,pr,271,2115547
S3,train,India,first,sadar,270,2115547
S3,train,India,first,travel,270,2115547
S3,train,India,first,trinity,270,2115547
S3,train,India,first,શિવ,270,2115547
S3,train,India,first,gautam,269,2115547
S3,train,India,first,malad,268,2115547
S3,train,India,first,fine,267,2115547
S3,train,India,first,maruti,267,2115547
S3,train,India,first,se,266,2115547
S3,train,India,first,alliance,265,2115547
S3,train,India,first,phoenix,265,2115547
S3,train,India,first,daskroi,264,2115547
S3,train,India,first,mahalaxmi,264,2115547
S3,train,India,first,ns,264,2115547
S3,train,India,first,associated,262,2115547
S3,train,India,first,mm,262,2115547
S3,train,India,first,imperial,261,2115547
S3,train,India,first,shubham,261,2115547
S3,train,India,first,sigma,261,2115547
S3,train,India,first,trust,261,2115547
S3,train,India,first,trident,260,2115547
S3,train,India,first,space,259,2115547
S3,train,India,first,de,257,2115547
S3,train,India,first,ds,257,2115547
S3,train,India,first,it,257,2115547
S3,train,India,first,kay,257,2115547
S3,train,India,first,లైఫ్,257,2115547
S3,train,India,first,agarwal,256,2115547
S3,train,India,first,zenith,256,2115547
S3,train,India,first,clean,255,2115547
S3,train,India,first,huzur,255,2115547
S3,train,India,first,steel,255,2115547
S3,train,India,first,ai,254,2115547
S3,train,India,first,allied,254,2115547
S3,train,India,first,noble,254,2115547
S3,train,India,first,వైట్,254,2115547
S3,train,India,first,design,253,2115547
S3,train,India,first,kochi,252,2115547
S3,train,India,first,quantum,252,2115547
S3,train,India,first,sb,252,2115547
S3,train,India,first,vishnu,252,2115547
S3,train,India,first,jupiter,251,2115547
S3,train,India,first,nextgen,251,2115547
S3,train,India,first,బ్రైట్,251,2115547
S3,train,India,first,greater,250,2115547
S3,train,India,first,kk,250,2115547
S3,train,India,first,guntur,249,2115547
S3,train,India,first,harsh,249,2115547
S3,train,India,first,sterling,249,2115547
S3,train,India,first,amar,248,2115547
S3,train,India,first,vishal,248,2115547
S3,train,India,first,గోల్డెన్,248,2115547
S3,train,India,first,precision,247,2115547
S3,train,India,first,vr,247,2115547
S3,train,India,first,బాలాజీ,247,2115547
S3,train,India,first,jeevan,246,2115547
S3,train,India,first,pearl,246,2115547
S3,train,India,first,cochin,245,2115547
S3,train,India,first,paras,245,2115547
S3,train,India,first,ashoka,244,2115547
S3,train,India,first,grace,244,2115547
S3,train,India,first,kolhapur,244,2115547
S3,train,India,first,quick,244,2115547
S3,train,India,first,ತಿರುಪತಿ,244,2115547
S3,train,India,first,అరిహంత్,243,2115547
S3,train,India,first,prakash,242,2115547
S3,train,India,first,rapid,242,2115547
S3,train,India,first,రాయల్,242,2115547
S3,train,India,first,వన్,242,2115547
S3,train,India,first,విజయ్,242,2115547
S3,train,India,first,career,241,2115547
S3,train,India,first,mp,241,2115547
S3,train,India,first,nav,240,2115547
S3,train,India,first,orion,240,2115547
S3,train,India,first,నార్త్,240,2115547
S3,train,India,first,ಶಕ್ತಿ,240,2115547
S3,train,India,first,హై,239,2115547
S3,train,India,first,js,238,2115547
S3,train,India,first,progressive,238,2115547
S3,train,India,first,గుడ్,238,2115547
S3,train,India,first,శక్తి,238,2115547
S3,train,India,first,earth,237,2115547
S3,train,India,first,goregaon,237,2115547
S3,train,India,first,ఏపెక్స్,237,2115547
S3,train,India,first,kp,236,2115547
S3,train,India,first,பிரீமியர்,236,2115547
S3,train,India,first,డ్రీమ్,236,2115547
S3,train,India,first,gayatri,235,2115547
S3,train,India,first,multi,235,2115547
S3,train,India,first,ಡೈನಾಮಿಕ್,235,2115547
S3,train,India,first,arya,234,2115547
S3,train,India,first,haryana,234,2115547
S3,train,India,first,patel,234,2115547
S3,train,India,first,prince,234,2115547
S3,train,India,first,ವಿಜಯ್,234,2115547
S3,train,India,first,vikas,233,2115547
S3,train,India,first,ஈஸ்ட்,233,2115547
S3,train,India,first,గ్రేట్,233,2115547
S3,train,India,first,air,232,2115547
S3,train,India,first,gp,232,2115547
S3,train,India,first,natural,232,2115547
S3,train,India,first,rj,232,2115547
S3,train,India,first,rm,232,2115547
S3,train,India,first,గోల్డ్,232,2115547
S3,train,India,first,తిరుపతి,232,2115547
S3,train,India,first,ಬಾಲಾಜಿ,232,2115547
S3,train,India,first,magic,231,2115547
S3,train,India,first,phulwari,231,2115547
S3,train,India,first,సూర్య,231,2115547
S3,train,India,first,ಗುಜರಾತ್,231,2115547
S3,train,India,first,ambika,230,2115547
S3,train,India,first,bansal,230,2115547
S3,train,India,first,cosmos,230,2115547
S3,train,India,first,gorakhpur,230,2115547
S3,train,India,first,gwalior,230,2115547
S3,train,India,first,jm,230,2115547
S3,train,India,first,mayur,230,2115547
S3,train,India,first,orbit,230,2115547
S3,train,India,first,pacific,230,2115547
S3,train,India,first,pure,230,2115547
S3,train,India,first,rohini,230,2115547
S3,train,India,first,rr,230,2115547
S3,train,India,first,salem,230,2115547
S3,train,India,first,ఫ్యూచర్,230,2115547
S3,train,India,first,రామ్,230,2115547
S3,train,India,first,రెడ్,230,2115547
S3,train,India,first,సెవెన్,230,2115547
S3,train,India,first,స్కై,230,2115547
S3,train,India,first,adarsh,229,2115547
S3,train,India,first,anant,229,2115547
S3,train,India,first,br,229,2115547
S3,train,India,first,అల్,229,2115547
S3,train,India,first,మై,229,2115547
S3,train,India,first,house,228,2115547
S3,train,India,first,అర్బన్,228,2115547
S3,train,India,first,రియల్,228,2115547
S3,train,India,first,5hree,227,2115547
S3,train,India,first,kailash,227,2115547
S3,train,India,first,mc,227,2115547
S3,train,India,first,mohan,227,2115547
S3,train,India,first,pan,227,2115547
S3,train,India,first,s,227,2115547
S3,train,India,first,shubh,227,2115547
S3,train,India,first,சிவா,227,2115547
S3,train,India,first,లక్ష్మి,227,2115547
S3,train,India,first,విజన్,227,2115547
S3,train,India,first,సిల్వర్,227,2115547
S3,train,India,first,ಕೃಷ್ಣ,227,2115547
S3,train,India,first,ಗ್ಯಾಲಕ್ಸಿ,227,2115547
S3,train,India,first,az,226,2115547
S3,train,India,first,genesis,226,2115547
S3,train,India,first,యూనిక్,226,2115547
S3,train,India,first,ಕ್ಲಾಸಿಕ್,226,2115547
S3,train,India,first,accurate,225,2115547
S3,train,India,first,auto,225,2115547
S3,train,India,first,బెస్ట్,225,2115547
S3,train,India,first,స్టార్,225,2115547
S3,train,India,first,ಇಂಟರ್,225,2115547
S3,train,India,first,ಬಾಬಾ,225,2115547
S3,train,India,first,bb,224,2115547
S3,train,India,first,bhagwati,224,2115547
S3,train,India,first,infratech,224,2115547
S3,train,India,first,mg,224,2115547
S3,train,India,first,న్యూ,224,2115547
S3,train,India,first,ಓಂ,224,2115547
S3,train,India,first,ಡ್ರೀಮ್,224,2115547
S3,train,India,first,ಶಿವ್,224,2115547
S3,train,India,first,aura,223,2115547
S3,train,India,first,శివం,223,2115547
S3,train,India,first,ಈಸ್ಟರ್ನ್,223,2115547
S3,train,India,first,cs,222,2115547
S3,train,India,first,ganpati,222,2115547
S3,train,India,first,kamal,222,2115547
S3,train,India,first,mind,222,2115547
S3,train,India,first,paradise,222,2115547
S3,train,India,first,paramount,222,2115547
S3,train,India,first,డైనమిక్,222,2115547
S3,train,India,first,ಸೂಪರ್,222,2115547
S3,train,India,first,ಸ್ಕೈ,222,2115547
S3,train,India,first,ac,221,2115547
S3,train,India,first,evergreen,221,2115547
S3,train,India,first,jk,221,2115547
S3,train,India,first,bareilly,220,2115547
S3,train,India,first,keshav,220,2115547
S3,train,India,first,maha,220,2115547
S3,train,India,first,గెలాక్సీ,220,2115547
S3,train,India,first,మోడర్న్,220,2115547
S3,train,India,first,సూపర్,220,2115547
S3,train,India,first,ಕ್ರಿಯೇಟಿವ್,220,2115547
S3,train,India,first,ರಾಮ್,220,2115547
S3,train,India,first,mehta,219,2115547
S3,train,India,first,spectrum,219,2115547
S3,train,India,first,గుజరాత్,219,2115547
S3,train,India,first,బిగ్,219,2115547
S3,train,India,first,హైటెక్,219,2115547
S3,train,India,first,ಗೋಲ್ಡನ್,219,2115547
S3,train,India,first,aa,218,2115547
S3,train,India,first,dolphin,218,2115547
S3,train,India,first,omega,218,2115547
S3,train,India,first,pinnacle,218,2115547
S3,train,India,first,ఆదిత్య,218,2115547
S3,train,India,first,సదర్న్,218,2115547
S3,train,India,first,ಯುನೀಕ್,218,2115547
S3,train,India,first,ರಾಜ್,218,2115547
S3,train,India,first,jd,217,2115547
S3,train,India,first,studio,217,2115547
S3,train,India,first,trans,217,2115547
S3,train,India,first,udaipur,217,2115547
S3,train,India,first,டிரீம்,217,2115547
S3,train,India,first,జైన్,217,2115547
S3,train,India,first,ಪರ್ಫೆಕ್ಟ್,217,2115547
S3,train,India,first,hr,216,2115547
S3,train,India,first,magnum,216,2115547
S3,train,India,first,గ్రీన్,216,2115547
S3,train,India,first,గ్లోబల్,216,2115547
S3,train,India,first,ಜೈ,216,2115547
S3,train,India,first,ಬಾಂಬೆ,216,2115547
S3,train,India,first,aman,215,2115547
S3,train,India,first,chandra,215,2115547
S3,train,India,first,easy,215,2115547
S3,train,India,first,hind,215,2115547
S3,train,India,first,kg,215,2115547
S3,train,India,first,madhav,215,2115547
S3,train,India,first,mangalore,215,2115547
S3,train,India,first,pc,215,2115547
S3,train,India,first,planet,215,2115547
S3,train,India,first,sam,215,2115547
S3,train,India,first,ప్రీమియర్,215,2115547
S3,train,India,first,సాయి,215,2115547
S3,train,India,first,ಸೆವೆನ್,215,2115547
S3,train,India,first,ಸ್ಟಾರ್,215,2115547
S3,train,India,first,ಹೈಟೆಕ್,215,2115547
S3,train,India,first,andheri,214,2115547
S3,train,India,first,brothers,214,2115547
S3,train,India,first,prem,214,2115547
S3,train,India,first,rp,214,2115547
S3,train,India,first,safe,214,2115547
S3,train,India,first,skyline,214,2115547
S3,train,India,first,ఫార్చూన్,214,2115547
S3,train,India,first,ನ್ಯೂ,214,2115547
S3,train,India,first,aqua,213,2115547
S3,train,India,first,axis,213,2115547
S3,train,India,first,jindal,213,2115547
S3,train,India,first,master,213,2115547
S3,train,India,first,varun,213,2115547
S3,train,India,first,ఆల్ఫా,213,2115547
S3,train,India,first,ఇంటర్నేషనల్,213,2115547
S3,train,India,first,సిటీ,213,2115547
S3,train,India,first,ಏಸ್,213,2115547
S3,train,India,first,ಗೋಲ್ಡ್,213,2115547
S3,train,India,first,ಮಾ,213,2115547
S3,train,India,first,ಮಾಡರ್ನ್,213,2115547
S3,train,India,first,ಸದರ್ನ್,213,2115547
S3,train,India,first,ലക്ഷ്മി,213,2115547
S3,train,India,first,century,212,2115547
S3,train,India,first,heritage,212,2115547
S3,train,India,first,institute,212,2115547
S3,train,India,first,satyam,212,2115547
S3,train,India,first,ultra,212,2115547
S3,train,India,first,கோல்டு,212,2115547
S3,train,India,first,சூர்யா,212,2115547
S3,train,India,first,ஹை,212,2115547
S3,train,India,first,ఇండియన్,212,2115547
S3,train,India,first,ఈస్ట్,212,2115547
S3,train,India,first,ప్రైమ్,212,2115547
S3,train,India,first,ರಾಯಲ್,212,2115547
S3,train,India,first,amit,211,2115547
S3,train,India,first,mahavir,211,2115547
S3,train,India,first,બ્લૂ,211,2115547
S3,train,India,first,ശ്രീ,211,2115547
S3,train,India,first,bm,210,2115547
S3,train,India,first,crown,210,2115547
S3,train,India,first,deepak,210,2115547
S3,train,India,first,horizon,210,2115547
S3,train,India,first,infinite,210,2115547
S3,train,India,first,national,210,2115547
S3,train,India,first,sd,210,2115547
S3,train,India,first,ஃபார்ச்சூன்,210,2115547
S3,train,India,first,శివ్,210,2115547
S3,train,India,first,ಇನೋವೇಟಿವ್,210,2115547
S3,train,India,first,ಪ್ರೈಮ್,210,2115547
S3,train,India,first,ಫಾರ್ಚೂನ್,210,2115547
S3,train,India,first,ರಿಯಲ್,210,2115547
S3,train,India,first,ರೆಡ್,210,2115547
S3,train,India,first,ajay,209,2115547
S3,train,India,first,angel,209,2115547
S3,train,India,first,asha,209,2115547
S3,train,India,first,cp,209,2115547
S3,train,India,first,everest,209,2115547
S3,train,India,first,falcon,209,2115547
S3,train,India,first,mk,209,2115547
S3,train,India,first,vijaya,209,2115547
S3,train,India,first,ఆనంద్,209,2115547
S3,train,India,first,ఫస్ట్,209,2115547
S3,train,India,first,ಬ್ಲೂ,209,2115547
S3,train,India,first,andhra,208,2115547
S3,train,India,first,rd,208,2115547
S3,train,India,first,rv,208,2115547
S3,train,India,first,ટેક,208,2115547
S3,train,India,first,சில்வர்,208,2115547
S3,train,India,first,పయనీర్,208,2115547
S3,train,India,first,పర్,208,2115547
S3,train,India,first,ಅಪೆಕ್ಸ್,208,2115547
S3,train,India,first,kalyani,207,2115547
S3,train,India,first,orchid,207,2115547
S3,train,India,first,pro,207,2115547
S3,train,India,first,saraswati,207,2115547
S3,train,India,first,பாலாஜி,207,2115547
S3,train,India,first,ఏస్,207,2115547
S3,train,India,first,బాబా,207,2115547
S3,train,India,first,ಆನಂದ್,207,2115547
S3,train,India,first,ಇಂಡಿಯನ್,207,2115547
S3,train,India,first,ಈಸ್ಟ್,207,2115547
S3,train,India,first,ಬೆಸ್ಟ್,207,2115547
S3,train,India,first,ಸೂರ್ಯ,207,2115547
S3,train,India,first,bs,206,2115547
S3,train,India,first,dm,206,2115547
S3,train,India,first,king,206,2115547
S3,train,India,first,little,206,2115547
S3,train,India,first,oriental,206,2115547
S3,train,India,first,sector,206,2115547
S3,train,India,first,స్మార్ట్,206,2115547
S3,train,India,first,హోటల్,206,2115547
S3,train,India,first,ಶಿವ,206,2115547
S3,train,India,first,ಸಿಲ್ವರ್,206,2115547
S3,train,India,first,acme,205,2115547
S3,train,India,first,raja,205,2115547
S3,train,India,first,sanjay,205,2115547
S3,train,India,first,top,205,2115547
S3,train,India,first,హరి,205,2115547
S3,train,India,first,ಒನ್,205,2115547
S3,train,India,first,ಡಿಜಿಟಲ್,205,2115547
S3,train,India,first,devi,204,2115547
S3,train,India,first,garg,204,2115547
S3,train,India,first,lucky,204,2115547
S3,train,India,first,salasar,204,2115547
S3,train,India,first,we,204,2115547
S3,train,India,first,இன்டர்நேஷனல்,204,2115547
S3,train,India,first,ఇండో,204,2115547
S3,train,India,first,టెక్,204,2115547
S3,train,India,first,ಲೈಫ್,204,2115547
S3,train,India,first,ಸೌತ್,204,2115547
S3,train,India,first,food,203,2115547
S3,train,India,first,khairatabad,203,2115547
S3,train,India,first,matrix,203,2115547
S3,train,India,first,nirmal,203,2115547
S3,train,India,first,sn,203,2115547
S3,train,India,first,অল,203,2115547
S3,train,India,first,হাই,203,2115547
S3,train,India,first,சாய்,203,2115547
S3,train,India,first,బ్లూ,203,2115547
S3,train,India,first,లక్ష్మీ,203,2115547
S3,train,India,first,nova,202,2115547
S3,train,India,first,vm,202,2115547
S3,train,India,first,ক্লাসিক,202,2115547
S3,train,India,first,பயனியர்,202,2115547
S3,train,India,first,ನಾರ್ತ್,202,2115547
S3,train,India,first,data,201,2115547
S3,train,India,first,mark,201,2115547
S3,train,India,first,mittal,201,2115547
S3,train,India,first,ஜைன்,201,2115547
S3,train,India,first,డిజిటల్,201,2115547
S3,train,India,first,భారత్,201,2115547
S3,train,India,first,ಬಿಗ್,201,2115547
S3,train,India,first,ಬ್ರೈಟ್,201,2115547
S3,train,India,first,ಲೋಟಸ್,201,2115547
S3,train,India,first,ಸಿಟಿ,201,2115547
S3,train,India,first,mars,200,2115547
S3,train,India,first,sf,200,2115547
S3,train,India,first,சன்ரைஸ்,200,2115547
S3,train,India,first,யுனிக்,200,2115547
S3,train,India,first,விஜய்,200,2115547
S3,train,India,first,యూనివర్సల్,200,2115547
S3,train,India,last,limited,538877,2115547
S3,train,India,last,ltd,297805,2115547
S3,train,India,last,private,124116,2115547
S3,train,India,last,लिमिटेड,106538,2115547
S3,train,India,last,com,76306,2115547
S3,train,India,last,center,66152,2115547
S3,train,India,last,llp,58335,2115547
S3,train,India,last,services,50335,2115547
S3,train,India,last,pvt,37219,2115547
S3,train,India,last,co,28431,2115547
S3,train,India,last,service,21986,2115547
S3,train,India,last,partners,20894,2115547
S3,train,India,last,लि,19977,2115547
S3,train,India,last,లిమిటెడ్,18477,2115547
S3,train,India,last,ಲಿಮಿಟೆಡ್,17648,2115547
S3,train,India,last,límited,17318,2115547
S3,train,India,last,company,17261,2115547
S3,train,India,last,corporation,17124,2115547
S3,train,India,last,corp,17026,2115547
S3,train,India,last,லிமிடெட்,15853,2115547
S3,train,India,last,লিমিটেড,14534,2115547
S3,train,India,last,લિમિટેડ,12110,2115547
S3,train,India,last,group,11161,2115547
S3,train,India,last,p,10844,2115547
S3,train,India,last,india,10626,2115547
S3,train,India,last,enterprises,9795,2115547
S3,train,India,last,ലിമിറ്റഡ്,8952,2115547
S3,train,India,last,एलएलपी,8614,2115547
S3,train,India,last,holdings,8376,2115547
S3,train,India,last,ventures,7797,2115547
S3,train,India,last,industries,7765,2115547
S3,train,India,last,exports,6691,2115547
S3,train,India,last,overseas,5307,2115547
S3,train,India,last,infratech,5299,2115547
S3,train,India,last,trading,5231,2115547
S3,train,India,last,trust,5182,2115547
S3,train,India,last,brothers,4679,2115547
S3,train,India,last,solutions,4624,2115547
S3,train,India,last,foundation,4022,2115547
S3,train,India,last,clinic,3755,2115547
S3,train,India,last,care,3703,2115547
S3,train,India,last,associates,3636,2115547
S3,train,India,last,technologies,3543,2115547
S3,train,India,last,ଲିମିଟେଡ୍,3449,2115547
S3,train,India,last,society,3242,2115547
S3,train,India,last,traders,3230,2115547
S3,train,India,last,consultants,3016,2115547
S3,train,India,last,technology,2973,2115547
S3,train,India,last,consultancy,2788,2115547
S3,train,India,last,ਲਿਮਟਿਡ,2733,2115547
S3,train,India,last,school,2566,2115547
S3,train,India,last,sons,2266,2115547
S3,train,India,last,લિ,2264,2115547
S3,train,India,last,developers,2198,2115547
S3,train,India,last,international,2148,2115547
S3,train,India,last,engineering,2133,2115547
S3,train,India,last,marketing,2117,2115547
S3,train,India,last,public,2052,2115547
S3,train,India,last,agro,2032,2115547
S3,train,India,last,sangh,2010,2115547
S3,train,India,last,foods,2002,2115547
S3,train,India,last,institute,1991,2115547
S3,train,India,last,management,1968,2115547
S3,train,India,last,producer,1906,2115547
S3,train,India,last,constructions,1861,2115547
S3,train,India,last,finance,1856,2115547
S3,train,India,last,infra,1845,2115547
S3,train,India,last,global,1827,2115547
S3,train,India,last,products,1753,2115547
S3,train,India,last,tech,1742,2115547
S3,train,India,last,systems,1729,2115547
S3,train,India,last,academy,1693,2115547
S3,train,India,last,consulting,1690,2115547
S3,train,India,last,software,1690,2115547
S3,train,India,last,hospital,1669,2115547
S3,train,India,last,prívate,1659,2115547
S3,train,India,last,projects,1649,2115547
S3,train,India,last,media,1643,2115547
S3,train,India,last,infrastructure,1627,2115547
S3,train,India,last,energy,1625,2115547
S3,train,India,last,it,1615,2115547
S3,train,India,last,polytechnic,1602,2115547
S3,train,India,last,builders,1591,2115547
S3,train,India,last,properties,1568,2115547
S3,train,India,last,vidyalaya,1562,2115547
S3,train,India,last,healthcare,1545,2115547
S3,train,India,last,construction,1543,2115547
S3,train,India,last,samiti,1543,2115547
S3,train,India,last,college,1489,2115547
S3,train,India,last,business,1485,2115547
S3,train,India,last,advisors,1474,2115547
S3,train,India,last,centre,1465,2115547
S3,train,India,last,logistics,1463,2115547
S3,train,India,last,impex,1451,2115547
S3,train,India,last,home,1449,2115547
S3,train,India,last,có,1442,2115547
S3,train,India,last,investment,1433,2115547
S3,train,India,last,infotech,1432,2115547
S3,train,India,last,estate,1417,2115547
S3,train,India,last,hospitality,1409,2115547
S3,train,India,last,investments,1392,2115547
S3,train,India,last,power,1387,2115547
S3,train,India,last,food,1361,2115547
S3,train,India,last,పీ,1237,2115547
S3,train,India,last,ಪಿ,1204,2115547
S3,train,India,last,cénter,1142,2115547
S3,train,India,last,எல்எல்பி,1071,2115547
S3,train,India,last,এলএলপি,995,2115547
S3,train,India,last,sérvices,981,2115547
S3,train,India,last,labs,968,2115547
S3,train,India,last,એલએલપી,956,2115547
S3,train,India,last,chambers,915,2115547
S3,train,India,last,one,867,2115547
S3,train,India,last,c0m,828,2115547
S3,train,India,last,educational,802,2115547
S3,train,India,last,sys,760,2115547
S3,train,India,last,welfare,752,2115547
S3,train,India,last,5ervices,720,2115547
S3,train,India,last,companies,704,2115547
S3,train,India,last,seva,676,2115547
S3,train,India,last,charitable,672,2115547
S3,train,India,last,delhi,649,2115547
S3,train,India,last,memorial,631,2115547
S3,train,India,last,of,611,2115547
S3,train,India,last,medical,595,2115547
S3,train,India,last,എൽഎൽപി,582,2115547
S3,train,India,last,pártners,564,2115547
S3,train,India,last,steel,533,2115547
S3,train,India,last,ਲਿ,532,2115547
S3,train,India,last,nursing,507,2115547
S3,train,India,last,electronics,492,2115547
S3,train,India,last,cómpany,471,2115547
S3,train,India,last,agencies,466,2115547
S3,train,India,last,córp,465,2115547
S3,train,India,last,textiles,458,2115547
S3,train,India,last,law,444,2115547
S3,train,India,last,trúst,438,2115547
S3,train,India,last,córporation,431,2115547
S3,train,India,last,real,412,2115547
S3,train,India,last,hotel,401,2115547
S3,train,India,last,life,392,2115547
S3,train,India,last,gróup,387,2115547
S3,train,India,last,digital,379,2115547
S3,train,India,last,security,378,2115547
S3,train,India,last,garments,368,2115547
S3,train,India,last,sérvice,364,2115547
S3,train,India,last,motors,363,2115547
S3,train,India,last,realty,361,2115547
S3,train,India,last,health,357,2115547
S3,train,India,last,índia,354,2115547
S3,train,India,last,engineers,353,2115547
S3,train,India,last,automobiles,351,2115547
S3,train,India,last,jewellers,351,2115547
S3,train,India,last,education,347,2115547
S3,train,India,last,5ervice,345,2115547
S3,train,India,last,green,340,2115547
S3,train,India,last,chemicals,339,2115547
S3,train,India,last,farms,332,2115547
S3,train,India,last,farmer,329,2115547
S3,train,India,last,fóundation,327,2115547
S3,train,India,last,hotels,327,2115547
S3,train,India,last,solution,326,2115547
S3,train,India,last,city,323,2115547
S3,train,India,last,1imited,322,2115547
S3,train,India,last,कंस्ट्रक्शंस,319,2115547
S3,train,India,last,इंडस्ट्रीज,317,2115547
S3,train,India,last,furniture,314,2115547
S3,train,India,last,mills,309,2115547
S3,train,India,last,pharmaceuticals,308,2115547
S3,train,India,last,research,308,2115547
S3,train,India,last,general,303,2115547
S3,train,India,last,hardware,302,2115547
S3,train,India,last,financial,301,2115547
S3,train,India,last,pharmacy,301,2115547
S3,train,India,last,टेक्नोलॉजीज,301,2115547
S3,train,India,last,इंजीनियरिंग,298,2115547
S3,train,India,last,chit,297,2115547
S3,train,India,last,resorts,297,2115547
S3,train,India,last,restaurant,289,2115547
S3,train,India,last,stores,288,2115547
S3,train,India,last,estates,286,2115547
S3,train,India,last,development,285,2115547
S3,train,India,last,pharma,284,2115547
S3,train,India,last,chits,283,2115547
S3,train,India,last,एंटरप्राइजेज,282,2115547
S3,train,India,last,c0,281,2115547
S3,train,India,last,nidhi,280,2115547
S3,train,India,last,ट्रेडिंग,280,2115547
S3,train,India,last,सॉल्यूशंस,277,2115547
S3,train,India,last,realtors,275,2115547
S3,train,India,last,travels,274,2115547
S3,train,India,last,medicals,271,2115547
S3,train,India,last,shree,270,2115547
S3,train,India,last,इंफ्रास्ट्रक्चर,269,2115547
S3,train,India,last,ássociates,266,2115547
S3,train,India,last,फूड्स,266,2115547
S3,train,India,last,bakery,265,2115547
S3,train,India,last,entertainment,265,2115547
S3,train,India,last,sweets,263,2115547
S3,train,India,last,clínic,262,2115547
S3,train,India,last,एग्रो,262,2115547
S3,train,India,last,innovations,260,2115547
S3,train,India,last,fund,256,2115547
S3,train,India,last,डेवलपर्स,256,2115547
S3,train,India,last,farmers,252,2115547
S3,train,India,last,exim,251,2115547
S3,train,India,last,bróthers,250,2115547
S3,train,India,last,पावर,250,2115547
S3,train,India,last,securities,248,2115547
S3,train,India,last,आईटी,247,2115547
S3,train,India,last,mumbai,246,2115547
S3,train,India,last,फाउंडेशन,246,2115547
S3,train,India,last,हॉस्पिटैलिटी,246,2115547
S3,train,India,last,मीडिया,245,2115547
S3,train,India,last,सर्विसेज,245,2115547
S3,train,India,last,बिजनेस,244,2115547
S3,train,India,last,इंफोटेक,243,2115547
S3,train,India,last,capital,240,2115547
S3,train,India,last,housing,239,2115547
S3,train,India,last,बिल्डर्स,239,2115547
S3,train,India,last,provision,238,2115547
S3,train,India,last,इंटरनेशनल,237,2115547
S3,train,India,last,इन्वेस्टमेंट्स,237,2115547
S3,train,India,last,टेक्नोलॉजी,237,2115547
S3,train,India,last,कंसल्टिंग,236,2115547
S3,train,India,last,hóldings,235,2115547
S3,train,India,last,sales,235,2115547
S3,train,India,last,हेल्थकेयर,235,2115547
S3,train,India,last,फाइनेंस,234,2115547
S3,train,India,last,लॉजिस्टिक्स,234,2115547
S3,train,India,last,मार्केटिंग,232,2115547
S3,train,India,last,प्रोड्यूसर,231,2115547
S3,train,India,last,प्रोजेक्ट्स,230,2115547
S3,train,India,last,buildcon,228,2115547
S3,train,India,last,इंफ्रा,228,2115547
S3,train,India,last,कंस्ट्रक्शन,228,2115547
S3,train,India,last,solar,227,2115547
S3,train,India,last,एक्सपोर्ट्स,227,2115547
S3,train,India,last,प्रॉपर्टीज,227,2115547
S3,train,India,last,मैनेजमेंट,227,2115547
S3,train,India,last,tráding,226,2115547
S3,train,India,last,homes,225,2115547
S3,train,India,last,works,225,2115547
S3,train,India,last,retail,223,2115547
S3,train,India,last,ପି,223,2115547
S3,train,India,last,vision,220,2115547
S3,train,India,last,एस्टेट,220,2115547
S3,train,India,last,advisory,219,2115547
S3,train,India,last,वेंचर्स,219,2115547
S3,train,India,last,कंसल्टेंट्स,218,2115547
S3,train,India,last,कंसल्टेंसी,218,2115547
S3,train,India,last,beverages,217,2115547
S3,train,India,last,ग्लोबल,217,2115547
S3,train,India,last,ਐਲਐਲਪੀ,217,2115547
S3,train,India,last,इन्वेस्टमेंट,216,2115547
S3,train,India,last,केयर,214,2115547
S3,train,India,last,सिस्टम्स,213,2115547
S3,train,India,last,sángh,212,2115547
S3,train,India,last,trade,212,2115547
S3,train,India,last,फूड,211,2115547
S3,train,India,last,टेक,210,2115547
S3,train,India,last,cáre,208,2115547
S3,train,India,last,leasing,207,2115547
S3,train,India,last,एनर्जी,207,2115547
S3,train,India,last,प्रोडक्ट्स,207,2115547
S3,train,India,last,ss,206,2115547
S3,train,India,last,इम्पेक्स,204,2115547
S3,train,India,last,cónsultants,203,2115547
S3,train,India,last,north,203,2115547
S3,train,India,last,network,200,2115547
S3,train,US,first,the,50739,3170056
S3,train,US,first,llc,41251,3170056
S3,train,US,first,pediatric,29824,3170056
S3,train,US,first,inc,27989,3170056
S3,train,US,first,family,12699,3170056
S3,train,US,first,a,11505,3170056
S3,train,US,first,ear,10256,3170056
S3,train,US,first,dental,10161,3170056
S3,train,US,first,primary,10138,3170056
S3,train,US,first,eye,10055,3170056
S3,train,US,first,physical,9976,3170056
S3,train,US,first,blue,9946,3170056
S3,train,US,first,foot,9898,3170056
S3,train,US,first,vision,9840,3170056
S3,train,US,first,cardiology,9803,3170056
S3,train,US,first,dermatology,9734,3170056
S3,train,US,first,chiropractic,9706,3170056
S3,train,US,first,behavioral,9507,3170056
S3,train,US,first,surgical,9471,3170056
S3,train,US,first,urgent,9446,3170056
S3,train,US,first,womens,9367,3170056
S3,train,US,first,internal,9366,3170056
S3,train,US,first,orthopedic,9326,3170056
S3,train,US,first,oncology,9292,3170056
S3,train,US,first,urology,9029,3170056
S3,train,US,first,fresh,8926,3170056
S3,train,US,first,regional,8538,3170056
S3,train,US,first,golden,8526,3170056
S3,train,US,first,bright,8406,3170056
S3,train,US,first,silver,8404,3170056
S3,train,US,first,smith,8399,3170056
S3,train,US,first,corp,7874,3170056
S3,train,US,first,summit,7847,3170056
S3,train,US,first,interstate,7816,3170056
S3,train,US,first,cascade,7606,3170056
S3,train,US,first,pacific,7584,3170056
S3,train,US,first,allied,7578,3170056
S3,train,US,first,continental,7531,3170056
S3,train,US,first,atlantic,7526,3170056
S3,train,US,first,global,7483,3170056
S3,train,US,first,metropolitan,7423,3170056
S3,train,US,first,l,7380,3170056
S3,train,US,first,heritage,7301,3170056
S3,train,US,first,national,7289,3170056
S3,train,US,first,federal,7271,3170056
S3,train,US,first,tri,6926,3170056
S3,train,US,first,rocky,6843,3170056
S3,train,US,first,valley,6824,3170056
S3,train,US,first,first,6789,3170056
S3,train,US,first,johnson,6738,3170056
S3,train,US,first,american,6717,3170056
S3,train,US,first,capital,6702,3170056
S3,train,US,first,liberty,6679,3170056
S3,train,US,first,highland,6652,3170056
S3,train,US,first,harbor,6623,3170056
S3,train,US,first,empire,6570,3170056
S3,train,US,first,partners,6557,3170056
S3,train,US,first,metro,6554,3170056
S3,train,US,first,colonial,6544,3170056
S3,train,US,first,bay,6527,3170056
S3,train,US,first,prairie,6515,3170056
S3,train,US,first,ridge,6502,3170056
S3,train,US,first,piedmont,6475,3170056
S3,train,US,first,midwest,6459,3170056
S3,train,US,first,united,6450,3170056
S3,train,US,first,coastal,6423,3170056
S3,train,US,first,desert,6413,3170056
S3,train,US,first,delta,6412,3170056
S3,train,US,first,frontier,6407,3170056
S3,train,US,first,great,6337,3170056
S3,train,US,first,center,6311,3170056
S3,train,US,first,group,6309,3170056
S3,train,US,first,gulf,6303,3170056
S3,train,US,first,mountain,6301,3170056
S3,train,US,first,patriot,6290,3170056
S3,train,US,first,co,6261,3170056
S3,train,US,first,heartland,6184,3170056
S3,train,US,first,green,6172,3170056
S3,train,US,first,premier,6061,3170056
S3,train,US,first,superior,5933,3170056
S3,train,US,first,vanguard,5872,3170056
S3,train,US,first,unified,5838,3170056
S3,train,US,first,integrated,5820,3170056
S3,train,US,first,dynamic,5762,3170056
S3,train,US,first,reliable,5758,3170056
S3,train,US,first,anchor,5726,3170056
S3,train,US,first,ltd,5690,3170056
S3,train,US,first,holdings,5665,3170056
S3,train,US,first,advanced,5659,3170056
S3,train,US,first,strategic,5655,3170056
S3,train,US,first,horizon,5645,3170056
S3,train,US,first,cornerstone,5587,3170056
S3,train,US,first,pinnacle,5585,3170056
S3,train,US,first,sterling,5570,3170056
S3,train,US,first,precision,5522,3170056
S3,train,US,first,keystone,5456,3170056
S3,train,US,first,apex,5448,3170056
S3,train,US,first,west,5392,3170056
S3,train,US,first,williams,5309,3170056
S3,train,US,first,beacon,5278,3170056
S3,train,US,first,safe,5127,3170056
S3,train,US,first,creative,5022,3170056
S3,train,US,first,legacy,4989,3170056
S3,train,US,first,prime,4981,3170056
S3,train,US,first,certified,4969,3170056
S3,train,US,first,total,4966,3170056
S3,train,US,first,smart,4947,3170056
S3,train,US,first,platinum,4936,3170056
S3,train,US,first,ace,4923,3170056
S3,train,US,first,peak,4916,3170056
S3,train,US,first,select,4886,3170056
S3,train,US,first,best,4870,3170056
S3,train,US,first,modern,4824,3170056
S3,train,US,first,quality,4815,3170056
S3,train,US,first,optimal,4796,3170056
S3,train,US,first,grand,4791,3170056
S3,train,US,first,preferred,4781,3170056
S3,train,US,first,custom,4779,3170056
S3,train,US,first,secure,4766,3170056
S3,train,US,first,clear,4760,3170056
S3,train,US,first,brown,4759,3170056
S3,train,US,first,rapid,4756,3170056
S3,train,US,first,choice,4743,3170056
S3,train,US,first,pioneer,4740,3170056
S3,train,US,first,clean,4737,3170056
S3,train,US,first,express,4729,3170056
S3,train,US,first,value,4727,3170056
S3,train,US,first,innovative,4725,3170056
S3,train,US,first,direct,4711,3170056
S3,train,US,first,star,4700,3170056
S3,train,US,first,signature,4693,3170056
S3,train,US,first,complete,4674,3170056
S3,train,US,first,jones,4673,3170056
S3,train,US,first,trusted,4646,3170056
S3,train,US,first,crystal,4645,3170056
S3,train,US,first,big,4628,3170056
S3,train,US,first,classic,4618,3170056
S3,train,US,first,diamond,4612,3170056
S3,train,US,first,better,4596,3170056
S3,train,US,first,east,4542,3170056
S3,train,US,first,royal,4539,3170056
S3,train,US,first,elite,4533,3170056
S3,train,US,first,supreme,4516,3170056
S3,train,US,first,all,4440,3170056
S3,train,US,first,north,4433,3170056
S3,train,US,first,western,4306,3170056
S3,train,US,first,south,4305,3170056
S3,train,US,first,little,4302,3170056
S3,train,US,first,services,4228,3170056
S3,train,US,first,upper,4152,3170056
S3,train,US,first,twisted,4109,3170056
S3,train,US,first,northern,4096,3170056
S3,train,US,first,garcia,4077,3170056
S3,train,US,first,urban,4070,3170056
S3,train,US,first,cure,4069,3170056
S3,train,US,first,miller,4060,3170056
S3,train,US,first,eastern,4052,3170056
S3,train,US,first,southern,4034,3170056
S3,train,US,first,lower,4014,3170056
S3,train,US,first,lucky,3950,3170056
S3,train,US,first,corner,3918,3170056
S3,train,US,first,main,3904,3170056
S3,train,US,first,davis,3870,3170056
S3,train,US,first,cozy,3866,3170056
S3,train,US,first,maid,3866,3170056
S3,train,US,first,rev,3860,3170056
S3,train,US,first,happy,3856,3170056
S3,train,US,first,straight,3795,3170056
S3,train,US,first,sweet,3795,3170056
S3,train,US,first,red,3784,3170056
S3,train,US,first,p,3783,3170056
S3,train,US,first,downtown,3766,3170056
S3,train,US,first,uptown,3669,3170056
S3,train,US,first,back,3667,3170056
S3,train,US,first,hernandez,3611,3170056
S3,train,US,first,martinez,3609,3170056
S3,train,US,first,rodriguez,3486,3170056
S3,train,US,first,community,3483,3170056
S3,train,US,first,youth,3443,3170056
S3,train,US,first,office,3325,3170056
S3,train,US,first,commission,3236,3170056
S3,train,US,first,department,3224,3170056
S3,train,US,first,board,3207,3170056
S3,train,US,first,bureau,3195,3170056
S3,train,US,first,division,2920,3170056
S3,train,US,first,gonzalez,2846,3170056
S3,train,US,first,lopez,2767,3170056
S3,train,US,first,health,2737,3170056
S3,train,US,first,anderson,2709,3170056
S3,train,US,first,wilson,2571,3170056
S3,train,US,first,taylor,2549,3170056
S3,train,US,first,literacy,2545,3170056
S3,train,US,first,heart,2538,3170056
S3,train,US,first,martin,2538,3170056
S3,train,US,first,jackson,2504,3170056
S3,train,US,first,thomas,2489,3170056
S3,train,US,first,housing,2461,3170056
S3,train,US,first,perez,2457,3170056
S3,train,US,first,white,2455,3170056
S3,train,US,first,cancer,2453,3170056
S3,train,US,first,lee,2450,3170056
S3,train,US,first,interfaith,2425,3170056
S3,train,US,first,asset,2422,3170056
S3,train,US,first,human,2397,3170056
S3,train,US,first,veterans,2381,3170056
S3,train,US,first,children,2360,3170056
S3,train,US,first,moore,2359,3170056
S3,train,US,first,economic,2348,3170056
S3,train,US,first,education,2343,3170056
S3,train,US,first,new,2340,3170056
S3,train,US,first,scholarship,2307,3170056
S3,train,US,first,cultural,2289,3170056
S3,train,US,first,wildlife,2289,3170056
S3,train,US,first,hunger,2285,3170056
S3,train,US,first,memorial,2273,3170056
S3,train,US,first,saint,2239,3170056
S3,train,US,first,arts,2237,3170056
S3,train,US,first,autism,2229,3170056
S3,train,US,first,historical,2211,3170056
S3,train,US,first,incorporated,2182,3170056
S3,train,US,first,animal,2176,3170056
S3,train,US,first,environmental,2151,3170056
S3,train,US,first,m,2140,3170056
S3,train,US,first,harris,2133,3170056
S3,train,US,first,thompson,2131,3170056
S3,train,US,first,trinity,2126,3170056
S3,train,US,first,sanchez,2124,3170056
S3,train,US,first,st,2101,3170056
S3,train,US,first,v,2047,3170056
S3,train,US,first,pc,2043,3170056
S3,train,US,first,h,2025,3170056
S3,train,US,first,n,2012,3170056
S3,train,US,first,service,2010,3170056
S3,train,US,first,temple,1959,3170056
S3,train,US,first,grace,1955,3170056
S3,train,US,first,mount,1955,3170056
S3,train,US,first,lewis,1944,3170056
S3,train,US,first,beth,1929,3170056
S3,train,US,first,g,1900,3170056
S3,train,US,first,c,1898,3170056
S3,train,US,first,d,1890,3170056
S3,train,US,first,o,1880,3170056
S3,train,US,first,e,1865,3170056
S3,train,US,first,pllc,1863,3170056
S3,train,US,first,clark,1853,3170056
S3,train,US,first,christ,1849,3170056
S3,train,US,first,b,1835,3170056
S3,train,US,first,j,1833,3170056
S3,train,US,first,t,1830,3170056
S3,train,US,first,w,1820,3170056
S3,train,US,first,holy,1813,3170056
S3,train,US,first,s,1810,3170056
S3,train,US,first,congregation,1805,3170056
S3,train,US,first,f,1802,3170056
S3,train,US,first,r,1786,3170056
S3,train,US,first,k,1760,3170056
S3,train,US,first,robinson,1758,3170056
S3,train,US,first,y,1737,3170056
S3,train,US,first,q,1734,3170056
S3,train,US,first,z,1718,3170056
S3,train,US,first,i,1710,3170056
S3,train,US,first,x,1687,3170056
S3,train,US,first,ramirez,1679,3170056
S3,train,US,first,u,1677,3170056
S3,train,US,first,lp,1671,3170056
S3,train,US,first,wright,1612,3170056
S3,train,US,first,young,1612,3170056
S3,train,US,first,king,1575,3170056
S3,train,US,first,walker,1574,3170056
S3,train,US,first,allen,1569,3170056
S3,train,US,first,adams,1559,3170056
S3,train,US,first,meridian,1531,3170056
S3,train,US,first,torres,1491,3170056
S3,train,US,first,nguyen,1441,3170056
S3,train,US,first,nelson,1429,3170056
S3,train,US,first,hill,1415,3170056
S3,train,US,first,ínc,1371,3170056
S3,train,US,first,flores,1354,3170056
S3,train,US,first,baker,1349,3170056
S3,train,US,first,scott,1326,3170056
S3,train,US,first,rivera,1297,3170056
S3,train,US,first,campbell,1285,3170056
S3,train,US,first,hall,1261,3170056
S3,train,US,first,carter,1256,3170056
S3,train,US,first,mitchell,1256,3170056
S3,train,US,first,diaz,1243,3170056
S3,train,US,first,roberts,1197,3170056
S3,train,US,first,gomez,1194,3170056
S3,train,US,first,stewart,1184,3170056
S3,train,US,first,morgan,1180,3170056
S3,train,US,first,data,1178,3170056
S3,train,US,first,mutual,1150,3170056
S3,train,US,first,rogers,1139,3170056
S3,train,US,first,turner,1138,3170056
S3,train,US,first,industrial,1134,3170056
S3,train,US,first,vega,1130,3170056
S3,train,US,first,central,1129,3170056
S3,train,US,first,cruz,1128,3170056
S3,train,US,first,digital,1128,3170056
S3,train,US,first,morris,1126,3170056
S3,train,US,first,evans,1125,3170056
S3,train,US,first,collins,1115,3170056
S3,train,US,first,international,1113,3170056
S3,train,US,first,universal,1102,3170056
S3,train,US,first,cedar,1098,3170056
S3,train,US,first,phillips,1095,3170056
S3,train,US,first,credit,1088,3170056
S3,train,US,first,baptist,1072,3170056
S3,train,US,first,parker,1072,3170056
S3,train,US,first,associated,1066,3170056
S3,train,US,first,business,1064,3170056
S3,train,US,first,automated,1062,3170056
S3,train,US,first,1,1045,3170056
S3,train,US,first,diversified,1031,3170056
S3,train,US,first,electronic,1026,3170056
S3,train,US,first,general,1016,3170056
S3,train,US,first,kim,1014,3170056
S3,train,US,first,standard,999,3170056
S3,train,US,first,transcontinental,996,3170056
S3,train,US,first,cooperative,983,3170056
S3,train,US,first,commercial,980,3170056
S3,train,US,first,applied,977,3170056
S3,train,US,first,ortiz,973,3170056
S3,train,US,first,edwards,971,3170056
S3,train,US,first,reed,970,3170056
S3,train,US,first,sapphire,970,3170056
S3,train,US,first,james,963,3170056
S3,train,US,first,morales,962,3170056
S3,train,US,first,kelly,961,3170056
S3,train,US,first,washington,957,3170056
S3,train,US,first,20,949,3170056
S3,train,US,first,corporate,947,3170056
S3,train,US,first,gutierrez,941,3170056
S3,train,US,first,reyes,937,3170056
S3,train,US,first,howard,936,3170056
S3,train,US,first,professional,934,3170056
S3,train,US,first,helios,932,3170056
S3,train,US,first,stag,930,3170056
S3,train,US,first,cook,928,3170056
S3,train,US,first,lynx,926,3170056
S3,train,US,first,cox,925,3170056
S3,train,US,first,consolidated,924,3170056
S3,train,US,first,myers,924,3170056
S3,train,US,first,murphy,920,3170056
S3,train,US,first,raven,918,3170056
S3,train,US,first,atlas,915,3170056
S3,train,US,first,cardinal,915,3170056
S3,train,US,first,wood,914,3170056
S3,train,US,first,ironclad,912,3170056
S3,train,US,first,cooper,911,3170056
S3,train,US,first,amber,910,3170056
S3,train,US,first,richardson,901,3170056
S3,train,US,first,falcon,900,3170056
S3,train,US,first,halcyon,898,3170056
S3,train,US,first,aurora,897,3170056
S3,train,US,first,steelworkers,896,3170056
S3,train,US,first,ridgeline,888,3170056
S3,train,US,first,peterson,887,3170056
S3,train,US,first,brooks,886,3170056
S3,train,US,first,jasper,885,3170056
S3,train,US,first,patel,884,3170056
S3,train,US,first,redwood,878,3170056
S3,train,US,first,northwind,876,3170056
S3,train,US,first,ross,876,3170056
S3,train,US,first,slate,875,3170056
S3,train,US,first,ember,872,3170056
S3,train,US,first,price,872,3170056
S3,train,US,first,granite,866,3170056
S3,train,US,first,gray,866,3170056
S3,train,US,first,nova,863,3170056
S3,train,US,first,flint,862,3170056
S3,train,US,first,willow,862,3170056
S3,train,US,first,solstice,858,3170056
S3,train,US,first,zephyr,858,3170056
S3,train,US,first,bailey,857,3170056
S3,train,US,first,city,854,3170056
S3,train,US,first,cypress,854,3170056
S3,train,US,first,watson,853,3170056
S3,train,US,first,birch,849,3170056
S3,train,US,first,chavez,848,3170056
S3,train,US,first,titan,848,3170056
S3,train,US,first,jimenez,845,3170056
S3,train,US,first,zenith,844,3170056
S3,train,US,first,forge,843,3170056
S3,train,US,first,ruiz,843,3170056
S3,train,US,first,aspen,841,3170056
S3,train,US,first,bastion,841,3170056
S3,train,US,first,citadel,841,3170056
S3,train,US,first,basalt,839,3170056
S3,train,US,first,vertex,839,3170056
S3,train,US,first,ward,837,3170056
S3,train,US,first,crestline,836,3170056
S3,train,US,first,hughes,835,3170056
S3,train,US,first,equinox,828,3170056
S3,train,US,first,kestrel,828,3170056
S3,train,US,first,onyx,828,3170056
S3,train,US,first,lantern,827,3170056
S3,train,US,first,cinder,826,3170056
S3,train,US,first,24hr,824,3170056
S3,train,US,first,carpenters,824,3170056
S3,train,US,first,electricians,820,3170056
S3,train,US,first,medina,818,3170056
S3,train,US,first,sirius,816,3170056
S3,train,US,first,compass,814,3170056
S3,train,US,first,painters,812,3170056
S3,train,US,first,long,811,3170056
S3,train,US,first,quartz,810,3170056
S3,train,US,first,longshoremen,804,3170056
S3,train,US,first,everest,803,3170056
S3,train,US,first,osprey,803,3170056
S3,train,US,first,cobalt,802,3170056
S3,train,US,first,lyra,800,3170056
S3,train,US,first,sullivan,799,3170056
S3,train,US,first,houston,797,3170056
S3,train,US,first,sequoia,797,3170056
S3,train,US,first,plumbers,796,3170056
S3,train,US,first,emerald,795,3170056
S3,train,US,first,ironworkers,795,3170056
S3,train,US,first,bell,792,3170056
S3,train,US,first,juniper,792,3170056
S3,train,US,first,bennett,791,3170056
S3,train,US,first,monarch,791,3170056
S3,train,US,first,romero,791,3170056
S3,train,US,first,hamilton,787,3170056
S3,train,US,first,teamsters,786,3170056
S3,train,US,first,alvarez,785,3170056
S3,train,US,first,sanders,784,3170056
S3,train,US,first,anvil,779,3170056
S3,train,US,first,perry,775,3170056
S3,train,US,first,bricklayers,774,3170056
S3,train,US,first,henderson,774,3170056
S3,train,US,first,ramos,773,3170056
S3,train,US,first,powell,772,3170056
S3,train,US,first,operating,771,3170056
S3,train,US,first,firefighters,763,3170056
S3,train,US,first,simmons,762,3170056
S3,train,US,first,orion,761,3170056
S3,train,US,first,aguilar,759,3170056
S3,train,US,first,machinists,751,3170056
S3,train,US,first,foster,749,3170056
S3,train,US,first,timber,748,3170056
S3,train,US,first,foundry,742,3170056
S3,train,US,first,jordan,742,3170056
S3,train,US,first,mendoza,740,3170056
S3,train,US,first,moreno,739,3170056
S3,train,US,first,obsidian,739,3170056
S3,train,US,first,castillo,736,3170056
S3,train,US,first,vasquez,736,3170056
S3,train,US,first,pipefitters,729,3170056
S3,train,US,first,coleman,722,3170056
S3,train,US,first,fisher,722,3170056
S3,train,US,first,studio,714,3170056
S3,train,US,first,herrera,710,3170056
S3,train,US,first,super,707,3170056
S3,train,US,first,6,703,3170056
S3,train,US,first,russell,699,3170056
S3,train,US,first,polaris,692,3170056
S3,train,US,first,graham,690,3170056
S3,train,US,first,laborers,688,3170056
S3,train,US,first,bison,686,3170056
S3,train,US,first,patterson,682,3170056
S3,train,US,first,alexander,679,3170056
S3,train,US,first,gonzales,676,3170056
S3,train,US,first,cole,672,3170056
S3,train,US,first,care,670,3170056
S3,train,US,first,mcdonald,670,3170056
S3,train,US,first,bryant,669,3170056
S3,train,US,first,5,668,3170056
S3,train,US,first,jenkins,667,3170056
S3,train,US,first,mendez,666,3170056
S3,train,US,first,ellis,665,3170056
S3,train,US,first,barnes,661,3170056
S3,train,US,first,hayes,661,3170056
S3,train,US,first,gibson,658,3170056
S3,train,US,first,wallace,656,3170056
S3,train,US,first,griffin,655,3170056
S3,train,US,first,ford,654,3170056
S3,train,US,first,dixon,651,3170056
S3,train,US,first,murray,651,3170056
S3,train,US,first,2,646,3170056
S3,train,US,first,corporation,646,3170056
S3,train,US,first,woods,646,3170056
S3,train,US,first,9,645,3170056
S3,train,US,first,butler,643,3170056
S3,train,US,first,route,640,3170056
S3,train,US,first,harrison,636,3170056
S3,train,US,first,munoz,636,3170056
S3,train,US,first,reynolds,634,3170056
S3,train,US,first,marshall,630,3170056
S3,train,US,first,warren,627,3170056
S3,train,US,first,8,626,3170056
S3,train,US,first,town,626,3170056
S3,train,US,first,hicks,624,3170056
S3,train,US,first,castro,623,3170056
S3,train,US,first,vargas,620,3170056
S3,train,US,first,austin,619,3170056
S3,train,US,first,porter,607,3170056
S3,train,US,first,wells,606,3170056
S3,train,US,first,rose,604,3170056
S3,train,US,first,kennedy,602,3170056
S3,train,US,first,fernandez,599,3170056
S3,train,US,first,mason,599,3170056
S3,train,US,first,7,597,3170056
S3,train,US,first,3,595,3170056
S3,train,US,first,snyder,595,3170056
S3,train,US,first,guzman,594,3170056
S3,train,US,first,crawford,587,3170056
S3,train,US,first,fox,587,3170056
S3,train,US,first,stevens,584,3170056
S3,train,US,first,tran,581,3170056
S3,train,US,first,tucker,579,3170056
S3,train,US,first,grant,578,3170056
S3,train,US,first,schmidt,578,3170056
S3,train,US,first,silva,574,3170056
S3,train,US,first,mills,571,3170056
S3,train,US,first,robertson,566,3170056
S3,train,US,first,simpson,565,3170056
S3,train,US,first,olson,558,3170056
S3,train,US,first,4,555,3170056
S3,train,US,first,armstrong,555,3170056
S3,train,US,first,palmer,553,3170056
S3,train,US,first,nichols,551,3170056
S3,train,US,first,webb,547,3170056
S3,train,US,first,freeman,546,3170056
S3,train,US,first,of,537,3170056
S3,train,US,first,shaw,537,3170056
S3,train,US,first,ryan,534,3170056
S3,train,US,first,wagner,534,3170056
S3,train,US,first,meyer,533,3170056
S3,train,US,first,owens,530,3170056
S3,train,US,first,burns,528,3170056
S3,train,US,first,montgomery,525,3170056
S3,train,US,first,hunt,521,3170056
S3,train,US,first,guerrero,520,3170056
S3,train,US,first,kelley,520,3170056
S3,train,US,first,chen,517,3170056
S3,train,US,first,cunningham,517,3170056
S3,train,US,first,lane,516,3170056
S3,train,US,first,ray,516,3170056
S3,train,US,first,may,515,3170056
S3,train,US,first,andrews,512,3170056
S3,train,US,first,arnold,510,3170056
S3,train,US,first,henry,508,3170056
S3,train,US,first,black,505,3170056
S3,train,US,first,carroll,500,3170056
S3,train,US,first,johnston,498,3170056
S3,train,US,first,pierce,497,3170056
S3,train,US,first,weaver,493,3170056
S3,train,US,first,holmes,492,3170056
S3,train,US,first,boyd,488,3170056
S3,train,US,first,franklin,488,3170056
S3,train,US,first,peters,486,3170056
S3,train,US,first,lawrence,484,3170056
S3,train,US,first,perkins,484,3170056
S3,train,US,first,stone,484,3170056
S3,train,US,first,figueroa,482,3170056
S3,train,US,first,knight,482,3170056
S3,train,US,first,stephens,482,3170056
S3,train,US,first,hudson,481,3170056
S3,train,US,first,duncan,478,3170056
S3,train,US,first,greene,477,3170056
S3,train,US,first,and,476,3170056
S3,train,US,first,hawkins,476,3170056
S3,train,US,first,rice,476,3170056
S3,train,US,first,gordon,474,3170056
S3,train,US,first,associates,473,3170056
S3,train,US,first,ferguson,471,3170056
S3,train,US,first,harper,471,3170056
S3,train,US,first,hart,471,3170056
S3,train,US,first,soto,469,3170056
S3,train,US,first,willis,467,3170056
S3,train,US,first,bradley,466,3170056
S3,train,US,first,gardner,466,3170056
S3,train,US,first,hoffman,466,3170056
S3,train,US,first,zion,466,3170056
S3,train,US,first,daniels,465,3170056
S3,train,US,first,george,464,3170056
S3,train,US,first,vazquez,462,3170056
S3,train,US,first,village,462,3170056
S3,train,US,first,payne,461,3170056
S3,train,US,first,chapman,460,3170056
S3,train,US,first,lucas,460,3170056
S3,train,US,first,nunez,459,3170056
S3,train,US,first,rios,447,3170056
S3,train,US,first,burke,446,3170056
S3,train,US,first,carpenter,446,3170056
S3,train,US,first,hunter,446,3170056
S3,train,US,first,spencer,443,3170056
S3,train,US,first,burton,441,3170056
S3,train,US,first,lara,441,3170056
S3,train,US,first,le,440,3170056
S3,train,US,first,obrien,438,3170056
S3,train,US,first,richards,438,3170056
S3,train,US,first,berry,434,3170056
S3,train,US,first,valdez,431,3170056
S3,train,US,first,larson,430,3170056
S3,train,US,first,watkins,425,3170056
S3,train,US,first,gilbert,424,3170056
S3,train,US,first,delgado,421,3170056
S3,train,US,first,solis,417,3170056
S3,train,US,first,riley,416,3170056
S3,train,US,first,wade,416,3170056
S3,train,US,first,salazar,414,3170056
S3,train,US,first,lawson,413,3170056
S3,train,US,first,elliott,411,3170056
S3,train,US,first,matthews,410,3170056
S3,train,US,first,dominguez,407,3170056
S3,train,US,first,harvey,406,3170056
S3,train,US,first,garza,405,3170056
S3,train,US,first,singh,405,3170056
S3,train,US,first,fuller,404,3170056
S3,train,US,first,jensen,403,3170056
S3,train,US,first,sandoval,401,3170056
S3,train,US,first,williamson,400,3170056
S3,train,US,first,sims,398,3170056
S3,train,US,first,contreras,397,3170056
S3,train,US,first,ortega,397,3170056
S3,train,US,first,dunn,396,3170056
S3,train,US,first,schneider,396,3170056
S3,train,US,first,oliver,394,3170056
S3,train,US,first,wheeler,394,3170056
S3,train,US,first,carlson,393,3170056
S3,train,US,first,park,393,3170056
S3,train,US,first,hansen,392,3170056
S3,train,US,first,miranda,387,3170056
S3,train,US,first,weber,387,3170056
S3,train,US,first,miles,385,3170056
S3,train,US,first,company,383,3170056
S3,train,US,first,pena,383,3170056
S3,train,US,first,fields,378,3170056
S3,train,US,first,vaughn,378,3170056
S3,train,US,first,chambers,377,3170056
S3,train,US,first,fort,376,3170056
S3,train,US,first,santos,375,3170056
S3,train,US,first,barker,374,3170056
S3,train,US,first,maldonado,374,3170056
S3,train,US,first,day,373,3170056
S3,train,US,first,brewer,371,3170056
S3,train,US,first,li,371,3170056
S3,train,US,first,phoenix,371,3170056
S3,train,US,first,yang,371,3170056
S3,train,US,first,schultz,370,3170056
S3,train,US,first,reid,369,3170056
S3,train,US,first,garrett,368,3170056
S3,train,US,first,page,368,3170056
S3,train,US,first,rojas,368,3170056
S3,train,US,first,walsh,368,3170056
S3,train,US,first,estrada,367,3170056
S3,train,US,first,lynch,367,3170056
S3,train,US,first,cohen,364,3170056
S3,train,US,first,pearson,364,3170056
S3,train,US,first,wu,364,3170056
S3,train,US,first,chandler,362,3170056
S3,train,US,first,fowler,360,3170056
S3,train,US,first,bishop,359,3170056
S3,train,US,first,jacobs,359,3170056
S3,train,US,first,wong,359,3170056
S3,train,US,first,carr,358,3170056
S3,train,US,first,douglas,358,3170056
S3,train,US,first,newman,358,3170056
S3,train,US,first,hanson,357,3170056
S3,train,US,first,morrison,357,3170056
S3,train,US,first,cortez,356,3170056
S3,train,US,first,wang,352,3170056
S3,train,US,first,bates,351,3170056
S3,train,US,first,bowman,351,3170056
S3,train,US,first,campos,351,3170056
S3,train,US,first,walters,351,3170056
S3,train,US,first,dawson,348,3170056
S3,train,US,first,haynes,348,3170056
S3,train,US,first,santiago,347,3170056
S3,train,US,first,24,343,3170056
S3,train,US,first,acosta,343,3170056
S3,train,US,first,duran,343,3170056
S3,train,US,first,gill,343,3170056
S3,train,US,first,howell,343,3170056
S3,train,US,first,moran,342,3170056
S3,train,US,first,alvarado,340,3170056
S3,train,US,first,espinoza,339,3170056
S3,train,US,first,dean,338,3170056
S3,train,US,first,rhodes,338,3170056
S3,train,US,first,jo,337,3170056
S3,train,US,first,shelton,336,3170056
S3,train,US,first,banks,334,3170056
S3,train,US,first,fleming,333,3170056
S3,train,US,first,chicago,331,3170056
S3,train,US,first,ayala,330,3170056
S3,train,US,first,horton,330,3170056
S3,train,US,first,newton,330,3170056
S3,train,US,first,webster,330,3170056
S3,train,US,first,caldwell,329,3170056
S3,train,US,first,hail,329,3170056
S3,train,US,first,luna,328,3170056
S3,train,US,first,clinic,327,3170056
S3,train,US,first,becker,326,3170056
S3,train,US,first,mejia,326,3170056
S3,train,US,first,avila,324,3170056
S3,train,US,first,earnosethroat,323,3170056
S3,train,US,first,blair,322,3170056
S3,train,US,first,holland,322,3170056
S3,train,US,first,padilla,322,3170056
S3,train,US,first,potter,322,3170056
S3,train,US,first,warner,322,3170056
S3,train,US,first,baldwin,321,3170056
S3,train,US,first,charlotte,321,3170056
S3,train,US,first,leonard,321,3170056
S3,train,US,first,lin,321,3170056
S3,train,US,first,moss,321,3170056
S3,train,US,first,hampton,320,3170056
S3,train,US,first,gallegos,318,3170056
S3,train,US,first,keller,318,3170056
S3,train,US,first,norris,317,3170056
S3,train,US,first,garner,315,3170056
S3,train,US,first,doyle,314,3170056
S3,train,US,first,reeves,314,3170056
S3,train,US,first,hale,313,3170056
S3,train,US,first,davidson,311,3170056
S3,train,US,first,vu,310,3170056
S3,train,US,first,lindsey,309,3170056
S3,train,US,first,molina,309,3170056
S3,train,US,first,barnett,308,3170056
S3,train,US,first,erickson,308,3170056
S3,train,US,first,joseph,308,3170056
S3,train,US,first,welch,308,3170056
S3,train,US,first,mcdaniel,307,3170056
S3,train,US,first,navarro,307,3170056
S3,train,US,first,dallas,306,3170056
S3,train,US,first,hopkins,306,3170056
S3,train,US,first,mccoy,306,3170056
S3,train,US,first,powers,306,3170056
S3,train,US,first,sherman,306,3170056
S3,train,US,first,lowe,305,3170056
S3,train,US,first,zimmerman,304,3170056
S3,train,US,first,curtis,302,3170056
S3,train,US,first,velasquez,301,3170056
S3,train,US,first,barrett,300,3170056
S3,train,US,first,cabrera,299,3170056
S3,train,US,first,ramsey,298,3170056
S3,train,US,first,lake,297,3170056
S3,train,US,first,neal,296,3170056
S3,train,US,first,parks,296,3170056
S3,train,US,first,waters,296,3170056
S3,train,US,first,fami1y,295,3170056
S3,train,US,first,chan,294,3170056
S3,train,US,first,lambert,294,3170056
S3,train,US,first,craig,293,3170056
S3,train,US,first,mann,292,3170056
S3,train,US,first,robles,292,3170056
S3,train,US,first,farmer,291,3170056
S3,train,US,first,hardy,291,3170056
S3,train,US,first,la,291,3170056
S3,train,US,first,juarez,290,3170056
S3,train,US,first,fletcher,289,3170056
S3,train,US,first,delacruz,287,3170056
S3,train,US,first,deleon,287,3170056
S3,train,US,first,leon,287,3170056
S3,train,US,first,paul,286,3170056
S3,train,US,first,ingram,285,3170056
S3,train,US,first,graves,283,3170056
S3,train,US,first,valencia,283,3170056
S3,train,US,first,columbus,281,3170056
S3,train,US,first,terry,281,3170056
S3,train,US,first,frazier,279,3170056
S3,train,US,first,marquez,278,3170056
S3,train,US,first,patton,277,3170056
S3,train,US,first,watts,277,3170056
S3,train,US,first,beck,276,3170056
S3,train,US,first,blake,276,3170056
S3,train,US,first,steele,276,3170056
S3,train,US,first,thornton,276,3170056
S3,train,US,first,gallagher,275,3170056
S3,train,US,first,swanson,275,3170056
S3,train,US,first,boston,274,3170056
S3,train,US,first,griffith,274,3170056
S3,train,US,first,stanley,274,3170056
S3,train,US,first,wolfe,274,3170056
S3,train,US,first,bush,273,3170056
S3,train,US,first,byrd,272,3170056
S3,train,US,first,roman,272,3170056
S3,train,US,first,francis,271,3170056
S3,train,US,first,lyons,271,3170056
S3,train,US,first,stevenson,271,3170056
S3,train,US,first,fuentes,270,3170056
S3,train,US,first,oconnor,270,3170056
S3,train,US,first,wolf,269,3170056
S3,train,US,first,jennings,268,3170056
S3,train,US,first,kent,268,3170056
S3,train,US,first,mckinney,268,3170056
S3,train,US,first,nava,268,3170056
S3,train,US,first,hines,267,3170056
S3,train,US,first,lu,267,3170056
S3,train,US,first,hammond,266,3170056
S3,train,US,first,logan,266,3170056
S3,train,US,first,sharp,266,3170056
S3,train,US,first,sutton,266,3170056
S3,train,US,first,castaneda,265,3170056
S3,train,US,first,gregory,265,3170056
S3,train,US,first,bowen,264,3170056
S3,train,US,first,72,262,3170056
S3,train,US,first,cervantes,262,3170056
S3,train,US,first,conner,262,3170056
S3,train,US,first,ochoa,262,3170056
S3,train,US,first,dennis,260,3170056
S3,train,US,first,gross,260,3170056
S3,train,US,first,benson,259,3170056
S3,train,US,first,quinn,259,3170056
S3,train,US,first,schwartz,259,3170056
S3,train,US,first,cardenas,258,3170056
S3,train,US,first,mora,258,3170056
S3,train,US,first,pham,257,3170056
S3,train,US,first,french,256,3170056
S3,train,US,first,tate,256,3170056
S3,train,US,first,york,256,3170056
S3,train,US,first,church,255,3170056
S3,train,US,first,robbins,255,3170056
S3,train,US,first,yates,255,3170056
S3,train,US,first,casey,254,3170056
S3,train,US,first,pacheco,254,3170056
S3,train,US,first,home,253,3170056
S3,train,US,first,lang,253,3170056
S3,train,US,first,trujillo,253,3170056
S3,train,US,first,cross,252,3170056
S3,train,US,first,hodges,252,3170056
S3,train,US,first,anna,251,3170056
S3,train,US,first,conley,251,3170056
S3,train,US,first,harmon,251,3170056
S3,train,US,first,aguirre,250,3170056
S3,train,US,first,norman,250,3170056
S3,train,US,first,prince,250,3170056
S3,train,US,first,hartman,249,3170056
S3,train,US,first,rangel,249,3170056
S3,train,US,first,visi0n,249,3170056
S3,train,US,first,klein,248,3170056
S3,train,US,first,liu,248,3170056
S3,train,US,first,rosales,248,3170056
S3,train,US,first,camacho,247,3170056
S3,train,US,first,floyd,247,3170056
S3,train,US,first,monroe,247,3170056
S3,train,US,first,reese,247,3170056
S3,train,US,first,durham,246,3170056
S3,train,US,first,fitzgerald,246,3170056
S3,train,US,first,love,246,3170056
S3,train,US,first,mccarthy,246,3170056
S3,train,US,first,suarez,245,3170056
S3,train,US,first,andrade,244,3170056
S3,train,US,first,curry,244,3170056
S3,train,US,first,mclaughlin,244,3170056
S3,train,US,first,person,244,3170056
S3,train,US,first,mcguire,243,3170056
S3,train,US,first,simon,243,3170056
S3,train,US,first,chir0practic,242,3170056
S3,train,US,first,rodgers,242,3170056
S3,train,US,first,roth,242,3170056
S3,train,US,first,virginia,242,3170056
S3,train,US,first,ali,241,3170056
S3,train,US,first,allison,241,3170056
S3,train,US,first,serrano,241,3170056
S3,train,US,first,cleveland,240,3170056
S3,train,US,first,denta1,240,3170056
S3,train,US,first,richmond,240,3170056
S3,train,US,first,clayton,239,3170056
S3,train,US,first,frank,239,3170056
S3,train,US,first,lloyd,239,3170056
S3,train,US,first,mack,239,3170056
S3,train,US,first,maxwell,238,3170056
S3,train,US,first,yu,238,3170056
S3,train,US,first,ballard,237,3170056
S3,train,US,first,cain,237,3170056
S3,train,US,first,marin,237,3170056
S3,train,US,first,carrillo,236,3170056
S3,train,US,first,cummings,236,3170056
S3,train,US,first,walton,236,3170056
S3,train,US,first,chang,235,3170056
S3,train,US,first,guerra,235,3170056
S3,train,US,first,mesa,235,3170056
S3,train,US,first,calderon,234,3170056
S3,train,US,first,jefferson,234,3170056
S3,train,US,first,marsh,234,3170056
S3,train,US,first,nashville,234,3170056
S3,train,US,first,saunders,234,3170056
S3,train,US,first,12,233,3170056
S3,train,US,first,foley,233,3170056
S3,train,US,first,lynn,233,3170056
S3,train,US,first,springfield,233,3170056
S3,train,US,first,stokes,233,3170056
S3,train,US,first,bautista,232,3170056
S3,train,US,first,greer,232,3170056
S3,train,US,first,fischer,230,3170056
S3,train,US,first,higgins,230,3170056
S3,train,US,first,rowe,229,3170056
S3,train,US,first,mcbride,228,3170056
S3,train,US,first,parsons,228,3170056
S3,train,US,first,colon,227,3170056
S3,train,US,first,goodman,227,3170056
S3,train,US,first,ho,227,3170056
S3,train,US,first,ibarra,227,3170056
S3,train,US,first,montoya,227,3170056
S3,train,US,first,pope,227,3170056
S3,train,US,first,shannon,227,3170056
S3,train,US,first,heath,226,3170056
S3,train,US,first,hester,226,3170056
S3,train,US,first,mueller,226,3170056
S3,train,US,first,phelps,226,3170056
S3,train,US,first,shah,226,3170056
S3,train,US,first,tapia,226,3170056
S3,train,US,first,davenport,225,3170056
S3,train,US,first,galvan,225,3170056
S3,train,US,first,mccormick,225,3170056
S3,train,US,first,meyers,225,3170056
S3,train,US,first,physica1,225,3170056
S3,train,US,first,pineda,225,3170056
S3,train,US,first,santana,225,3170056
S3,train,US,first,ventura,225,3170056
S3,train,US,first,adkins,224,3170056
S3,train,US,first,landry,224,3170056
S3,train,US,first,cobb,223,3170056
S3,train,US,first,franco,223,3170056
S3,train,US,first,kirby,223,3170056
S3,train,US,first,rivas,223,3170056
S3,train,US,first,shepherd,223,3170056
S3,train,US,first,burgess,222,3170056
S3,train,US,first,nicholson,222,3170056
S3,train,US,first,tyler,222,3170056
S3,train,US,first,villarreal,222,3170056
S3,train,US,first,barton,221,3170056
S3,train,US,first,owen,221,3170056
S3,train,US,first,wilkins,221,3170056
S3,train,US,first,007,220,3170056
S3,train,US,first,48,220,3170056
S3,train,US,first,barber,220,3170056
S3,train,US,first,fairfax,220,3170056
S3,train,US,first,gibbs,220,3170056
S3,train,US,first,macias,220,3170056
S3,train,US,first,whitney,220,3170056
S3,train,US,first,cline,219,3170056
S3,train,US,first,ponce,219,3170056
S3,train,US,first,bradford,218,3170056
S3,train,US,first,gates,218,3170056
S3,train,US,first,hubbard,218,3170056
S3,train,US,first,lnc,217,3170056
S3,train,US,first,mckenzie,217,3170056
S3,train,US,first,beil,216,3170056
S3,train,US,first,cannon,215,3170056
S3,train,US,first,carey,215,3170056
S3,train,US,first,christian,215,3170056
S3,train,US,first,rocha,215,3170056
S3,train,US,first,cordova,214,3170056
S3,train,US,first,lozano,214,3170056
S3,train,US,first,collier,212,3170056
S3,train,US,first,goodwin,212,3170056
S3,train,US,first,harrington,212,3170056
S3,train,US,first,indianapolis,212,3170056
S3,train,US,first,khan,212,3170056
S3,train,US,first,orozco,212,3170056
S3,train,US,first,shields,212,3170056
S3,train,US,first,sacramento,211,3170056
S3,train,US,first,sosa,211,3170056
S3,train,US,first,township,211,3170056
S3,train,US,first,mcgee,210,3170056
S3,train,US,first,mercado,210,3170056
S3,train,US,first,trevino,210,3170056
S3,train,US,first,zhang,210,3170056
S3,train,US,first,burnett,209,3170056
S3,train,US,first,carson,209,3170056
S3,train,US,first,drake,209,3170056
S3,train,US,first,hoover,209,3170056
S3,train,US,first,moody,209,3170056
S3,train,US,first,vance,209,3170056
S3,train,US,first,vincent,209,3170056
S3,train,US,first,arias,208,3170056
S3,train,US,first,petersen,208,3170056
S3,train,US,first,vi,208,3170056
S3,train,US,first,holt,207,3170056
S3,train,US,first,pittman,207,3170056
S3,train,US,first,whitaker,206,3170056
S3,train,US,first,36,205,3170056
S3,train,US,first,clarke,205,3170056
S3,train,US,first,malone,205,3170056
S3,train,US,first,salinas,205,3170056
S3,train,US,first,wiggins,205,3170056
S3,train,US,first,atlanta,204,3170056
S3,train,US,first,bauer,204,3170056
S3,train,US,first,olsen,204,3170056
S3,train,US,first,christensen,203,3170056
S3,train,US,first,frederick,203,3170056
S3,train,US,first,kramer,203,3170056
S3,train,US,first,valenzuela,203,3170056
S3,train,US,first,county,202,3170056
S3,train,US,first,gay,202,3170056
S3,train,US,first,huang,202,3170056
S3,train,US,first,buchanan,201,3170056
S3,train,US,first,charles,201,3170056
S3,train,US,first,morton,201,3170056
S3,train,US,first,nolan,201,3170056
S3,train,US,first,pratt,201,3170056
S3,train,US,first,strickland,201,3170056
S3,train,US,first,bryan,200,3170056
S3,train,US,first,flowers,200,3170056
S3,train,US,first,hobbs,200,3170056
S3,train,US,first,norton,200,3170056
S3,train,US,first,todd,200,3170056
S3,train,US,first,velazquez,200,3170056
S3,train,US,last,llc,449527,3170056
S3,train,US,last,inc,336175,3170056
S3,train,US,last,com,132256,3170056
S3,train,US,last,center,104644,3170056
S3,train,US,last,corp,98464,3170056
S3,train,US,last,partners,80852,3170056
S3,train,US,last,co,80387,3170056
S3,train,US,last,c,77570,3170056
S3,train,US,last,ltd,73265,3170056
S3,train,US,last,group,72865,3170056
S3,train,US,last,services,63898,3170056
S3,train,US,last,holdings,53627,3170056
S3,train,US,last,lp,40187,3170056
S3,train,US,last,corporation,32503,3170056
S3,train,US,last,service,31428,3170056
S3,train,US,last,pc,26868,3170056
S3,train,US,last,associates,21454,3170056
S3,train,US,last,pllc,20393,3170056
S3,train,US,last,incorporated,19241,3170056
S3,train,US,last,care,17753,3170056
S3,train,US,last,clinic,14352,3170056
S3,train,US,last,ínc,11650,3170056
S3,train,US,last,health,8495,3170056
S3,train,US,last,medicine,7497,3170056
S3,train,US,last,of,7014,3170056
S3,train,US,last,enterprises,6552,3170056
S3,train,US,last,d,6437,3170056
S3,train,US,last,specialists,6041,3170056
S3,train,US,last,company,6011,3170056
S3,train,US,last,summit,5438,3170056
S3,train,US,last,physicians,5430,3170056
S3,train,US,last,valley,5402,3170056
S3,train,US,last,trust,5382,3170056
S3,train,US,last,harbor,5310,3170056
S3,train,US,last,association,5283,3170056
S3,train,US,last,coastal,5225,3170056
S3,train,US,last,highland,5218,3170056
S3,train,US,last,metro,5212,3170056
S3,train,US,last,east,4721,3170056
S3,train,US,last,north,4625,3170056
S3,train,US,last,west,4620,3170056
S3,train,US,last,central,4523,3170056
S3,train,US,last,south,4514,3170056
S3,train,US,last,church,4497,3170056
S3,train,US,last,alliance,4404,3170056
S3,train,US,last,westgate,4388,3170056
S3,train,US,last,uptown,4357,3170056
S3,train,US,last,southside,4351,3170056
S3,train,US,last,downtown,4279,3170056
S3,train,US,last,northside,4270,3170056
S3,train,US,last,greater,4264,3170056
S3,train,US,last,lakeside,4243,3170056
S3,train,US,last,midtown,4239,3170056
S3,train,US,last,riverside,4216,3170056
S3,train,US,last,eastgate,4208,3170056
S3,train,US,last,council,4095,3170056
S3,train,US,last,society,4043,3170056
S3,train,US,last,and,4016,3170056
S3,train,US,last,federation,3930,3170056
S3,train,US,last,foundation,3925,3170056
S3,train,US,last,ventures,3914,3170056
S3,train,US,last,works,3727,3170056
S3,train,US,last,industries,3591,3170056
S3,train,US,last,s,3527,3170056
S3,train,US,last,ministries,3450,3170056
S3,train,US,last,fellowship,3386,3170056
S3,train,US,last,global,3330,3170056
S3,train,US,last,network,3208,3170056
S3,train,US,last,institute,3011,3170056
S3,train,US,last,fund,3000,3170056
S3,train,US,last,capital,2952,3170056
S3,train,US,last,dds,2889,3170056
S3,train,US,last,coalition,2821,3170056
S3,train,US,last,league,2789,3170056
S3,train,US,last,program,2787,3170056
S3,train,US,last,charities,2733,3170056
S3,train,US,last,guild,2723,3170056
S3,train,US,last,academy,2714,3170056
S3,train,US,last,initiative,2712,3170056
S3,train,US,last,solutions,2708,3170056
S3,train,US,last,international,2699,3170056
S3,train,US,last,trading,2697,3170056
S3,train,US,last,lnc,2683,3170056
S3,train,US,last,committee,2661,3170056
S3,train,US,last,project,2661,3170056
S3,train,US,last,worldwide,2661,3170056
S3,train,US,last,cénter,2633,3170056
S3,train,US,last,school,2581,3170056
S3,train,US,last,digital,2491,3170056
S3,train,US,last,therapy,2407,3170056
S3,train,US,last,management,2391,3170056
S3,train,US,last,massage,2385,3170056
S3,train,US,last,systems,2357,3170056
S3,train,US,last,deli,2348,3170056
S3,train,US,last,networks,2331,3170056
S3,train,US,last,seafood,2271,3170056
S3,train,US,last,pizza,2256,3170056
S3,train,US,last,laboratories,2240,3170056
S3,train,US,last,cafe,2233,3170056
S3,train,US,last,studios,2218,3170056
S3,train,US,last,technologies,2148,3170056
S3,train,US,last,grill,2116,3170056
S3,train,US,last,union,2065,3170056
S3,train,US,last,bakery,2054,3170056
S3,train,US,last,dental,2005,3170056
S3,train,US,last,consultants,1982,3170056
S3,train,US,last,a,1957,3170056
S3,train,US,last,md,1924,3170056
S3,train,US,last,studio,1892,3170056
S3,train,US,last,coffee,1891,3170056
S3,train,US,last,advisors,1887,3170056
S3,train,US,last,w,1875,3170056
S3,train,US,last,shop,1855,3170056
S3,train,US,last,dynamics,1852,3170056
S3,train,US,last,pub,1845,3170056
S3,train,US,last,dpm,1840,3170056
S3,train,US,last,labs,1823,3170056
S3,train,US,last,investments,1812,3170056
S3,train,US,last,diner,1810,3170056
S3,train,US,last,realty,1794,3170056
S3,train,US,last,dmd,1789,3170056
S3,train,US,last,do,1783,3170056
S3,train,US,last,cardiology,1719,3170056
S3,train,US,last,cpa,1719,3170056
S3,train,US,last,concepts,1711,3170056
S3,train,US,last,o,1707,3170056
S3,train,US,last,products,1706,3170056
S3,train,US,last,medical,1697,3170056
S3,train,US,last,practice,1694,3170056
S3,train,US,last,hypnosis,1667,3170056
S3,train,US,last,esq,1659,3170056
S3,train,US,last,barbershop,1649,3170056
S3,train,US,last,tavern,1647,3170056
S3,train,US,last,college,1629,3170056
S3,train,US,last,collective,1624,3170056
S3,train,US,last,brands,1620,3170056
S3,train,US,last,innovations,1619,3170056
S3,train,US,last,yoga,1608,3170056
S3,train,US,last,tattoo,1598,3170056
S3,train,US,last,hospital,1596,3170056
S3,train,US,last,properties,1581,3170056
S3,train,US,last,pediatrics,1576,3170056
S3,train,US,last,endocrinology,1560,3170056
S3,train,US,last,nails,1537,3170056
S3,train,US,last,córp,1534,3170056
S3,train,US,last,gróup,1520,3170056
S3,train,US,last,pilates,1509,3170056
S3,train,US,last,bistro,1500,3170056
S3,train,US,last,all,1495,3170056
S3,train,US,last,technology,1487,3170056
S3,train,US,last,body,1483,3170056
S3,train,US,last,family,1483,3170056
S3,train,US,last,iii,1405,3170056
S3,train,US,last,store,1359,3170056
S3,train,US,last,pártners,1339,3170056
S3,train,US,last,authority,1327,3170056
S3,train,US,last,commission,1323,3170056
S3,train,US,last,district,1319,3170056
S3,train,US,last,cleaning,1318,3170056
S3,train,US,last,city,1310,3170056
S3,train,US,last,auto,1304,3170056
S3,train,US,last,board,1302,3170056
S3,train,US,last,creative,1286,3170056
S3,train,US,last,assets,1280,3170056
S3,train,US,last,resources,1275,3170056
S3,train,US,last,v,1261,3170056
S3,train,US,last,companies,1252,3170056
S3,train,US,last,security,1242,3170056
S3,train,US,last,mortgage,1235,3170056
S3,train,US,last,cream,1234,3170056
S3,train,US,last,sérvices,1222,3170056
S3,train,US,last,data,1221,3170056
S3,train,US,last,hospitality,1216,3170056
S3,train,US,last,iv,1215,3170056
S3,train,US,last,research,1210,3170056
S3,train,US,last,sterling,1197,3170056
S3,train,US,last,engineering,1196,3170056
S3,train,US,last,development,1194,3170056
S3,train,US,last,freight,1193,3170056
S3,train,US,last,analytics,1188,3170056
S3,train,US,last,media,1182,3170056
S3,train,US,last,financial,1176,3170056
S3,train,US,last,electronics,1160,3170056
S3,train,US,last,smith,1160,3170056
S3,train,US,last,supply,1156,3170056
S3,train,US,last,green,1155,3170056
S3,train,US,last,regional,1155,3170056
S3,train,US,last,energy,1153,3170056
S3,train,US,last,apex,1151,3170056
S3,train,US,last,heritage,1151,3170056
S3,train,US,last,logistics,1150,3170056
S3,train,US,last,vi,1145,3170056
S3,train,US,last,chemical,1143,3170056
S3,train,US,last,star,1137,3170056
S3,train,US,last,insurance,1133,3170056
S3,train,US,last,pinnacle,1131,3170056
S3,train,US,last,first,1129,3170056
S3,train,US,last,transport,1128,3170056
S3,train,US,last,software,1127,3170056
S3,train,US,last,state,1124,3170056
S3,train,US,last,wellness,1115,3170056
S3,train,US,last,interests,1107,3170056
S3,train,US,last,llp,1104,3170056
S3,train,US,last,construction,1103,3170056
S3,train,US,last,wireless,1097,3170056
S3,train,US,last,retail,1095,3170056
S3,train,US,last,ii,1094,3170056
S3,train,US,last,keystone,1079,3170056
S3,train,US,last,ridge,1076,3170056
S3,train,US,last,horizon,1074,3170056
S3,train,US,last,federal,1070,3170056
S3,train,US,last,american,1068,3170056
S3,train,US,last,golden,1068,3170056
S3,train,US,last,safe,1067,3170056
S3,train,US,last,office,1066,3170056
S3,train,US,last,empire,1065,3170056
S3,train,US,last,liberty,1062,3170056
S3,train,US,last,clean,1056,3170056
S3,train,US,last,premier,1055,3170056
S3,train,US,last,silver,1053,3170056
S3,train,US,last,local,1049,3170056
S3,train,US,last,pacific,1048,3170056
S3,train,US,last,ássociates,1045,3170056
S3,train,US,last,chiropractic,1044,3170056
S3,train,US,last,prime,1043,3170056
S3,train,US,last,united,1043,3170056
S3,train,US,last,integrated,1040,3170056
S3,train,US,last,best,1034,3170056
S3,train,US,last,fitness,1033,3170056
S3,train,US,last,quality,1031,3170056
S3,train,US,last,blue,1029,3170056
S3,train,US,last,patriot,1029,3170056
S3,train,US,last,express,1025,3170056
S3,train,US,last,bright,1023,3170056
S3,train,US,last,atlantic,1022,3170056
S3,train,US,last,education,1019,3170056
S3,train,US,last,innovative,1018,3170056
S3,train,US,last,choice,1017,3170056
S3,train,US,last,better,1009,3170056
S3,train,US,last,mountain,1006,3170056
S3,train,US,last,preferred,1006,3170056
S3,train,US,last,national,1004,3170056
S3,train,US,last,strategic,1000,3170056
S3,train,US,last,dynamic,997,3170056
S3,train,US,last,select,992,3170056
S3,train,US,last,platinum,988,3170056
S3,train,US,last,smart,985,3170056
S3,train,US,last,precision,984,3170056
S3,train,US,last,rocky,982,3170056
S3,train,US,last,spa,981,3170056
S3,train,US,last,total,979,3170056
S3,train,US,last,pioneer,975,3170056
S3,train,US,last,great,974,3170056
S3,train,US,last,c0m,972,3170056
S3,train,US,last,foods,970,3170056
S3,train,US,last,direct,965,3170056
S3,train,US,last,elite,955,3170056
S3,train,US,last,superior,955,3170056
S3,train,US,last,royal,948,3170056
S3,train,US,last,israel,946,3170056
S3,train,US,last,value,945,3170056
S3,train,US,last,advanced,936,3170056
S3,train,US,last,farms,928,3170056
S3,train,US,last,equity,922,3170056
S3,train,US,last,electric,917,3170056
S3,train,US,last,lending,912,3170056
S3,train,US,last,design,908,3170056
S3,train,US,last,charter,905,3170056
S3,train,US,last,motors,901,3170056
S3,train,US,last,apparel,895,3170056
S3,train,US,last,sciences,893,3170056
S3,train,US,last,cascade,890,3170056
S3,train,US,last,fashion,887,3170056
S3,train,US,last,cargo,883,3170056
S3,train,US,last,entertainment,881,3170056
S3,train,US,last,environmental,880,3170056
S3,train,US,last,marketing,880,3170056
S3,train,US,last,restaurant,875,3170056
S3,train,US,last,diagnostics,872,3170056
S3,train,US,last,manufacturing,870,3170056
S3,train,US,last,healthcare,867,3170056
S3,train,US,last,automotive,862,3170056
S3,train,US,last,communications,862,3170056
S3,train,US,last,cornerstone,859,3170056
S3,train,US,last,johnson,858,3170056
S3,train,US,last,printing,853,3170056
S3,train,US,last,street,844,3170056
S3,train,US,last,vanguard,844,3170056
S3,train,US,last,anchor,841,3170056
S3,train,US,last,wholesale,829,3170056
S3,train,US,last,consulting,822,3170056
S3,train,US,last,glass,822,3170056
S3,train,US,last,williams,814,3170056
S3,train,US,last,affairs,813,3170056
S3,train,US,last,petroleum,811,3170056
S3,train,US,last,staffing,809,3170056
S3,train,US,last,beacon,805,3170056
S3,train,US,last,biotech,796,3170056
S3,train,US,last,bay,794,3170056
S3,train,US,last,tax,791,3170056
S3,train,US,last,cáre,788,3170056
S3,train,US,last,pharmaceuticals,780,3170056
S3,train,US,last,5ervices,779,3170056
S3,train,US,last,clínic,776,3170056
S3,train,US,last,peak,772,3170056
S3,train,US,last,community,770,3170056
S3,train,US,last,transportation,768,3170056
S3,train,US,last,complete,763,3170056
S3,train,US,last,diamond,761,3170056
S3,train,US,last,ace,759,3170056
S3,train,US,last,desert,756,3170056
S3,train,US,last,learning,756,3170056
S3,train,US,last,allied,754,3170056
S3,train,US,last,zion,747,3170056
S3,train,US,last,custom,745,3170056
S3,train,US,last,property,742,3170056
S3,train,US,last,hair,741,3170056
S3,train,US,last,delta,739,3170056
S3,train,US,last,clear,737,3170056
S3,train,US,last,unified,737,3170056
S3,train,US,last,apartments,736,3170056
S3,train,US,last,brown,736,3170056
S3,train,US,last,classic,736,3170056
S3,train,US,last,grand,735,3170056
S3,train,US,last,metropolitan,735,3170056
S3,train,US,last,housing,733,3170056
S3,train,US,last,reliable,732,3170056
S3,train,US,last,córporation,729,3170056
S3,train,US,last,dentistry,722,3170056
S3,train,US,last,heartland,720,3170056
S3,train,US,last,supreme,718,3170056
S3,train,US,last,certified,717,3170056
S3,train,US,last,continental,717,3170056
S3,train,US,last,modern,715,3170056
S3,train,US,last,crystal,714,3170056
S3,train,US,last,jones,714,3170056
S3,train,US,last,midwest,713,3170056
S3,train,US,last,trusted,713,3170056
S3,train,US,last,legacy,712,3170056
S3,train,US,last,optimal,709,3170056
S3,train,US,last,prairie,708,3170056
S3,train,US,last,interstate,703,3170056
S3,train,US,last,frontier,701,3170056
S3,train,US,last,towing,700,3170056
S3,train,US,last,rapid,699,3170056
S3,train,US,last,signature,699,3170056
S3,train,US,last,colonial,697,3170056
S3,train,US,last,gulf,694,3170056
S3,train,US,last,chapel,691,3170056
S3,train,US,last,fresh,690,3170056
S3,train,US,last,homecare,689,3170056
S3,train,US,last,county,687,3170056
S3,train,US,last,appliance,684,3170056
S3,train,US,last,có,682,3170056
S3,train,US,last,vision,674,3170056
S3,train,US,last,holding,673,3170056
S3,train,US,last,piedmont,673,3170056
S3,train,US,last,consumer,671,3170056
S3,train,US,last,secure,668,3170056
S3,train,US,last,animal,661,3170056
S3,train,US,last,infrastructure,646,3170056
S3,train,US,last,asset,645,3170056
S3,train,US,last,sérvice,642,3170056
S3,train,US,last,emanuel,637,3170056
S3,train,US,last,finance,633,3170056
S3,train,US,last,detailing,632,3170056
S3,train,US,last,home,625,3170056
S3,train,US,last,graphics,622,3170056
S3,train,US,last,painting,621,3170056
S3,train,US,last,defense,620,3170056
S3,train,US,last,roofing,614,3170056
S3,train,US,last,cathedral,612,3170056
S3,train,US,last,landscaping,612,3170056
S3,train,US,last,couriers,610,3170056
S3,train,US,last,intelligence,610,3170056
S3,train,US,last,synagogue,610,3170056
S3,train,US,last,grading,606,3170056
S3,train,US,last,payment,604,3170056
S3,train,US,last,architecture,598,3170056
S3,train,US,last,commercial,596,3170056
S3,train,US,last,technical,596,3170056
S3,train,US,last,salon,594,3170056
S3,train,US,last,catering,592,3170056
S3,train,US,last,book,591,3170056
S3,train,US,last,advertising,590,3170056
S3,train,US,last,contracting,586,3170056
S3,train,US,last,aerospace,585,3170056
S3,train,US,last,physical,585,3170056
S3,train,US,last,boutique,584,3170056
S3,train,US,last,semiconductor,584,3170056
S3,train,US,last,jewelers,583,3170056
S3,train,US,last,marine,582,3170056
S3,train,US,last,cosmetics,580,3170056
S3,train,US,last,produce,579,3170056
S3,train,US,last,hill,577,3170056
S3,train,US,last,agricultural,576,3170056
S3,train,US,last,telecom,576,3170056
S3,train,US,last,interiors,575,3170056
S3,train,US,last,maintenance,575,3170056
S3,train,US,last,brewing,574,3170056
S3,train,US,last,cloud,574,3170056
S3,train,US,last,distribution,574,3170056
S3,train,US,last,mobility,574,3170056
S3,train,US,last,business,570,3170056
S3,train,US,last,veterinary,570,3170056
S3,train,US,last,industrial,569,3170056
S3,train,US,last,meridian,568,3170056
S3,train,US,last,signs,567,3170056
S3,train,US,last,jackson,566,3170056
S3,train,US,last,packaging,566,3170056
S3,train,US,last,robotics,565,3170056
S3,train,US,last,montessori,563,3170056
S3,train,US,last,liquor,562,3170056
S3,train,US,last,brokerage,561,3170056
S3,train,US,last,publishing,560,3170056
S3,train,US,last,excavation,555,3170056
S3,train,US,last,accounting,554,3170056
S3,train,US,last,biomedical,554,3170056
S3,train,US,last,advisory,553,3170056
S3,train,US,last,agriculture,553,3170056
S3,train,US,last,investment,553,3170056
S3,train,US,last,recruiting,553,3170056
S3,train,US,last,pediatric,549,3170056
S3,train,US,last,materials,548,3170056
S3,train,US,last,preparatory,548,3170056
S3,train,US,last,ankle,547,3170056
S3,train,US,last,limited,546,3170056
S3,train,US,last,wealth,545,3170056
S3,train,US,last,productions,544,3170056
S3,train,US,last,couture,541,3170056
S3,train,US,last,electrical,541,3170056
S3,train,US,last,fisheries,540,3170056
S3,train,US,last,textiles,539,3170056
S3,train,US,last,bike,538,3170056
S3,train,US,last,ice,534,3170056
S3,train,US,last,plumbing,528,3170056
S3,train,US,last,white,508,3170056
S3,train,US,last,improvements,502,3170056
S3,train,US,last,point,502,3170056
S3,train,US,last,hall,494,3170056
S3,train,US,last,throat,494,3170056
S3,train,US,last,it,491,3170056
S3,train,US,last,installation,490,3170056
S3,train,US,last,martin,489,3170056
S3,train,US,last,repair,488,3170056
S3,train,US,last,centre,482,3170056
S3,train,US,last,edge,478,3170056
S3,train,US,last,life,478,3170056
S3,train,US,last,lane,477,3170056
S3,train,US,last,one,474,3170056
S3,train,US,last,king,473,3170056
S3,train,US,last,titan,473,3170056
S3,train,US,last,sales,472,3170056
S3,train,US,last,aspen,470,3170056
S3,train,US,last,metal,470,3170056
S3,train,US,last,surgical,468,3170056
S3,train,US,last,chicago,467,3170056
S3,train,US,last,ave,465,3170056
S3,train,US,last,lake,462,3170056
S3,train,US,last,park,459,3170056
S3,train,US,last,recreation,449,3170056
S3,train,US,last,vehicles,449,3170056
S3,train,US,last,dent,443,3170056
S3,train,US,last,iron,439,3170056
S3,train,US,last,granite,435,3170056
S3,train,US,last,drive,434,3170056
S3,train,US,last,compass,427,3170056
S3,train,US,last,redwood,423,3170056
S3,train,US,last,alley,422,3170056
S3,train,US,last,oncology,419,3170056
S3,train,US,last,motor,418,3170056
S3,train,US,last,rogers,415,3170056
S3,train,US,last,orion,414,3170056
S3,train,US,last,héalth,413,3170056
S3,train,US,last,morgan,413,3170056
S3,train,US,last,nova,412,3170056
S3,train,US,last,willow,409,3170056
S3,train,US,last,osprey,406,3170056
S3,train,US,last,eye,401,3170056
S3,train,US,last,hóldings,401,3170056
S3,train,US,last,aurora,398,3170056
S3,train,US,last,on,398,3170056
S3,train,US,last,atlas,396,3170056
S3,train,US,last,phoenix,393,3170056
S3,train,US,last,hamilton,392,3170056
S3,train,US,last,miller,390,3170056
S3,train,US,last,owl,389,3170056
S3,train,US,last,you,389,3170056
S3,train,US,last,village,388,3170056
S3,train,US,last,urban,386,3170056
S3,train,US,last,davis,385,3170056
S3,train,US,last,baptist,384,3170056
S3,train,US,last,myers,384,3170056
S3,train,US,last,columbus,383,3170056
S3,train,US,last,ethereum,381,3170056
S3,train,US,last,aging,378,3170056
S3,train,US,last,arts,378,3170056
S3,train,US,last,médicine,378,3170056
S3,train,US,last,third,378,3170056
S3,train,US,last,garcia,377,3170056
S3,train,US,last,wells,374,3170056
S3,train,US,last,5ervice,373,3170056
S3,train,US,last,sanitation,373,3170056
S3,train,US,last,block,372,3170056
S3,train,US,last,xrp,372,3170056
S3,train,US,last,owners,371,3170056
S3,train,US,last,james,370,3170056
S3,train,US,last,brc,367,3170056
S3,train,US,last,l1c,365,3170056
S3,train,US,last,public,365,3170056
S3,train,US,last,zeo,365,3170056
S3,train,US,last,buildings,364,3170056
S3,train,US,last,air,363,3170056
S3,train,US,last,douglas,362,3170056
S3,train,US,last,lincoln,362,3170056
S3,train,US,last,protection,362,3170056
S3,train,US,last,return,362,3170056
S3,train,US,last,boral,361,3170056
S3,train,US,last,marshall,361,3170056
S3,train,US,last,ford,360,3170056
S3,train,US,last,trg,359,3170056
S3,train,US,last,era,357,3170056
S3,train,US,last,trúst,357,3170056
S3,train,US,last,hills,356,3170056
S3,train,US,last,hudson,356,3170056
S3,train,US,last,gen,355,3170056
S3,train,US,last,gss,355,3170056
S3,train,US,last,northern,354,3170056
S3,train,US,last,western,354,3170056
S3,train,US,last,boston,353,3170056
S3,train,US,last,chs,353,3170056
S3,train,US,last,cambridge,352,3170056
S3,train,US,last,fox,352,3170056
S3,train,US,last,madison,352,3170056
S3,train,US,last,keycorp,350,3170056
S3,train,US,last,qdro,350,3170056
S3,train,US,last,rate,350,3170056
S3,train,US,last,rmg,350,3170056
S3,train,US,last,rock,350,3170056
S3,train,US,last,spring,350,3170056
S3,train,US,last,yhn,350,3170056
S3,train,US,last,cea,349,3170056
S3,train,US,last,scuti,349,3170056
S3,train,US,last,big,347,3170056
S3,train,US,last,copley,347,3170056
S3,train,US,last,end,347,3170056
S3,train,US,last,red,347,3170056
S3,train,US,last,duke,346,3170056
S3,train,US,last,hotels,346,3170056
S3,train,US,last,purecycle,345,3170056
S3,train,US,last,brookfield,344,3170056
S3,train,US,last,franklin,344,3170056
S3,train,US,last,martinez,344,3170056
S3,train,US,last,building,343,3170056
S3,train,US,last,cal,343,3170056
S3,train,US,last,long,343,3170056
S3,train,US,last,science,343,3170056
S3,train,US,last,snow,343,3170056
S3,train,US,last,world,343,3170056
S3,train,US,last,airlines,342,3170056
S3,train,US,last,net,342,3170056
S3,train,US,last,wheeler,342,3170056
S3,train,US,last,bny,341,3170056
S3,train,US,last,daedalus,341,3170056
S3,train,US,last,oaktree,341,3170056
S3,train,US,last,trinity,340,3170056
S3,train,US,last,welfare,340,3170056
S3,train,US,last,bsp,339,3170056
S3,train,US,last,concord,339,3170056
S3,train,US,last,rio,339,3170056
S3,train,US,last,associated,338,3170056
S3,train,US,last,rights,338,3170056
S3,train,US,last,grupo,337,3170056
S3,train,US,last,tech,337,3170056
S3,train,US,last,truist,337,3170056
S3,train,US,last,atlanta,336,3170056
S3,train,US,last,btc,336,3170056
S3,train,US,last,elm,336,3170056
S3,train,US,last,wen,336,3170056
S3,train,US,last,canada,335,3170056
S3,train,US,last,hancock,335,3170056
S3,train,US,last,system,335,3170056
S3,train,US,last,fusion,334,3170056
S3,train,US,last,sprott,334,3170056
S3,train,US,last,for,333,3170056
S3,train,US,last,hernandez,333,3170056
S3,train,US,last,starlink,333,3170056
S3,train,US,last,cohen,332,3170056
S3,train,US,last,edp,332,3170056
S3,train,US,last,multimedia,332,3170056
S3,train,US,last,nasdaq,332,3170056
S3,train,US,last,chúrch,331,3170056
S3,train,US,last,gsr,331,3170056
S3,train,US,last,hawk,331,3170056
S3,train,US,last,newbury,331,3170056
S3,train,US,last,nexus,331,3170056
S3,train,US,last,nmp,331,3170056
S3,train,US,last,spire,331,3170056
S3,train,US,last,allstate,330,3170056
S3,train,US,last,fields,330,3170056
S3,train,US,last,fifth,330,3170056
S3,train,US,last,lionheart,330,3170056
S3,train,US,last,melar,330,3170056
S3,train,US,last,merger,330,3170056
S3,train,US,last,ngl,330,3170056
S3,train,US,last,oyster,330,3170056
S3,train,US,last,paceline,330,3170056
S3,train,US,last,shreya,330,3170056
S3,train,US,last,spruce,330,3170056
S3,train,US,last,boa,329,3170056
S3,train,US,last,credit,329,3170056
S3,train,US,last,figx,329,3170056
S3,train,US,last,light,329,3170056
S3,train,US,last,processing,329,3170056
S3,train,US,last,arc,328,3170056
S3,train,US,last,mobile,328,3170056
S3,train,US,last,river,328,3170056
S3,train,US,last,seneca,328,3170056
S3,train,US,last,stardust,328,3170056
S3,train,US,last,babcock,327,3170056
S3,train,US,last,oak,327,3170056
S3,train,US,last,rithm,327,3170056
S3,train,US,last,seas,327,3170056
S3,train,US,last,suma,327,3170056
S3,train,US,last,tpg,327,3170056
S3,train,US,last,xii,327,3170056
S3,train,US,last,ássociation,327,3170056
S3,train,US,last,braves,326,3170056
S3,train,US,last,crane,326,3170056
S3,train,US,last,photonics,326,3170056
S3,train,US,last,renewable,326,3170056
S3,train,US,last,galaxy,325,3170056
S3,train,US,last,imaging,325,3170056
S3,train,US,last,lng,325,3170056
S3,train,US,last,mercator,325,3170056
S3,train,US,last,vance,325,3170056
S3,train,US,last,championsgate,324,3170056
S3,train,US,last,dpc,324,3170056
S3,train,US,last,galaxyedge,324,3170056
S3,train,US,last,oceanhawk,324,3170056
S3,train,US,last,quartzsea,324,3170056
S3,train,US,last,york,324,3170056
S3,train,US,last,americas,323,3170056
S3,train,US,last,banc,323,3170056
S3,train,US,last,can,323,3170056
S3,train,US,last,factory,323,3170056
S3,train,US,last,reserve,323,3170056
S3,train,US,last,tree,323,3170056
S3,train,US,last,viking,323,3170056
S3,train,US,last,alussa,322,3170056
S3,train,US,last,flaherty,322,3170056
S3,train,US,last,lafayette,322,3170056
S3,train,US,last,legato,322,3170056
S3,train,US,last,line,322,3170056
S3,train,US,last,ses,322,3170056
S3,train,US,last,two,322,3170056
S3,train,US,last,adr,321,3170056
S3,train,US,last,assistance,321,3170056
S3,train,US,last,growth,321,3170056
S3,train,US,last,hcm,321,3170056
S3,train,US,last,japan,321,3170056
S3,train,US,last,live,321,3170056
S3,train,US,last,pharmaceutical,321,3170056
S3,train,US,last,travel,321,3170056
S3,train,US,last,cross,320,3170056
S3,train,US,last,iheartmedia,320,3170056
S3,train,US,last,markets,320,3170056
S3,train,US,last,micro,320,3170056
S3,train,US,last,pono,320,3170056
S3,train,US,last,proem,320,3170056
S3,train,US,last,square,320,3170056
S3,train,US,last,staked,320,3170056
S3,train,US,last,stone,320,3170056
S3,train,US,last,templeton,320,3170056
S3,train,US,last,ampercap,319,3170056
S3,train,US,last,automobile,319,3170056
S3,train,US,last,bio,319,3170056
S3,train,US,last,eaton,319,3170056
S3,train,US,last,oriental,319,3170056
S3,train,US,last,tailwind,319,3170056
S3,train,US,last,athena,318,3170056
S3,train,US,last,bread,318,3170056
S3,train,US,last,imperial,318,3170056
S3,train,US,last,mustang,318,3170056
S3,train,US,last,otg,318,3170056
S3,train,US,last,rail,318,3170056
S3,train,US,last,starling,318,3170056
S3,train,US,last,álliance,318,3170056
S3,train,US,last,bnb,317,3170056
S3,train,US,last,colombier,317,3170056
S3,train,US,last,evolution,317,3170056
S3,train,US,last,gaming,317,3170056
S3,train,US,last,lodging,317,3170056
S3,train,US,last,mfa,317,3170056
S3,train,US,last,quasaredge,317,3170056
S3,train,US,last,drugs,316,3170056
S3,train,US,last,fúnd,316,3170056
S3,train,US,last,roman,316,3170056
S3,train,US,last,steers,316,3170056
S3,train,US,last,term,316,3170056
S3,train,US,last,irenic,315,3170056
S3,train,US,last,ready,315,3170056
S3,train,US,last,southern,315,3170056
S3,train,US,last,axiom,314,3170056
S3,train,US,last,cap,314,3170056
S3,train,US,last,commerce,314,3170056
S3,train,US,last,crumrine,314,3170056
S3,train,US,last,states,314,3170056
S3,train,US,last,view,314,3170056
S3,train,US,last,westin,314,3170056
S3,train,US,last,amc,313,3170056
S3,train,US,last,bitcoin,313,3170056
S3,train,US,last,hartford,313,3170056
S3,train,US,last,silverbox,313,3170056
S3,train,US,last,bioworks,312,3170056
S3,train,US,last,black,312,3170056
S3,train,US,last,bridge,312,3170056
S3,train,US,last,cms,312,3170056
S3,train,US,last,columbia,312,3170056
S3,train,US,last,deutsche,312,3170056
S3,train,US,last,immunopharma,312,3170056
S3,train,US,last,neurosciences,312,3170056
S3,train,US,last,pbc,312,3170056
S3,train,US,last,perfect,312,3170056
S3,train,US,last,spécialists,312,3170056
S3,train,US,last,stanley,312,3170056
S3,train,US,last,builders,311,3170056
S3,train,US,last,capstone,311,3170056
S3,train,US,last,carlyle,311,3170056
S3,train,US,last,cdt,311,3170056
S3,train,US,last,china,311,3170056
S3,train,US,last,flagstar,311,3170056
S3,train,US,last,ingredients,311,3170056
S3,train,US,last,labor,311,3170056
S3,train,US,last,lifesciences,311,3170056
S3,train,US,last,mozayyx,311,3170056
S3,train,US,last,rodriguez,311,3170056
S3,train,US,last,runway,311,3170056
S3,train,US,last,webster,311,3170056
S3,train,US,last,amplify,310,3170056
S3,train,US,last,asa,310,3170056
S3,train,US,last,crown,310,3170056
S3,train,US,last,currencyshares,310,3170056
S3,train,US,last,egh,310,3170056
S3,train,US,last,harmony,310,3170056
S3,train,US,last,pro,310,3170056
S3,train,US,last,short,310,3170056
S3,train,US,last,synchrony,310,3170056
S3,train,US,last,ubs,310,3170056
S3,train,US,last,canary,309,3170056
S3,train,US,last,cherry,309,3170056
S3,train,US,last,consolidated,309,3170056
S3,train,US,last,kimco,309,3170056
S3,train,US,last,republic,309,3170056
S3,train,US,last,stores,309,3170056
S3,train,US,last,triumph,309,3170056
S3,train,US,last,vehicle,309,3170056
S3,train,US,last,biotechnologies,308,3170056
S3,train,US,last,indonesia,308,3170056
S3,train,US,last,innovation,308,3170056
S3,train,US,last,market,308,3170056
S3,train,US,last,molecular,308,3170056
S3,train,US,last,muniholdings,308,3170056
S3,train,US,last,royalty,308,3170056
S3,train,US,last,rush,308,3170056
S3,train,US,last,saratoga,308,3170056
S3,train,US,last,acp,307,3170056
S3,train,US,last,alchemy,307,3170056
S3,train,US,last,burtech,307,3170056
S3,train,US,last,encore,307,3170056
S3,train,US,last,high,307,3170056
S3,train,US,last,physícians,307,3170056
S3,train,US,last,quantumsphere,307,3170056
S3,train,US,last,robinhood,307,3170056
S3,train,US,last,sony,307,3170056
S3,train,US,last,source,307,3170056
S3,train,US,last,tavia,307,3170056
S3,train,US,last,verde,307,3170056
S3,train,US,last,abony,306,3170056
S3,train,US,last,aeon,306,3170056
S3,train,US,last,blackstone,306,3170056
S3,train,US,last,cayson,306,3170056
S3,train,US,last,hovnanian,306,3170056
S3,train,US,last,midstream,306,3170056
S3,train,US,last,pmv,306,3170056
S3,train,US,last,rexford,306,3170056
S3,train,US,last,solid,306,3170056
S3,train,US,last,sun,306,3170056
S3,train,US,last,agnc,305,3170056
S3,train,US,last,angel,305,3170056
S3,train,US,last,chiron,305,3170056
S3,train,US,last,homes,305,3170056
S3,train,US,last,tower,305,3170056
S3,train,US,last,tungsten,305,3170056
S3,train,US,last,abrdn,304,3170056
S3,train,US,last,blackrock,304,3170056
S3,train,US,last,computing,304,3170056
S3,train,US,last,energia,304,3170056
S3,train,US,last,floating,304,3170056
S3,train,US,last,féllowship,304,3170056
S3,train,US,last,good,304,3170056
S3,train,US,last,lithium,304,3170056
S3,train,US,last,mae,304,3170056
S3,train,US,last,montreal,304,3170056
S3,train,US,last,oyj,304,3170056
S3,train,US,last,parts,304,3170056
S3,train,US,last,pennantpark,304,3170056
S3,train,US,last,sea,304,3170056
S3,train,US,last,aura,303,3170056
S3,train,US,last,automation,303,3170056
S3,train,US,last,coinshares,303,3170056
S3,train,US,last,element,303,3170056
S3,train,US,last,emerging,303,3170056
S3,train,US,last,internet,303,3170056
S3,train,US,last,karman,303,3170056
S3,train,US,last,montage,303,3170056
S3,train,US,last,principal,303,3170056
S3,train,US,last,soulpower,303,3170056
S3,train,US,last,staking,303,3170056
S3,train,US,last,steel,303,3170056
S3,train,US,last,acres,302,3170056
S3,train,US,last,chase,302,3170056
S3,train,US,last,comstock,302,3170056
S3,train,US,last,eastern,302,3170056
S3,train,US,last,futurewave,302,3170056
S3,train,US,last,hub,302,3170056
S3,train,US,last,idea,302,3170056
S3,train,US,last,impact,302,3170056
S3,train,US,last,merchants,302,3170056
S3,train,US,last,mínistries,302,3170056
S3,train,US,last,ramaco,302,3170056
S3,train,US,last,sab,302,3170056
S3,train,US,last,social,302,3170056
S3,train,US,last,acquisition,301,3170056
S3,train,US,last,alternative,301,3170056
S3,train,US,last,ashford,301,3170056
S3,train,US,last,athene,301,3170056
S3,train,US,last,cantor,301,3170056
S3,train,US,last,futurecrest,301,3170056
S3,train,US,last,liquidity,301,3170056
S3,train,US,last,paloma,301,3170056
S3,train,US,last,pan,301,3170056
S3,train,US,last,power,301,3170056
S3,train,US,last,quest,301,3170056
S3,train,US,last,rice,301,3170056
S3,train,US,last,rre,301,3170056
S3,train,US,last,taxable,301,3170056
S3,train,US,last,wave,301,3170056
S3,train,US,last,fidelity,300,3170056
S3,train,US,last,harbors,300,3170056
S3,train,US,last,lease,300,3170056
S3,train,US,last,nuclear,300,3170056
S3,train,US,last,perimeter,300,3170056
S3,train,US,last,purpose,300,3170056
S3,train,US,last,schwab,300,3170056
S3,train,US,last,stock,300,3170056
S3,train,US,last,alibaba,299,3170056
S3,train,US,last,anderson,299,3170056
S3,train,US,last,calisa,299,3170056
S3,train,US,last,debt,299,3170056
S3,train,US,last,dome,299,3170056
S3,train,US,last,fortress,299,3170056
S3,train,US,last,graf,299,3170056
S3,train,US,last,kkr,299,3170056
S3,train,US,last,plains,299,3170056
S3,train,US,last,providence,299,3170056
S3,train,US,last,suisse,299,3170056
S3,train,US,last,vista,299,3170056
S3,train,US,last,water,299,3170056
S3,train,US,last,braemar,298,3170056
S3,train,US,last,carolina,298,3170056
S3,train,US,last,corporate,298,3170056
S3,train,US,last,fast,298,3170056
S3,train,US,last,fresenius,298,3170056
S3,train,US,last,jena,298,3170056
S3,train,US,last,magna,298,3170056
S3,train,US,last,pearl,298,3170056
S3,train,US,last,spade,298,3170056
S3,train,US,last,stifel,298,3170056
S3,train,US,last,airport,297,3170056
S3,train,US,last,bancshares,297,3170056
S3,train,US,last,biotherapeutics,297,3170056
S3,train,US,last,cyber,297,3170056
S3,train,US,last,edison,297,3170056
S3,train,US,last,etf,297,3170056
S3,train,US,last,focus,297,3170056
S3,train,US,last,galata,297,3170056
S3,train,US,last,illinois,297,3170056
S3,train,US,last,ligand,297,3170056
S3,train,US,last,offshore,297,3170056
S3,train,US,last,plum,297,3170056
S3,train,US,last,sunshine,297,3170056
S3,train,US,last,xsolla,297,3170056
S3,train,US,last,apollo,296,3170056
S3,train,US,last,argentina,296,3170056
S3,train,US,last,armour,296,3170056
S3,train,US,last,asia,296,3170056
S3,train,US,last,blockchain,296,3170056
S3,train,US,last,chile,296,3170056
S3,train,US,last,genetics,296,3170056
S3,train,US,last,hawaii,296,3170056
S3,train,US,last,huntington,296,3170056
S3,train,US,last,index,296,3170056
S3,train,US,last,industrials,296,3170056
S3,train,US,last,intelligent,296,3170056
S3,train,US,last,jaws,296,3170056
S3,train,US,last,ocean,296,3170056
S3,train,US,last,prudential,296,3170056
S3,train,US,last,twin,296,3170056
S3,train,US,last,usa,296,3170056
S3,train,US,last,beyond,295,3170056
S3,train,US,last,commodity,295,3170056
S3,train,US,last,costamare,295,3170056
S3,train,US,last,crest,295,3170056
S3,train,US,last,four,295,3170056
S3,train,US,last,gas,295,3170056
S3,train,US,last,opportunity,295,3170056
S3,train,US,last,renatus,295,3170056
S3,train,US,last,sanayi,295,3170056
S3,train,US,last,santander,295,3170056
S3,train,US,last,sierra,295,3170056
S3,train,US,last,activate,294,3170056
S3,train,US,last,cable,294,3170056
S3,train,US,last,cion,294,3170056
S3,train,US,last,dividend,294,3170056
S3,train,US,last,enterprise,294,3170056
S3,train,US,last,fargo,294,3170056
S3,train,US,last,lab,294,3170056
S3,train,US,last,latin,294,3170056
S3,train,US,last,old,294,3170056
S3,train,US,last,resolution,294,3170056
S3,train,US,last,sumitomo,294,3170056
S3,train,US,last,tokyo,294,3170056
S3,train,US,last,ultra,294,3170056
S3,train,US,last,antimony,293,3170056
S3,train,US,last,applied,293,3170056
S3,train,US,last,arch,293,3170056
S3,train,US,last,box,293,3170056
S3,train,US,last,electricity,293,3170056
S3,train,US,last,fuels,293,3170056
S3,train,US,last,imperii,293,3170056
S3,train,US,last,manulife,293,3170056
S3,train,US,last,nano,293,3170056
S3,train,US,last,renewables,293,3170056
S3,train,US,last,sky,293,3170056
S3,train,US,last,aldel,292,3170056
S3,train,US,last,andretti,292,3170056
S3,train,US,last,biologics,292,3170056
S3,train,US,last,cayman,292,3170056
S3,train,US,last,globa,292,3170056
S3,train,US,last,managed,292,3170056
S3,train,US,last,monte,292,3170056
S3,train,US,last,municipals,292,3170056
S3,train,US,last,reit,292,3170056
S3,train,US,last,sim,292,3170056
S3,train,US,last,solarius,292,3170056
S3,train,US,last,soren,292,3170056
S3,train,US,last,sports,292,3170056
S3,train,US,last,allocation,291,3170056
S3,train,US,last,century,291,3170056
S3,train,US,last,defi,291,3170056
S3,train,US,last,flex,291,3170056
S3,train,US,last,foot,291,3170056
S3,train,US,last,fuse,291,3170056
S3,train,US,last,intermediate,291,3170056
S3,train,US,last,kensington,291,3170056
S3,train,US,last,medicines,291,3170056
S3,train,US,last,news,291,3170056
S3,train,US,last,omega,291,3170056
S3,train,US,last,polska,291,3170056
S3,train,US,last,popular,291,3170056
S3,train,US,last,shanghai,291,3170056
S3,train,US,last,spdr,291,3170056
S3,train,US,last,tankers,291,3170056
S3,train,US,last,therapies,291,3170056
S3,train,US,last,viii,291,3170056
S3,train,US,last,vornado,291,3170056
S3,train,US,last,catalyst,290,3170056
S3,train,US,last,churchill,290,3170056
S3,train,US,last,citizens,290,3170056
S3,train,US,last,enbridge,290,3170056
S3,train,US,last,equipment,290,3170056
S3,train,US,last,infinite,290,3170056
S3,train,US,last,metals,290,3170056
S3,train,US,last,rockwool,290,3170056
S3,train,US,last,sizzle,290,3170056
S3,train,US,last,tidewater,290,3170056
S3,train,US,last,transit,290,3170056
S3,train,US,last,yorkville,290,3170056
S3,train,US,last,aria,289,3170056
S3,train,US,last,breeze,289,3170056
S3,train,US,last,eco,289,3170056
S3,train,US,last,future,289,3170056
S3,train,US,last,garden,289,3170056
S3,train,US,last,lion,289,3170056
S3,train,US,last,managers,289,3170056
S3,train,US,last,microelectronics,289,3170056
S3,train,US,last,nutrition,289,3170056
S3,train,US,last,renaissancere,289,3170056
S3,train,US,last,resource,289,3170056
S3,train,US,last,sui,289,3170056
S3,train,US,last,abacus,288,3170056
S3,train,US,last,aldabra,288,3170056
S3,train,US,last,alpex,288,3170056
S3,train,US,last,apartment,288,3170056
S3,train,US,last,art,288,3170056
S3,train,US,last,berkley,288,3170056
S3,train,US,last,bold,288,3170056
S3,train,US,last,illumination,288,3170056
S3,train,US,last,money,288,3170056
S3,train,US,last,moore,288,3170056
S3,train,US,last,pegasus,288,3170056
S3,train,US,last,permian,288,3170056
S3,train,US,last,planet,288,3170056
S3,train,US,last,rising,288,3170056
S3,train,US,last,sunstone,288,3170056
S3,train,US,last,telephone,288,3170056
S3,train,US,last,token,288,3170056
S3,train,US,last,xflh,288,3170056
S3,train,US,last,bluerock,287,3170056
S3,train,US,last,connection,287,3170056
S3,train,US,last,disciplined,287,3170056
S3,train,US,last,efes,287,3170056
S3,train,US,last,horse,287,3170056
S3,train,US,last,oil,287,3170056
S3,train,US,last,pimco,287,3170056
S3,train,US,last,post,287,3170056
S3,train,US,last,praetorian,287,3170056
S3,train,US,last,restaurants,287,3170056
S3,train,US,last,securities,287,3170056
S3,train,US,last,siddhi,287,3170056
S3,train,US,last,thunder,287,3170056
S3,train,US,last,alpine,286,3170056
S3,train,US,last,broadcast,286,3170056
S3,train,US,last,clearthink,286,3170056
S3,train,US,last,information,286,3170056
S3,train,US,last,interprivate,286,3170056
S3,train,US,last,jersey,286,3170056
S3,train,US,last,lightwave,286,3170056
S3,train,US,last,oxley,286,3170056
S3,train,US,last,wisconsin,286,3170056
S3,train,US,last,aktiengesellschaft,285,3170056
S3,train,US,last,altisource,285,3170056
S3,train,US,last,bankshares,285,3170056
S3,train,US,last,c0rp,285,3170056
S3,train,US,last,dogecoin,285,3170056
S3,train,US,last,dte,285,3170056
S3,train,US,last,mitsubishi,285,3170056
S3,train,US,last,royce,285,3170056
S3,train,US,last,standard,285,3170056
S3,train,US,last,starwood,285,3170056
S3,train,US,last,vii,285,3170056
S3,train,US,last,algonquin,284,3170056
S3,train,US,last,alto,284,3170056
S3,train,US,last,arrived,284,3170056
S3,train,US,last,battery,284,3170056
S3,train,US,last,chenghe,284,3170056
S3,train,US,last,chimera,284,3170056
S3,train,US,last,developments,284,3170056
S3,train,US,last,ellington,284,3170056
S3,train,US,last,emera,284,3170056
S3,train,US,last,eqv,284,3170056
S3,train,US,last,ithax,284,3170056
S3,train,US,last,karbon,284,3170056
S3,train,US,last,ncr,284,3170056
S3,train,US,last,pharma,284,3170056
S3,train,US,last,resorts,284,3170056
S3,train,US,last,space,284,3170056
S3,train,US,last,thayer,284,3170056
S3,train,US,last,apple,283,3170056
S3,train,US,last,averin,283,3170056
S3,train,US,last,canadian,283,3170056
S3,train,US,last,forefront,283,3170056
S3,train,US,last,healthy,283,3170056
S3,train,US,last,intercontinental,283,3170056
S3,train,US,last,invest,283,3170056
S3,train,US,last,newhold,283,3170056
S3,train,US,last,optics,283,3170056
S3,train,US,last,orange,283,3170056
S3,train,US,last,quantum,283,3170056
S3,train,US,last,sachs,283,3170056
S3,train,US,last,series,283,3170056
S3,train,US,last,tsakos,283,3170056
S3,train,US,last,vertical,283,3170056
S3,train,US,last,america,282,3170056
S3,train,US,last,australian,282,3170056
S3,train,US,last,cola,282,3170056
S3,train,US,last,compania,282,3170056
S3,train,US,last,entergy,282,3170056
S3,train,US,last,inpoint,282,3170056
S3,train,US,last,lakeshore,282,3170056
S3,train,US,last,lifestyle,282,3170056
S3,train,US,last,midland,282,3170056
S3,train,US,last,mining,282,3170056
S3,train,US,last,nexera,282,3170056
S3,train,US,last,oneim,282,3170056
S3,train,US,last,pantages,282,3170056
S3,train,US,last,procap,282,3170056
S3,train,US,last,rare,282,3170056
S3,train,US,last,stellar,282,3170056
S3,train,US,last,storage,282,3170056
S3,train,US,last,voya,282,3170056
S3,train,US,last,wilco,282,3170056
S3,train,US,last,avalanche,281,3170056
S3,train,US,last,bce,281,3170056
S3,train,US,last,enhanced,281,3170056
S3,train,US,last,hologram,281,3170056
S3,train,US,last,joint,281,3170056
S3,train,US,last,kodiak,281,3170056
S3,train,US,last,muniyield,281,3170056
S3,train,US,last,pampa,281,3170056
S3,train,US,last,polestar,281,3170056
S3,train,US,last,rain,281,3170056
S3,train,US,last,real,281,3170056
S3,train,US,last,safeguard,281,3170056
S3,train,US,last,tinto,281,3170056
S3,train,US,last,altenergy,280,3170056
S3,train,US,last,bain,280,3170056
S3,train,US,last,convertible,280,3170056
S3,train,US,last,crescent,280,3170056
S3,train,US,last,digitalbridge,280,3170056
S3,train,US,last,dime,280,3170056
S3,train,US,last,minerals,280,3170056
S3,train,US,last,plus,280,3170056
S3,train,US,last,premium,280,3170056
S3,train,US,last,special,280,3170056
S3,train,US,last,strategy,280,3170056
S3,train,US,last,therapeutics,280,3170056
S3,train,US,last,archimedes,279,3170056
S3,train,US,last,armada,279,3170056
S3,train,US,last,circle,279,3170056
S3,train,US,last,citigroup,279,3170056
S3,train,US,last,constellation,279,3170056
S3,train,US,last,copper,279,3170056
S3,train,US,last,diversified,279,3170056
S3,train,US,last,furniture,279,3170056
S3,train,US,last,greenfire,279,3170056
S3,train,US,last,iris,279,3170056
S3,train,US,last,kongsberg,279,3170056
S3,train,US,last,krakacquisition,279,3170056
S3,train,US,last,mexico,279,3170056
S3,train,US,last,nétwork,279,3170056
S3,train,US,last,partnership,279,3170056
S3,train,US,last,strategies,279,3170056
S3,train,US,last,toyo,279,3170056
S3,train,US,last,waste,279,3170056
S3,train,US,last,youth,279,3170056
S3,train,US,last,aviation,278,3170056
S3,train,US,last,bleichroeder,278,3170056
S3,train,US,last,earth,278,3170056
S3,train,US,last,flag,278,3170056
S3,train,US,last,natural,278,3170056
S3,train,US,last,residential,278,3170056
S3,train,US,last,stonebridge,278,3170056
S3,train,US,last,bitwise,277,3170056
S3,train,US,last,calamos,277,3170056
S3,train,US,last,cell,277,3170056
S3,train,US,last,generating,277,3170056
S3,train,US,last,gold,277,3170056
S3,train,US,last,gravity,277,3170056
S3,train,US,last,mckinley,277,3170056
S3,train,US,last,mitsui,277,3170056
S3,train,US,last,nuveen,277,3170056
S3,train,US,last,ofs,277,3170056
S3,train,US,last,opportunities,277,3170056
S3,train,US,last,proshares,277,3170056
S3,train,US,last,taiwan,277,3170056
S3,train,US,last,treasury,277,3170056
S3,train,US,last,universal,277,3170056
S3,train,US,last,xcel,277,3170056
S3,train,US,last,ares,276,3170056
S3,train,US,last,arrow,276,3170056
S3,train,US,last,freedom,276,3170056
S3,train,US,last,gores,276,3170056
S3,train,US,last,immersion,276,3170056
S3,train,US,last,islands,276,3170056
S3,train,US,last,land,276,3170056
S3,train,US,last,launch,276,3170056
S3,train,US,last,lopez,276,3170056
S3,train,US,last,mines,276,3170056
S3,train,US,last,municipal,276,3170056
S3,train,US,last,navigation,276,3170056
S3,train,US,last,nexpoint,276,3170056
S3,train,US,last,odyssey,276,3170056
S3,train,US,last,payments,276,3170056
S3,train,US,last,pony,276,3170056
S3,train,US,last,ship,276,3170056
S3,train,US,last,sound,276,3170056
S3,train,US,last,starry,276,3170056
S3,train,US,last,sunrise,276,3170056
S3,train,US,last,target,276,3170056
S3,train,US,last,uranium,276,3170056
S3,train,US,last,cartesian,275,3170056
S3,train,US,last,charles,275,3170056
S3,train,US,last,duration,275,3170056
S3,train,US,last,hydro,275,3170056
S3,train,US,last,leapfrog,275,3170056
S3,train,US,last,next,275,3170056
S3,train,US,last,northland,275,3170056
S3,train,US,last,oxford,275,3170056
S3,train,US,last,spacsphere,275,3170056
S3,train,US,last,teucrium,275,3170056
S3,train,US,last,texas,275,3170056
S3,train,US,last,transition,275,3170056
S3,train,US,last,venture,275,3170056
S3,train,US,last,culture,274,3170056
S3,train,US,last,dave,274,3170056
S3,train,US,last,evo,274,3170056
S3,train,US,last,futurecorp,274,3170056
S3,train,US,last,loan,274,3170056
S3,train,US,last,malt,274,3170056
S3,train,US,last,nevada,274,3170056
S3,train,US,last,presidio,274,3170056
S3,train,US,last,ribbon,274,3170056
S3,train,US,last,silicon,274,3170056
S3,train,US,last,acadia,273,3170056
S3,train,US,last,affiliated,273,3170056
S3,train,US,last,australia,273,3170056
S3,train,US,last,california,273,3170056
S3,train,US,last,communities,273,3170056
S3,train,US,last,cslm,273,3170056
S3,train,US,last,eagle,273,3170056
S3,train,US,last,general,273,3170056
S3,train,US,last,launchpad,273,3170056
S3,train,US,last,plutonian,273,3170056
S3,train,US,last,solution,273,3170056
S3,train,US,last,advantage,272,3170056
S3,train,US,last,british,272,3170056
S3,train,US,last,fact,272,3170056
S3,train,US,last,fortune,272,3170056
S3,train,US,last,grade,272,3170056
S3,train,US,last,independence,272,3170056
S3,train,US,last,jpmorgan,272,3170056
S3,train,US,last,mellon,272,3170056
S3,train,US,last,mercury,272,3170056
S3,train,US,last,mid,272,3170056
S3,train,US,last,pineapple,272,3170056
S3,train,US,last,rocket,272,3170056
S3,train,US,last,vine,272,3170056
S3,train,US,last,wisekey,272,3170056
S3,train,US,last,yield,272,3170056
S3,train,US,last,allspring,271,3170056
S3,train,US,last,cadenza,271,3170056
S3,train,US,last,charlton,271,3170056
S3,train,US,last,cure,271,3170056
S3,train,US,last,cómpany,271,3170056
S3,train,US,last,dbdr,271,3170056
S3,train,US,last,devices,271,3170056
S3,train,US,last,gonzalez,271,3170056
S3,train,US,last,indigo,271,3170056
S3,train,US,last,ishares,271,3170056
S3,train,US,last,music,271,3170056
S3,train,US,last,origin,271,3170056
S3,train,US,last,priority,271,3170056
S3,train,US,last,top,271,3170056
S3,train,US,last,utility,271,3170056
S3,train,US,last,wintergreen,271,3170056
S3,train,US,last,íncorporated,271,3170056
S3,train,US,last,bdc,270,3170056
S3,train,US,last,beijing,270,3170056
S3,train,US,last,chadwick,270,3170056
S3,train,US,last,five,270,3170056
S3,train,US,last,grayscale,270,3170056
S3,train,US,last,john,270,3170056
S3,train,US,last,miluna,270,3170056
S3,train,US,last,newtekone,270,3170056
S3,train,US,last,railway,270,3170056
S3,train,US,last,resilience,270,3170056
S3,train,US,last,spark,270,3170056
S3,train,US,last,allegro,269,3170056
S3,train,US,last,alphabet,269,3170056
S3,train,US,last,bulkers,269,3170056
S3,train,US,last,energetics,269,3170056
S3,train,US,last,esports,269,3170056
S3,train,US,last,highview,269,3170056
S3,train,US,last,hyperliquid,269,3170056
S3,train,US,last,income,269,3170056
S3,train,US,last,keen,269,3170056
S3,train,US,last,maritime,269,3170056
S3,train,US,last,no,269,3170056
S3,train,US,last,blueport,268,3170056
S3,train,US,last,centurion,268,3170056
S3,train,US,last,diagnostic,268,3170056
S3,train,US,last,fuel,268,3170056
S3,train,US,last,kgaa,268,3170056
S3,train,US,last,kpet,268,3170056
S3,train,US,last,pattana,268,3170056
S3,train,US,last,portfolio,268,3170056
S3,train,US,last,sachem,268,3170056
S3,train,US,last,senior,268,3170056
S3,train,US,last,acquisitions,267,3170056
S3,train,US,last,biracilik,267,3170056
S3,train,US,last,cóuncil,267,3170056
S3,train,US,last,fortis,267,3170056
S3,train,US,last,meshflow,267,3170056
S3,train,US,last,midcap,267,3170056
S3,train,US,last,neuberger,267,3170056
S3,train,US,last,noble,267,3170056
S3,train,US,last,rothschild,267,3170056
S3,train,US,last,shipping,267,3170056
S3,train,US,last,triton,267,3170056
S3,train,US,last,aimei,266,3170056
S3,train,US,last,alpha,266,3170056
S3,train,US,last,house,266,3170056
S3,train,US,last,kogyo,266,3170056
S3,train,US,last,range,266,3170056
S3,train,US,last,spectral,266,3170056
S3,train,US,last,telecommunication,266,3170056
S3,train,US,last,utilities,266,3170056
S3,train,US,last,ínitiative,266,3170056
S3,train,US,last,bancorporation,265,3170056
S3,train,US,last,biopharma,265,3170056
S3,train,US,last,crypto,265,3170056
S3,train,US,last,enclave,265,3170056
S3,train,US,last,games,265,3170056
S3,train,US,last,lee,265,3170056
S3,train,US,last,pebblebrook,265,3170056
S3,train,US,last,twelve,265,3170056
S3,train,US,last,zhejiang,265,3170056
S3,train,US,last,banco,264,3170056
S3,train,US,last,banking,264,3170056
S3,train,US,last,broadband,264,3170056
S3,train,US,last,bumrungrad,264,3170056
S3,train,US,last,controls,264,3170056
S3,train,US,last,guggenheim,264,3170056
S3,train,US,last,nippon,264,3170056
S3,train,US,last,online,264,3170056
S3,train,US,last,opendoor,264,3170056
S3,train,US,last,regions,264,3170056
S3,train,US,last,virtus,264,3170056
S3,train,US,last,atlanticus,263,3170056
S3,train,US,last,cbre,263,3170056
S3,train,US,last,dominion,263,3170056
S3,train,US,last,european,263,3170056
S3,train,US,last,neighborhood,263,3170056
S3,train,US,last,payroll,263,3170056
S3,train,US,last,solana,263,3170056
S3,train,US,last,solar,263,3170056
S3,train,US,last,valuence,263,3170056
S3,train,US,last,allurion,262,3170056
S3,train,US,last,ameren,262,3170056
S3,train,US,last,cannabis,262,3170056
S3,train,US,last,jab,262,3170056
S3,train,US,last,living,262,3170056
S3,train,US,last,mission,262,3170056
S3,train,US,last,pyrophyte,262,3170056
S3,train,US,last,rent,262,3170056
S3,train,US,last,scientific,262,3170056
S3,train,US,last,tbk,262,3170056
S3,train,US,last,vendome,262,3170056
S3,train,US,last,aegon,261,3170056
S3,train,US,last,beverage,261,3170056
S3,train,US,last,doubleline,261,3170056
S3,train,US,last,holdco,261,3170056
S3,train,US,last,hotel,261,3170056
S3,train,US,last,lloyds,261,3170056
S3,train,US,last,nextera,261,3170056
S3,train,US,last,private,261,3170056
S3,train,US,last,prógram,261,3170056
S3,train,US,last,array,260,3170056
S3,train,US,last,brand,260,3170056
S3,train,US,last,coca,260,3170056
S3,train,US,last,diana,260,3170056
S3,train,US,last,institutions,260,3170056
S3,train,US,last,investors,260,3170056
S3,train,US,last,muzero,260,3170056
S3,train,US,last,paper,260,3170056
S3,train,US,last,peace,260,3170056
S3,train,US,last,regency,260,3170056
S3,train,US,last,thomas,260,3170056
S3,train,US,last,anadolu,259,3170056
S3,train,US,last,arbor,259,3170056
S3,train,US,last,berto,259,3170056
S3,train,US,last,dollar,259,3170056
S3,train,US,last,kochav,259,3170056
S3,train,US,last,vaneck,259,3170056
S3,train,US,last,vernal,259,3170056
S3,train,US,last,aberdeen,258,3170056
S3,train,US,last,apogee,258,3170056
S3,train,US,last,bioscience,258,3170056
S3,train,US,last,centers,258,3170056
S3,train,US,last,electronic,258,3170056
S3,train,US,last,royalties,258,3170056
S3,train,US,last,spac,258,3170056
S3,train,US,last,specialty,258,3170056
S3,train,US,last,telefonica,258,3170056
S3,train,US,last,bond,257,3170056
S3,train,US,last,estate,257,3170056
S3,train,US,last,exchange,257,3170056
S3,train,US,last,flexible,257,3170056
S3,train,US,last,food,257,3170056
S3,train,US,last,shore,257,3170056
S3,train,US,last,dragon,256,3170056
S3,train,US,last,epr,256,3170056
S3,train,US,last,eureka,256,3170056
S3,train,US,last,gabelli,256,3170056
S3,train,US,last,maywood,256,3170056
S3,train,US,last,peoples,256,3170056
S3,train,US,last,pgim,256,3170056
S3,train,US,last,platforms,256,3170056
S3,train,US,last,up,256,3170056
S3,train,US,last,bynordic,255,3170056
S3,train,US,last,clough,255,3170056
S3,train,US,last,genomic,255,3170056
S3,train,US,last,invesco,255,3170056
S3,train,US,last,onfolio,255,3170056
S3,train,US,last,southwest,255,3170056
S3,train,US,last,taylor,255,3170056
S3,train,US,last,workshop,255,3170056
S3,train,US,last,bancorp,254,3170056
S3,train,US,last,barclays,254,3170056
S3,train,US,last,brighthouse,254,3170056
S3,train,US,last,chain,254,3170056
S3,train,US,last,critical,254,3170056
S3,train,US,last,exploration,254,3170056
S3,train,US,last,generation,254,3170056
S3,train,US,last,gesher,254,3170056
S3,train,US,last,guardian,254,3170056
S3,train,US,last,inflection,254,3170056
S3,train,US,last,interactive,254,3170056
S3,train,US,last,outdoor,254,3170056
S3,train,US,last,spartacus,254,3170056
S3,train,US,last,virginia,254,3170056
S3,train,US,last,wilson,254,3170056
S3,train,US,last,annuities,253,3170056
S3,train,US,last,deep,253,3170056
S3,train,US,last,guaranty,253,3170056
S3,train,US,last,harvard,253,3170056
S3,train,US,last,made,253,3170056
S3,train,US,last,octave,253,3170056
S3,train,US,last,open,253,3170056
S3,train,US,last,beauty,252,3170056
S3,train,US,last,frequency,252,3170056
S3,train,US,last,insight,252,3170056
S3,train,US,last,pembina,252,3170056
S3,train,US,last,tge,252,3170056
S3,train,US,last,biopharmaceuticals,251,3170056
S3,train,US,last,metlife,251,3170056
S3,train,US,last,pipeline,251,3170056
S3,train,US,last,connecticut,250,3170056
S3,train,US,last,drilling,250,3170056
S3,train,US,last,farmers,250,3170056
S3,train,US,last,ftai,250,3170056
S3,train,US,last,grifols,250,3170056
S3,train,US,last,pennymac,250,3170056
S3,train,US,last,velos,250,3170056
S3,train,US,last,adamas,249,3170056
S3,train,US,last,fortunex,249,3170056
S3,train,US,last,quetta,249,3170056
S3,train,US,last,talent,249,3170056
S3,train,US,last,talon,249,3170056
S3,train,US,last,commodities,248,3170056
S3,train,US,last,newbridge,248,3170056
S3,train,US,last,fannie,247,3170056
S3,train,US,last,goldman,247,3170056
S3,train,US,last,grid,247,3170056
S3,train,US,last,navios,247,3170056
S3,train,US,last,obic,247,3170056
S3,train,US,last,rivernorth,247,3170056
S3,train,US,last,table,247,3170056
S3,train,US,last,bhav,246,3170056
S3,train,US,last,dynamix,246,3170056
S3,train,US,last,equitable,246,3170056
S3,train,US,last,giant,246,3170056
S3,train,US,last,precious,246,3170056
S3,train,US,last,textile,246,3170056
S3,train,US,last,artificial,245,3170056
S3,train,US,last,northwest,245,3170056
S3,train,US,last,safety,245,3170056
S3,train,US,last,biosciences,244,3170056
S3,train,US,last,fóundation,244,3170056
S3,train,US,last,genesis,244,3170056
S3,train,US,last,idaho,244,3170056
S3,train,US,last,machines,244,3170056
S3,train,US,last,osisko,244,3170056
S3,train,US,last,briacell,243,3170056
S3,train,US,last,cóalition,243,3170056
S3,train,US,last,hennessy,243,3170056
S3,train,US,last,lifeco,243,3170056
S3,train,US,last,super,243,3170056
S3,train,US,last,tribeca,243,3170056
S3,train,US,last,biotechnology,242,3170056
S3,train,US,last,gamco,242,3170056
S3,train,US,last,vulcan,242,3170056
S3,train,US,last,winvest,242,3170056
S3,train,US,last,léague,241,3170056
S3,train,US,last,próject,241,3170056
S3,train,US,last,sóciety,241,3170056
S3,train,US,last,trailblazer,241,3170056
S3,train,US,last,bank,240,3170056
S3,train,US,last,perez,240,3170056
S3,train,US,last,saul,240,3170056
S3,train,US,last,annaly,239,3170056
S3,train,US,last,chesapeake,239,3170056
S3,train,US,last,earths,239,3170056
S3,train,US,last,féderation,239,3170056
S3,train,US,last,translational,238,3170056
S3,train,US,last,tactical,237,3170056
S3,train,US,last,transalta,237,3170056
S3,train,US,last,greenland,236,3170056
S3,train,US,last,aspac,235,3170056
S3,train,US,last,thompson,235,3170056
S3,train,US,last,terra,234,3170056
S3,train,US,last,aluminum,233,3170056
S3,train,US,last,core,233,3170056
S3,train,US,last,dog,233,3170056
S3,train,US,last,gladstone,231,3170056
S3,train,US,last,chárities,230,3170056
S3,train,US,last,cómmittee,230,3170056
S3,train,US,last,presbyterian,229,3170056
S3,train,US,last,u,229,3170056
S3,train,US,last,ínstitute,227,3170056
S3,train,US,last,ass0ciates,226,3170056
S3,train,US,last,pelican,226,3170056
S3,train,US,last,ácademy,226,3170056
S3,train,US,last,methodist,224,3170056
S3,train,US,last,law,223,3170056
S3,train,US,last,washington,222,3170056
S3,train,US,last,alliancebernstein,219,3170056
S3,train,US,last,gúild,217,3170056
S3,train,US,last,harris,217,3170056
S3,train,US,last,ce,216,3170056
S3,train,US,last,houston,216,3170056
S3,train,US,last,arcelormittal,215,3170056
S3,train,US,last,sanchez,214,3170056
S3,train,US,last,barings,213,3170056
S3,train,US,last,lutheran,210,3170056
S3,train,US,last,catholic,207,3170056
S3,train,US,last,lynx,201,3170056
